{"type":"FeatureCollection","features":[{"type":"Feature","geometry":{"type":"Polygon","coordinates":[[[-4.76316,40.34911],[-4.77829,40.36487],[-4.77888,40.36622],[-4.77859,40.36799],[-4.76759,40.38449],[-4.76644,40.3856],[-4.76483,40.38629],[-4.71582,40.39827],[-4.702,40.39818],[-4.69946,40.39733],[-4.69788,40.39517],[-4.69677,40.38036],[-4.70777,40.36047],[-4.70908,40.35933],[-4.73268,40.34595],[-4.73581,40.34525],[-4.76316,40.34911]]]},"properties":{"issued_at":"2026-07-23T00:00:00Z","hour":0,"heading_deg":199,"speed_kmh":1.0}},{"type":"Feature","geometry":{"type":"Polygon","coordinates":[[[-4.76487,40.33997],[-4.76908,40.34166],[-4.78461,40.35854],[-4.78494,40.36191],[-4.78154,40.36956],[-4.77042,40.38615],[-4.76886,40.38758],[-4.76682,40.3886],[-4.71634,40.40096],[-4.70177,40.40089],[-4.69728,40.39947],[-4.69545,40.39783],[-4.69437,40.39547],[-4.69329,40.3799],[-4.69646,40.37244],[-4.70725,40.35327],[-4.70962,40.35115],[-4.73322,40.33777],[-4.73559,40.33684],[-4.73805,40.33654],[-4.76487,40.33997]]]},"properties":{"issued_at":"2026-07-23T00:00:00Z","hour":1,"heading_deg":199,"speed_kmh":1.0}},{"type":"Feature","geometry":{"type":"Polygon","coordinates":[[[-4.76874,40.3314],[-4.7725,40.33267],[-4.77533,40.33471],[-4.78928,40.34963],[-4.79106,40.35294],[-4.79093,40.35687],[-4.78484,40.37055],[-4.77348,40.38751],[-4.77127,40.38956],[-4.76838,40.39103],[-4.71686,40.40364],[-4.70084,40.40354],[-4.69748,40.40276],[-4.6951,40.4016],[-4.69237,40.39915],[-4.69097,40.3963],[-4.6898,40.37943],[-4.69579,40.36549],[-4.7065,40.34641],[-4.70987,40.34315],[-4.73377,40.32959],[-4.73725,40.32824],[-4.74076,40.32783],[-4.76874,40.3314]]]},"properties":{"issued_at":"2026-07-23T00:00:00Z","hour":2,"heading_deg":199,"speed_kmh":1.0}},{"type":"Feature","geometry":{"type":"Polygon","coordinates":[[[-4.7712,40.3226],[-4.7763,40.32403],[-4.78075,40.32703],[-4.7949,40.34217],[-4.79719,40.34647],[-4.79747,40.3488],[-4.79713,40.35113],[-4.78807,40.37167],[-4.77655,40.38887],[-4.77369,40.39154],[-4.76994,40.39347],[-4.71738,40.40633],[-4.70027,40.40621],[-4.69687,40.40551],[-4.6933,40.40397],[-4.68984,40.40116],[-4.6876,40.39722],[-4.68615,40.38153],[-4.68632,40.37896],[-4.69513,40.35853],[-4.70574,40.3396],[-4.70766,40.3371],[-4.70989,40.3353],[-4.73431,40.32142],[-4.73891,40.31964],[-4.74348,40.31912],[-4.7712,40.3226]]]},"properties":{"issued_at":"2026-07-23T00:00:00Z","hour":3,"heading_deg":199,"speed_kmh":1.0}},{"type":"Feature","geometry":{"type":"Polygon","coordinates":[[[-4.77512,40.31404],[-4.78067,40.31566],[-4.78366,40.3173],[-4.78617,40.31934],[-4.80148,40.33594],[-4.80341,40.34036],[-4.80365,40.34288],[-4.80323,40.34573],[-4.79149,40.37246],[-4.77886,40.39112],[-4.77611,40.39352],[-4.7715,40.3959],[-4.7179,40.40901],[-4.69969,40.40889],[-4.69561,40.40805],[-4.69112,40.4061],[-4.68694,40.40272],[-4.68515,40.40019],[-4.68414,40.39778],[-4.68262,40.3817],[-4.68283,40.3785],[-4.69431,40.3519],[-4.70514,40.33253],[-4.70754,40.32942],[-4.71029,40.32721],[-4.73486,40.31324],[-4.74057,40.31104],[-4.74619,40.31041],[-4.77512,40.31404]]]},"properties":{"issued_at":"2026-07-23T00:00:00Z","hour":4,"heading_deg":199,"speed_kmh":1.0}},{"type":"Feature","geometry":{"type":"Polygon","coordinates":[[[-4.77854,40.30539],[-4.78505,40.3073],[-4.7886,40.30924],[-4.79159,40.31166],[-4.80749,40.32903],[-4.80954,40.3339],[-4.80983,40.33695],[-4.80932,40.34034],[-4.79471,40.37357],[-4.78173,40.3927],[-4.7772,40.39637],[-4.77147,40.39886],[-4.71791,40.41175],[-4.69911,40.41157],[-4.69435,40.41058],[-4.68894,40.40824],[-4.68403,40.40427],[-4.68209,40.4016],[-4.68069,40.39835],[-4.67909,40.38186],[-4.67935,40.37803],[-4.69365,40.34495],[-4.70454,40.32546],[-4.70742,40.32173],[-4.71068,40.31912],[-4.73613,40.30467],[-4.74222,40.30244],[-4.74891,40.3017],[-4.77854,40.30539]]]},"properties":{"issued_at":"2026-07-23T00:00:00Z","hour":5,"heading_deg":199,"speed_kmh":1.0}},{"type":"Feature","geometry":{"type":"Polygon","coordinates":[[[-4.79763,40.30461],[-4.81307,40.32148],[-4.81559,40.32708],[-4.81585,40.333],[-4.81474,40.33686],[-4.79793,40.37469],[-4.78647,40.39192],[-4.78304,40.39582],[-4.77898,40.39874],[-4.77271,40.40141],[-4.71843,40.41444],[-4.70216,40.41448],[-4.69555,40.41375],[-4.6885,40.41132],[-4.68446,40.40885],[-4.6814,40.40612],[-4.67866,40.40235],[-4.67679,40.39696],[-4.67552,40.38127],[-4.67594,40.37723],[-4.69314,40.33768],[-4.70441,40.31761],[-4.7076,40.31375],[-4.71147,40.31079],[-4.73045,40.3],[-4.79159,40.3],[-4.79763,40.30461]]]},"properties":{"issued_at":"2026-07-23T00:00:00Z","hour":6,"heading_deg":199,"speed_kmh":1.0}},{"type":"Feature","geometry":{"type":"Polygon","coordinates":[[[-4.73593,40.34526],[-4.76146,40.34861],[-4.76384,40.34951],[-4.76491,40.35061],[-4.76537,40.35193],[-4.7681,40.38259],[-4.76753,40.38458],[-4.76483,40.38629],[-4.71582,40.39827],[-4.702,40.39818],[-4.69947,40.39733],[-4.69832,40.39621],[-4.69783,40.39483],[-4.69378,40.34788],[-4.6952,40.34573],[-4.69762,40.34478],[-4.73593,40.34526]]]},"properties":{"issued_at":"2026-07-23T00:30:00Z","hour":0,"heading_deg":124,"speed_kmh":1.0}},{"type":"Feature","geometry":{"type":"Polygon","coordinates":[[[-4.73002,40.3391],[-4.75612,40.34259],[-4.76576,40.34721],[-4.76781,40.34902],[-4.76888,40.35162],[-4.77162,40.38241],[-4.7709,40.38546],[-4.76877,40.38764],[-4.76606,40.38883],[-4.71634,40.40096],[-4.70062,40.40075],[-4.69835,40.40004],[-4.69081,40.39618],[-4.68861,40.39434],[-4.68746,40.39163],[-4.68335,40.34477],[-4.68399,40.34237],[-4.68577,40.34034],[-4.68842,40.33898],[-4.69172,40.33849],[-4.73002,40.3391]]]},"properties":{"issued_at":"2026-07-23T00:30:00Z","hour":1,"heading_deg":124,"speed_kmh":1.0}},{"type":"Feature","geometry":{"type":"Polygon","coordinates":[[[-4.72261,40.33281],[-4.74926,40.33628],[-4.75334,40.33755],[-4.76802,40.34512],[-4.77092,40.34772],[-4.77239,40.35131],[-4.77517,40.38248],[-4.77497,40.38453],[-4.77408,40.38665],[-4.77147,40.38942],[-4.76772,40.39125],[-4.71636,40.4037],[-4.70201,40.40362],[-4.69858,40.40311],[-4.68141,40.39459],[-4.67867,40.39216],[-4.67714,40.38879],[-4.67297,40.34077],[-4.67411,40.33739],[-4.67684,40.33459],[-4.68075,40.3328],[-4.68491,40.33226],[-4.72261,40.33281]]]},"properties":{"issued_at":"2026-07-23T00:30:00Z","hour":2,"heading_deg":124,"speed_kmh":1.0}},{"type":"Feature","geometry":{"type":"Polygon","coordinates":[[[-4.71595,40.32658],[-4.7436,40.33019],[-4.74844,40.33178],[-4.77028,40.34303],[-4.77403,40.34643],[-4.77585,40.35065],[-4.7787,40.38242],[-4.77846,40.38499],[-4.77726,40.38784],[-4.77385,40.39143],[-4.76895,40.39379],[-4.71955,40.40593],[-4.71574,40.40647],[-4.70132,40.40631],[-4.69689,40.40552],[-4.67238,40.39321],[-4.66873,40.38997],[-4.66676,40.38559],[-4.66258,40.33704],[-4.66409,40.33265],[-4.66766,40.32902],[-4.67276,40.32671],[-4.6781,40.32603],[-4.71595,40.32658]]]},"properties":{"issued_at":"2026-07-23T00:30:00Z","hour":3,"heading_deg":124,"speed_kmh":1.0}},{"type":"Feature","geometry":{"type":"Polygon","coordinates":[[[-4.70929,40.32035],[-4.73881,40.32429],[-4.74354,40.326],[-4.77255,40.34095],[-4.77714,40.34514],[-4.77858,40.34766],[-4.77937,40.35034],[-4.78224,40.38237],[-4.78194,40.38545],[-4.78044,40.38903],[-4.7786,40.39139],[-4.77623,40.39344],[-4.77019,40.39634],[-4.72062,40.40851],[-4.71537,40.40919],[-4.70109,40.40901],[-4.69564,40.40805],[-4.69198,40.40658],[-4.66335,40.39184],[-4.65879,40.38779],[-4.65724,40.38518],[-4.65639,40.38239],[-4.65223,40.33296],[-4.65279,40.33054],[-4.65407,40.32791],[-4.65599,40.32552],[-4.65848,40.32346],[-4.66476,40.32062],[-4.67129,40.3198],[-4.70929,40.32035]]]},"properties":{"issued_at":"2026-07-23T00:30:00Z","hour":4,"heading_deg":124,"speed_kmh":1.0}},{"type":"Feature","geometry":{"type":"Polygon","coordinates":[[[-4.70264,40.31413],[-4.73303,40.31819],[-4.73865,40.32023],[-4.77515,40.33908],[-4.77784,40.34115],[-4.78025,40.34385],[-4.78195,40.34684],[-4.78288,40.35002],[-4.78579,40.38266],[-4.78507,40.38716],[-4.78342,40.39053],[-4.78116,40.39329],[-4.77827,40.39568],[-4.77142,40.39888],[-4.7217,40.4111],[-4.71455,40.41191],[-4.70087,40.41172],[-4.69695,40.41123],[-4.69278,40.41005],[-4.65432,40.39046],[-4.65144,40.38837],[-4.64884,40.3856],[-4.64701,40.3825],[-4.64601,40.37919],[-4.64184,40.32923],[-4.64264,40.32595],[-4.64426,40.32286],[-4.64634,40.32033],[-4.6493,40.31789],[-4.65282,40.31593],[-4.65677,40.31453],[-4.66448,40.31357],[-4.70264,40.31413]]]},"properties":{"issued_at":"2026-07-23T00:30:00Z","hour":5,"heading_deg":124,"speed_kmh":1.0}},{"type":"Feature","geometry":{"type":"Polygon","coordinates":[[[-4.69598,40.3079],[-4.72726,40.31209],[-4.73375,40.31446],[-4.77741,40.33699],[-4.78086,40.3397],[-4.78336,40.34255],[-4.78532,40.34602],[-4.78639,40.34971],[-4.78932,40.3826],[-4.78848,40.38787],[-4.7866,40.39172],[-4.78399,40.39492],[-4.78065,40.39769],[-4.77668,40.39992],[-4.77224,40.40154],[-4.72118,40.41403],[-4.71564,40.41461],[-4.70216,40.41448],[-4.69558,40.41375],[-4.68895,40.41153],[-4.64529,40.38909],[-4.64159,40.38635],[-4.6389,40.38342],[-4.63679,40.37983],[-4.63564,40.37599],[-4.63145,40.3255],[-4.63238,40.3217],[-4.63403,40.31843],[-4.63669,40.31515],[-4.64012,40.31232],[-4.6442,40.31006],[-4.64878,40.30844],[-4.65767,40.30734],[-4.69598,40.3079]]]},"properties":{"issued_at":"2026-07-23T00:30:00Z","hour":6,"heading_deg":124,"speed_kmh":1.0}},{"type":"Feature","geometry":{"type":"Polygon","coordinates":[[[-4.73593,40.34526],[-4.76274,40.34893],[-4.76446,40.35003],[-4.76532,40.35161],[-4.76633,40.36683],[-4.75527,40.38429],[-4.75334,40.38586],[-4.71629,40.39818],[-4.70247,40.39821],[-4.70024,40.39775],[-4.69856,40.39653],[-4.69784,40.39485],[-4.69379,40.34786],[-4.69521,40.34572],[-4.69762,40.34478],[-4.73593,40.34526]]]},"properties":{"issued_at":"2026-07-23T01:00:00Z","hour":0,"heading_deg":139,"speed_kmh":1.0}},{"type":"Feature","geometry":{"type":"Polygon","coordinates":[[[-4.73075,40.33775],[-4.75907,40.34176],[-4.76147,40.3432],[-4.7672,40.34832],[-4.76847,40.35014],[-4.77,40.36555],[-4.76971,40.36764],[-4.75837,40.38561],[-4.75522,40.38816],[-4.71716,40.40081],[-4.70224,40.40091],[-4.69867,40.40018],[-4.69646,40.39887],[-4.69077,40.39379],[-4.68916,40.39134],[-4.68593,40.35774],[-4.68484,40.34392],[-4.68509,40.34197],[-4.68626,40.33998],[-4.68814,40.33847],[-4.69067,40.33749],[-4.73075,40.33775]]]},"properties":{"issued_at":"2026-07-23T01:00:00Z","hour":1,"heading_deg":139,"speed_kmh":1.0}},{"type":"Feature","geometry":{"type":"Polygon","coordinates":[[[-4.7261,40.33028],[-4.7519,40.33366],[-4.7558,40.33475],[-4.75878,40.33663],[-4.76994,40.34661],[-4.77162,40.34885],[-4.7724,40.35137],[-4.77353,40.36539],[-4.77294,40.3688],[-4.76123,40.38724],[-4.75935,40.38911],[-4.7571,40.39045],[-4.71804,40.40344],[-4.71508,40.40377],[-4.70155,40.4036],[-4.69648,40.40235],[-4.69379,40.40065],[-4.68229,40.39035],[-4.68066,40.38799],[-4.68002,40.38563],[-4.67598,40.3378],[-4.6771,40.33478],[-4.67983,40.332],[-4.68373,40.33022],[-4.68787,40.3297],[-4.7261,40.33028]]]},"properties":{"issued_at":"2026-07-23T01:00:00Z","hour":2,"heading_deg":139,"speed_kmh":1.0}},{"type":"Feature","geometry":{"type":"Polygon","coordinates":[[[-4.72119,40.32279],[-4.74805,40.32634],[-4.75213,40.32758],[-4.75558,40.32965],[-4.77329,40.34552],[-4.77488,40.34781],[-4.77592,40.35107],[-4.77706,40.36522],[-4.77674,40.36843],[-4.77552,40.37112],[-4.76376,40.38926],[-4.76064,40.39186],[-4.75762,40.39331],[-4.71843,40.40616],[-4.71465,40.40649],[-4.69982,40.40616],[-4.69552,40.40504],[-4.69112,40.40242],[-4.67402,40.38712],[-4.67192,40.38404],[-4.67111,40.38102],[-4.6681,40.34841],[-4.66702,40.33464],[-4.66721,40.33198],[-4.66929,40.32775],[-4.67249,40.32492],[-4.67723,40.32285],[-4.68255,40.32218],[-4.72119,40.32279]]]},"properties":{"issued_at":"2026-07-23T01:00:00Z","hour":3,"heading_deg":139,"speed_kmh":1.0}},{"type":"Feature","geometry":{"type":"Polygon","coordinates":[[[-4.71663,40.31533],[-4.74475,40.31916],[-4.74961,40.32094],[-4.75338,40.32349],[-4.77543,40.34318],[-4.77797,40.34644],[-4.77938,40.35043],[-4.78062,40.36562],[-4.7802,40.36896],[-4.7787,40.37231],[-4.76666,40.39081],[-4.76389,40.39329],[-4.75962,40.39558],[-4.71931,40.40879],[-4.7146,40.4092],[-4.69924,40.40883],[-4.69395,40.40747],[-4.68844,40.4042],[-4.66575,40.38388],[-4.66368,40.38109],[-4.66227,40.37694],[-4.65811,40.33001],[-4.65843,40.32635],[-4.66093,40.32149],[-4.6648,40.31806],[-4.67072,40.31548],[-4.67722,40.31467],[-4.71663,40.31533]]]},"properties":{"issued_at":"2026-07-23T01:00:00Z","hour":4,"heading_deg":139,"speed_kmh":1.0}},{"type":"Feature","geometry":{"type":"Polygon","coordinates":[[[-4.71237,40.30792],[-4.74046,40.31178],[-4.74623,40.31391],[-4.75068,40.31692],[-4.77817,40.34147],[-4.78124,40.34539],[-4.78263,40.34886],[-4.78412,40.36489],[-4.78367,40.36949],[-4.78187,40.37351],[-4.76957,40.39235],[-4.76633,40.39525],[-4.76119,40.39802],[-4.72018,40.41142],[-4.71455,40.41191],[-4.69867,40.41151],[-4.69238,40.4099],[-4.68865,40.40807],[-4.68577,40.40598],[-4.65749,40.38065],[-4.65444,40.37613],[-4.65338,40.37247],[-4.6492,40.32537],[-4.64957,40.32106],[-4.65081,40.31787],[-4.65257,40.31522],[-4.65711,40.31121],[-4.66068,40.30932],[-4.66421,40.30811],[-4.67189,40.30715],[-4.71237,40.30792]]]},"properties":{"issued_at":"2026-07-23T01:00:00Z","hour":5,"heading_deg":139,"speed_kmh":1.0}},{"type":"Feature","geometry":{"type":"Polygon","coordinates":[[[-4.73421,40.30399],[-4.73891,40.30519],[-4.74322,40.30706],[-4.74799,40.31035],[-4.78027,40.33915],[-4.78363,40.34294],[-4.7855,40.34646],[-4.78646,40.35019],[-4.78769,40.36556],[-4.78714,40.37003],[-4.78505,40.3747],[-4.77383,40.39219],[-4.77089,40.3955],[-4.76715,40.39829],[-4.76136,40.40095],[-4.72154,40.41395],[-4.7145,40.41462],[-4.70111,40.41445],[-4.69604,40.41385],[-4.68898,40.41155],[-4.6831,40.40776],[-4.65045,40.37863],[-4.64665,40.37401],[-4.645,40.37029],[-4.64439,40.36719],[-4.64025,40.31994],[-4.64118,40.31423],[-4.64421,40.30896],[-4.64727,40.30592],[-4.65104,40.30338],[-4.65579,40.30131],[-4.66056,40.30011],[-4.70372,40.30016],[-4.73421,40.30399]]]},"properties":{"issued_at":"2026-07-23T01:00:00Z","hour":6,"heading_deg":139,"speed_kmh":1.0}},{"type":"Feature","geometry":{"type":"Polygon","coordinates":[[[-4.73593,40.34526],[-4.76146,40.34861],[-4.76397,40.34961],[-4.76503,40.35082],[-4.77037,40.36138],[-4.76998,40.37197],[-4.76807,40.3833],[-4.76745,40.38469],[-4.76533,40.38614],[-4.73533,40.39647],[-4.70286,40.3982],[-4.69943,40.39731],[-4.68481,40.38259],[-4.68259,40.36132],[-4.69447,40.34641],[-4.6958,40.34535],[-4.69805,40.34474],[-4.73593,40.34526]]]},"properties":{"issued_at":"2026-07-23T01:30:00Z","hour":0,"heading_deg":75,"speed_kmh":1.0}},{"type":"Feature","geometry":{"type":"Polygon","coordinates":[[[-4.7364,40.34257],[-4.76223,40.34597],[-4.76569,40.34716],[-4.76824,40.34967],[-4.77388,40.36104],[-4.7735,40.37219],[-4.77095,40.38538],[-4.76936,40.38721],[-4.76679,40.38861],[-4.73743,40.39878],[-4.72824,40.40069],[-4.69493,40.40251],[-4.69208,40.40223],[-4.68962,40.40126],[-4.67468,40.38675],[-4.67346,40.38504],[-4.67105,40.36284],[-4.67225,40.36025],[-4.68466,40.34545],[-4.68793,40.34392],[-4.69858,40.34201],[-4.7364,40.34257]]]},"properties":{"issued_at":"2026-07-23T01:30:00Z","hour":1,"heading_deg":75,"speed_kmh":1.0}},{"type":"Feature","geometry":{"type":"Polygon","coordinates":[[[-4.73686,40.33988],[-4.76348,40.3434],[-4.76833,40.34531],[-4.77144,40.34853],[-4.77672,40.35851],[-4.77739,40.36069],[-4.77703,40.3724],[-4.77503,40.38427],[-4.77393,40.38689],[-4.77185,40.38913],[-4.76899,40.39079],[-4.73903,40.4012],[-4.72115,40.40492],[-4.68655,40.40683],[-4.68247,40.40627],[-4.67907,40.40477],[-4.66389,40.39],[-4.66212,40.38749],[-4.66149,40.38521],[-4.6595,40.36594],[-4.65975,40.36322],[-4.66127,40.3604],[-4.67271,40.34649],[-4.67516,40.34446],[-4.67934,40.34283],[-4.69863,40.3393],[-4.73686,40.33988]]]},"properties":{"issued_at":"2026-07-23T01:30:00Z","hour":2,"heading_deg":75,"speed_kmh":1.0}},{"type":"Feature","geometry":{"type":"Polygon","coordinates":[[[-4.73733,40.33719],[-4.76425,40.34075],[-4.76718,40.34154],[-4.77068,40.34329],[-4.7731,40.34532],[-4.77465,40.34738],[-4.78007,40.35762],[-4.7809,40.36035],[-4.7805,40.37302],[-4.77851,40.38476],[-4.77706,40.38816],[-4.77434,40.39106],[-4.77061,40.39321],[-4.74049,40.40367],[-4.71405,40.40915],[-4.67863,40.41115],[-4.67319,40.41039],[-4.66889,40.4085],[-4.66643,40.40656],[-4.6531,40.39326],[-4.65078,40.38995],[-4.64997,40.38702],[-4.64798,40.36775],[-4.64871,40.36313],[-4.6503,40.36055],[-4.66154,40.34687],[-4.66542,40.34368],[-4.67046,40.3418],[-4.69504,40.33688],[-4.69869,40.33658],[-4.73733,40.33719]]]},"properties":{"issued_at":"2026-07-23T01:30:00Z","hour":3,"heading_deg":75,"speed_kmh":1.0}},{"type":"Feature","geometry":{"type":"Polygon","coordinates":[[[-4.7378,40.3345],[-4.76503,40.33811],[-4.76991,40.33957],[-4.77304,40.34126],[-4.77594,40.3437],[-4.77785,40.34623],[-4.78341,40.35673],[-4.78441,40.36001],[-4.78401,40.37337],[-4.7819,40.3856],[-4.78019,40.38942],[-4.77683,40.39299],[-4.77223,40.39562],[-4.74195,40.40615],[-4.70696,40.41337],[-4.66932,40.41543],[-4.66347,40.41439],[-4.65766,40.41152],[-4.64191,40.39609],[-4.63929,40.39207],[-4.63846,40.38884],[-4.63644,40.36907],[-4.63666,40.3661],[-4.63801,40.36261],[-4.65124,40.34626],[-4.65649,40.34249],[-4.66158,40.34078],[-4.69419,40.33425],[-4.69874,40.33387],[-4.7378,40.3345]]]},"properties":{"issued_at":"2026-07-23T01:30:00Z","hour":4,"heading_deg":75,"speed_kmh":1.0}},{"type":"Feature","geometry":{"type":"Polygon","coordinates":[[[-4.73862,40.33185],[-4.7658,40.33546],[-4.77169,40.33723],[-4.77575,40.33948],[-4.77878,40.34208],[-4.78106,40.34509],[-4.78675,40.35585],[-4.78792,40.35967],[-4.78752,40.37371],[-4.78538,40.38609],[-4.78309,40.39101],[-4.77898,40.39518],[-4.77385,40.39803],[-4.74268,40.40886],[-4.69893,40.41777],[-4.66105,40.41973],[-4.65419,40.41851],[-4.6503,40.41695],[-4.64722,40.41507],[-4.63102,40.39924],[-4.62795,40.39452],[-4.62695,40.39065],[-4.6249,40.37043],[-4.62549,40.36607],[-4.62698,40.36279],[-4.64036,40.3463],[-4.6434,40.34368],[-4.64707,40.34158],[-4.6527,40.33975],[-4.69335,40.33161],[-4.69879,40.33116],[-4.73862,40.33185]]]},"properties":{"issued_at":"2026-07-23T01:30:00Z","hour":5,"heading_deg":75,"speed_kmh":1.0}},{"type":"Feature","geometry":{"type":"Polygon","coordinates":[[[-4.73909,40.32916],[-4.76658,40.33281],[-4.77346,40.33488],[-4.7781,40.33746],[-4.78162,40.34046],[-4.78406,40.34361],[-4.79009,40.35496],[-4.79143,40.35932],[-4.79103,40.37406],[-4.78886,40.38657],[-4.78622,40.39227],[-4.78181,40.39684],[-4.77734,40.39961],[-4.74399,40.41138],[-4.69165,40.42203],[-4.65232,40.42401],[-4.64776,40.42338],[-4.64301,40.42198],[-4.63678,40.41863],[-4.61987,40.40211],[-4.61766,40.39908],[-4.61606,40.39547],[-4.6134,40.37063],[-4.61418,40.3667],[-4.61665,40.36194],[-4.63082,40.34503],[-4.63465,40.34222],[-4.63915,40.34008],[-4.64382,40.33873],[-4.69173,40.32913],[-4.69884,40.32845],[-4.73909,40.32916]]]},"properties":{"issued_at":"2026-07-23T01:30:00Z","hour":6,"heading_deg":75,"speed_kmh":1.0}},{"type":"Feature","geometry":{"type":"Polygon","coordinates":[[[-4.7469,40.3462],[-4.76325,40.34916],[-4.77829,40.36487],[-4.77888,40.36622],[-4.77859,40.36799],[-4.76759,40.38449],[-4.76533,40.38614],[-4.73521,40.39649],[-4.71481,40.39835],[-4.702,40.39818],[-4.69945,40.39732],[-4.68481,40.38259],[-4.68252,40.36231],[-4.68314,40.36021],[-4.68439,40.35912],[-4.70913,40.34509],[-4.73557,40.34524],[-4.7469,40.3462]]]},"properties":{"issued_at":"2026-07-23T02:00:00Z","hour":0,"heading_deg":71,"speed_kmh":1.0}},{"type":"Feature","geometry":{"type":"Polygon","coordinates":[[[-4.73638,40.34257],[-4.74747,40.34353],[-4.76439,40.34653],[-4.76727,40.34839],[-4.78126,40.3634],[-4.78241,40.36602],[-4.78209,40.36852],[-4.77043,40.38614],[-4.76694,40.38855],[-4.73758,40.39873],[-4.72834,40.40113],[-4.70717,40.40308],[-4.69442,40.40294],[-4.69123,40.40235],[-4.68818,40.40047],[-4.67485,40.38717],[-4.67363,40.38547],[-4.67117,40.36455],[-4.67139,40.36251],[-4.67235,40.36075],[-4.67395,40.3593],[-4.69853,40.34517],[-4.70848,40.3424],[-4.73638,40.34257]]]},"properties":{"issued_at":"2026-07-23T02:00:00Z","hour":1,"heading_deg":71,"speed_kmh":1.0}},{"type":"Feature","geometry":{"type":"Polygon","coordinates":[[[-4.73603,40.33983],[-4.7472,40.34075],[-4.7659,40.34408],[-4.77005,40.34671],[-4.78424,40.36193],[-4.78594,40.36582],[-4.78545,40.36938],[-4.77349,40.3875],[-4.77135,40.38951],[-4.76824,40.39108],[-4.7387,40.40131],[-4.72147,40.40577],[-4.69954,40.40782],[-4.6859,40.40765],[-4.68079,40.40637],[-4.67755,40.40415],[-4.66422,40.39085],[-4.66245,40.38834],[-4.66182,40.38605],[-4.65983,40.36678],[-4.66052,40.36294],[-4.66224,40.36056],[-4.66423,40.359],[-4.6893,40.34468],[-4.70739,40.33982],[-4.71103,40.33944],[-4.73603,40.33983]]]},"properties":{"issued_at":"2026-07-23T02:00:00Z","hour":2,"heading_deg":71,"speed_kmh":1.0}},{"type":"Feature","geometry":{"type":"Polygon","coordinates":[[[-4.73626,40.33712],[-4.74759,40.33805],[-4.76437,40.34077],[-4.76828,40.34198],[-4.77282,40.34503],[-4.78774,40.36116],[-4.78946,40.36562],[-4.78943,40.36796],[-4.7888,40.37025],[-4.77703,40.3882],[-4.77379,40.39147],[-4.7697,40.39355],[-4.74049,40.40367],[-4.7146,40.41041],[-4.69324,40.41248],[-4.6768,40.41229],[-4.67339,40.41158],[-4.66981,40.41002],[-4.66693,40.40783],[-4.6536,40.39453],[-4.65127,40.39122],[-4.65047,40.38829],[-4.64845,40.36862],[-4.64863,40.36626],[-4.64959,40.36363],[-4.65166,40.36088],[-4.65379,40.35917],[-4.67978,40.34433],[-4.70631,40.33724],[-4.7111,40.33673],[-4.73626,40.33712]]]},"properties":{"issued_at":"2026-07-23T02:00:00Z","hour":3,"heading_deg":71,"speed_kmh":1.0}},{"type":"Feature","geometry":{"type":"Polygon","coordinates":[[[-4.73649,40.33441],[-4.74797,40.33536],[-4.76527,40.33815],[-4.77046,40.33982],[-4.7756,40.34335],[-4.79089,40.35993],[-4.7923,40.36259],[-4.79303,40.36578],[-4.79288,40.36865],[-4.792,40.37145],[-4.77985,40.3899],[-4.77623,40.39344],[-4.77177,40.3958],[-4.74128,40.40636],[-4.70514,40.41543],[-4.6849,40.41726],[-4.67027,40.41714],[-4.66475,40.41627],[-4.65943,40.41396],[-4.6563,40.41151],[-4.64297,40.39821],[-4.63995,40.39377],[-4.63912,40.39053],[-4.63708,40.37035],[-4.6374,40.36746],[-4.63906,40.36367],[-4.64108,40.36121],[-4.64407,40.35888],[-4.67065,40.34381],[-4.70522,40.33466],[-4.71117,40.33401],[-4.73649,40.33441]]]},"properties":{"issued_at":"2026-07-23T02:00:00Z","hour":4,"heading_deg":71,"speed_kmh":1.0}},{"type":"Feature","geometry":{"type":"Polygon","coordinates":[[[-4.73672,40.33171],[-4.74836,40.33266],[-4.76617,40.33553],[-4.77226,40.33748],[-4.77557,40.33936],[-4.77838,40.34167],[-4.79425,40.35901],[-4.79583,40.36221],[-4.79655,40.36558],[-4.79639,40.36899],[-4.79535,40.37232],[-4.78292,40.39125],[-4.77867,40.3954],[-4.77338,40.39822],[-4.74257,40.40889],[-4.70086,40.41969],[-4.67844,40.42192],[-4.65953,40.42163],[-4.65319,40.41999],[-4.64776,40.41698],[-4.63185,40.40136],[-4.62877,40.39664],[-4.62778,40.39277],[-4.62573,40.37246],[-4.62649,40.36768],[-4.62831,40.36413],[-4.6308,40.36125],[-4.63399,40.35882],[-4.66113,40.34345],[-4.70414,40.33207],[-4.71124,40.3313],[-4.73672,40.33171]]]},"properties":{"issued_at":"2026-07-23T02:00:00Z","hour":5,"heading_deg":71,"speed_kmh":1.0}},{"type":"Feature","geometry":{"type":"Polygon","coordinates":[[[-4.73695,40.329],[-4.75138,40.33029],[-4.76977,40.33355],[-4.77569,40.33597],[-4.77961,40.3386],[-4.79613,40.35605],[-4.79844,40.35959],[-4.80005,40.36502],[-4.7999,40.36933],[-4.79793,40.37469],[-4.78576,40.39291],[-4.78143,40.39713],[-4.77716,40.3997],[-4.74486,40.41109],[-4.69399,40.42432],[-4.66963,40.42673],[-4.65371,40.42658],[-4.6486,40.42589],[-4.6442,40.4246],[-4.63749,40.42096],[-4.62087,40.40465],[-4.61847,40.40131],[-4.61705,40.39801],[-4.61643,40.39501],[-4.61442,40.37292],[-4.6154,40.36863],[-4.61842,40.3635],[-4.62391,40.35875],[-4.65162,40.3431],[-4.70306,40.32949],[-4.71131,40.32859],[-4.73695,40.329]]]},"properties":{"issued_at":"2026-07-23T02:00:00Z","hour":6,"heading_deg":71,"speed_kmh":1.0}},{"type":"Feature","geometry":{"type":"Polygon","coordinates":[[[-4.7636,40.34935],[-4.7785,40.36519],[-4.77891,40.36658],[-4.77859,40.36799],[-4.7671,40.38508],[-4.76533,40.38614],[-4.73521,40.39649],[-4.71497,40.39835],[-4.69038,40.39869],[-4.68808,40.39827],[-4.68634,40.39704],[-4.68559,40.39533],[-4.68252,40.36228],[-4.68276,40.36085],[-4.6837,40.35961],[-4.70925,40.34506],[-4.74333,40.34433],[-4.7636,40.34935]]]},"properties":{"issued_at":"2026-07-23T02:30:00Z","hour":0,"heading_deg":53,"speed_kmh":1.0}},{"type":"Feature","geometry":{"type":"Polygon","coordinates":[[[-4.76312,40.34614],[-4.76567,40.34715],[-4.76737,40.34849],[-4.78165,40.36395],[-4.78244,40.36638],[-4.78181,40.36911],[-4.76977,40.38685],[-4.76075,40.3922],[-4.72922,40.40297],[-4.70862,40.40486],[-4.68367,40.40521],[-4.67967,40.4044],[-4.67688,40.40245],[-4.67547,40.39933],[-4.6724,40.36628],[-4.67276,40.36392],[-4.67435,40.36172],[-4.70792,40.34255],[-4.71061,40.34215],[-4.74293,40.3416],[-4.76312,40.34614]]]},"properties":{"issued_at":"2026-07-23T02:30:00Z","hour":1,"heading_deg":53,"speed_kmh":1.0}},{"type":"Feature","geometry":{"type":"Polygon","coordinates":[[[-4.74644,40.3393],[-4.76418,40.34355],[-4.76774,40.34495],[-4.77024,40.34691],[-4.7848,40.36272],[-4.78597,40.36618],[-4.7853,40.36972],[-4.77244,40.38863],[-4.75577,40.39843],[-4.72393,40.40934],[-4.70227,40.41138],[-4.67648,40.41172],[-4.67127,40.41054],[-4.66743,40.40785],[-4.66601,40.40574],[-4.66538,40.40361],[-4.66226,40.37001],[-4.663,40.36647],[-4.66501,40.36383],[-4.70615,40.34017],[-4.71053,40.33944],[-4.74304,40.33889],[-4.74644,40.3393]]]},"properties":{"issued_at":"2026-07-23T02:30:00Z","hour":2,"heading_deg":53,"speed_kmh":1.0}},{"type":"Feature","geometry":{"type":"Polygon","coordinates":[[[-4.74694,40.33659],[-4.76523,40.34096],[-4.76981,40.34275],[-4.77312,40.34533],[-4.78795,40.36148],[-4.7895,40.36598],[-4.78937,40.36832],[-4.78865,40.37059],[-4.77703,40.3882],[-4.77512,40.39041],[-4.75167,40.40427],[-4.71828,40.41576],[-4.69592,40.4179],[-4.66978,40.41824],[-4.66672,40.41789],[-4.66286,40.41668],[-4.66,40.41505],[-4.65797,40.41325],[-4.65607,40.41042],[-4.65528,40.40774],[-4.65213,40.37388],[-4.65278,40.37004],[-4.65566,40.36594],[-4.65823,40.36405],[-4.67803,40.35261],[-4.7016,40.33907],[-4.70482,40.33765],[-4.7099,40.33675],[-4.74315,40.33618],[-4.74694,40.33659]]]},"properties":{"issued_at":"2026-07-23T02:30:00Z","hour":3,"heading_deg":53,"speed_kmh":1.0}},{"type":"Feature","geometry":{"type":"Polygon","coordinates":[[[-4.74781,40.33396],[-4.76628,40.33837],[-4.77188,40.34055],[-4.77599,40.34375],[-4.7911,40.36025],[-4.79242,40.36294],[-4.79303,40.36578],[-4.79294,40.3683],[-4.79215,40.37111],[-4.78018,40.38944],[-4.77779,40.39218],[-4.77484,40.39434],[-4.74698,40.41036],[-4.71264,40.42218],[-4.68957,40.42441],[-4.66307,40.42476],[-4.6593,40.42433],[-4.65446,40.42282],[-4.65102,40.42086],[-4.64852,40.41866],[-4.64612,40.41509],[-4.64517,40.41188],[-4.642,40.37775],[-4.64225,40.37487],[-4.64324,40.37208],[-4.64631,40.36804],[-4.64951,40.3657],[-4.67591,40.35044],[-4.69948,40.3369],[-4.70349,40.33514],[-4.70964,40.33404],[-4.74327,40.33347],[-4.74781,40.33396]]]},"properties":{"issued_at":"2026-07-23T02:30:00Z","hour":4,"heading_deg":53,"speed_kmh":1.0}},{"type":"Feature","geometry":{"type":"Polygon","coordinates":[[[-4.74868,40.33133],[-4.76734,40.33578],[-4.77396,40.33835],[-4.77838,40.34167],[-4.79425,40.35901],[-4.79583,40.36221],[-4.79655,40.36558],[-4.79645,40.36864],[-4.7955,40.37198],[-4.78332,40.39068],[-4.78046,40.39396],[-4.77702,40.39647],[-4.7423,40.41646],[-4.707,40.42861],[-4.68322,40.43093],[-4.65458,40.43117],[-4.64972,40.43028],[-4.64564,40.42877],[-4.64204,40.42667],[-4.63906,40.42406],[-4.63683,40.42104],[-4.63513,40.41639],[-4.63187,40.38161],[-4.63279,40.37617],[-4.63449,40.373],[-4.63697,40.37015],[-4.64079,40.36734],[-4.70051,40.33322],[-4.70435,40.33203],[-4.70889,40.33136],[-4.74338,40.33075],[-4.74868,40.33133]]]},"properties":{"issued_at":"2026-07-23T02:30:00Z","hour":5,"heading_deg":53,"speed_kmh":1.0}},{"type":"Feature","geometry":{"type":"Polygon","coordinates":[[[-4.74955,40.3287],[-4.76839,40.33319],[-4.77603,40.33615],[-4.78174,40.34059],[-4.79588,40.35575],[-4.79827,40.35926],[-4.80008,40.36538],[-4.79996,40.36898],[-4.79886,40.37284],[-4.78647,40.39192],[-4.78314,40.39574],[-4.77889,40.39879],[-4.73761,40.42256],[-4.70182,40.43493],[-4.67687,40.43745],[-4.64752,40.43767],[-4.64196,40.43665],[-4.63723,40.43491],[-4.63306,40.43248],[-4.62961,40.42946],[-4.62702,40.42597],[-4.62503,40.42053],[-4.62175,40.38548],[-4.62211,40.38152],[-4.62348,40.3777],[-4.62762,40.37226],[-4.63207,40.36898],[-4.69885,40.33082],[-4.70337,40.32942],[-4.70863,40.32866],[-4.74349,40.32804],[-4.74955,40.3287]]]},"properties":{"issued_at":"2026-07-23T02:30:00Z","hour":6,"heading_deg":53,"speed_kmh":1.0}},{"type":"Feature","geometry":{"type":"Polygon","coordinates":[[[-4.76376,40.34945],[-4.77829,40.36487],[-4.77891,40.36654],[-4.77845,40.36824],[-4.75337,40.38584],[-4.71676,40.39805],[-4.6899,40.39868],[-4.6881,40.39827],[-4.68636,40.39707],[-4.68566,40.39574],[-4.68213,40.38129],[-4.6825,40.36196],[-4.68369,40.35962],[-4.70925,40.34506],[-4.74333,40.34433],[-4.76376,40.34945]]]},"properties":{"issued_at":"2026-07-23T03:00:00Z","hour":0,"heading_deg":115,"speed_kmh":1.0}},{"type":"Feature","geometry":{"type":"Polygon","coordinates":[[[-4.75583,40.34348],[-4.76594,40.34732],[-4.78144,40.36363],[-4.78245,40.36657],[-4.78156,40.36953],[-4.77973,40.37137],[-4.75529,40.38813],[-4.71757,40.40071],[-4.68897,40.40132],[-4.67913,40.39802],[-4.67634,40.39627],[-4.67475,40.39367],[-4.67113,40.37868],[-4.67154,40.35871],[-4.67317,40.35551],[-4.70046,40.33984],[-4.70314,40.33945],[-4.73547,40.3389],[-4.75583,40.34348]]]},"properties":{"issued_at":"2026-07-23T03:00:00Z","hour":1,"heading_deg":115,"speed_kmh":1.0}},{"type":"Feature","geometry":{"type":"Polygon","coordinates":[[[-4.73151,40.33389],[-4.75006,40.33836],[-4.76812,40.34518],[-4.77163,40.34832],[-4.78479,40.3627],[-4.78575,40.36486],[-4.78598,40.36695],[-4.78467,40.37083],[-4.7821,40.37338],[-4.7572,40.39041],[-4.71772,40.40351],[-4.68781,40.40391],[-4.67015,40.39777],[-4.66603,40.39518],[-4.66385,40.3916],[-4.66014,40.37606],[-4.66055,40.35583],[-4.6614,40.35316],[-4.66294,40.35111],[-4.66523,40.34937],[-4.6888,40.33583],[-4.69167,40.33462],[-4.6956,40.33403],[-4.72812,40.33348],[-4.73151,40.33389]]]},"properties":{"issued_at":"2026-07-23T03:00:00Z","hour":2,"heading_deg":115,"speed_kmh":1.0}},{"type":"Feature","geometry":{"type":"Polygon","coordinates":[[[-4.7251,40.32859],[-4.74382,40.33311],[-4.76721,40.34156],[-4.7703,40.34304],[-4.77441,40.34663],[-4.78794,40.36147],[-4.78899,40.3636],[-4.78952,40.36663],[-4.78915,40.36924],[-4.78778,40.37212],[-4.78447,40.3754],[-4.75911,40.39269],[-4.72098,40.40552],[-4.71762,40.40629],[-4.69057,40.40683],[-4.68653,40.40646],[-4.66118,40.39752],[-4.65782,40.39581],[-4.65573,40.39409],[-4.65306,40.38988],[-4.64914,40.37345],[-4.64956,40.35294],[-4.65047,40.34982],[-4.65272,40.34671],[-4.65565,40.34449],[-4.67922,40.33095],[-4.68289,40.3294],[-4.68806,40.32861],[-4.72077,40.32806],[-4.7251,40.32859]]]},"properties":{"issued_at":"2026-07-23T03:00:00Z","hour":3,"heading_deg":115,"speed_kmh":1.0}},{"type":"Feature","geometry":{"type":"Polygon","coordinates":[[[-4.71796,40.32313],[-4.73759,40.32786],[-4.76878,40.33912],[-4.77248,40.34091],[-4.77734,40.34511],[-4.78957,40.35827],[-4.79166,40.36119],[-4.79271,40.36388],[-4.79306,40.36702],[-4.79261,40.3698],[-4.79089,40.37341],[-4.78684,40.37741],[-4.76103,40.39497],[-4.72239,40.40801],[-4.7182,40.40897],[-4.69063,40.40954],[-4.68572,40.40911],[-4.65221,40.39726],[-4.64799,40.39512],[-4.64542,40.393],[-4.64345,40.39053],[-4.64216,40.38781],[-4.63814,40.37084],[-4.63857,40.35005],[-4.63971,40.34613],[-4.6425,40.34231],[-4.64606,40.33961],[-4.66963,40.32607],[-4.6741,40.32418],[-4.67979,40.32322],[-4.71342,40.32264],[-4.71796,40.32313]]]},"properties":{"issued_at":"2026-07-23T03:00:00Z","hour":4,"heading_deg":115,"speed_kmh":1.0}},{"type":"Feature","geometry":{"type":"Polygon","coordinates":[[[-4.71137,40.3178],[-4.73135,40.32261],[-4.77034,40.33669],[-4.77467,40.33877],[-4.78019,40.3435],[-4.79245,40.3567],[-4.79495,40.36019],[-4.79618,40.36338],[-4.79659,40.36705],[-4.79565,40.37163],[-4.794,40.37471],[-4.78921,40.37943],[-4.76294,40.39725],[-4.72379,40.41049],[-4.71833,40.41171],[-4.68981,40.41225],[-4.6832,40.41137],[-4.64323,40.39701],[-4.63817,40.39443],[-4.63512,40.39191],[-4.63279,40.38897],[-4.63126,40.38574],[-4.62715,40.36823],[-4.62779,40.3458],[-4.62912,40.3421],[-4.63227,40.3379],[-4.63648,40.33474],[-4.66005,40.3212],[-4.66531,40.31896],[-4.67207,40.31781],[-4.70607,40.31723],[-4.71137,40.3178]]]},"properties":{"issued_at":"2026-07-23T03:00:00Z","hour":5,"heading_deg":115,"speed_kmh":1.0}},{"type":"Feature","geometry":{"type":"Polygon","coordinates":[[[-4.70478,40.31246],[-4.72512,40.31735],[-4.7719,40.33425],[-4.77685,40.33664],[-4.78035,40.33923],[-4.78322,40.34209],[-4.7959,40.35578],[-4.7984,40.35952],[-4.79975,40.36324],[-4.80013,40.36708],[-4.79954,40.37091],[-4.7971,40.376],[-4.79232,40.3809],[-4.76486,40.39953],[-4.7252,40.41298],[-4.71891,40.41438],[-4.68969,40.41496],[-4.68204,40.41393],[-4.63426,40.39676],[-4.62998,40.39476],[-4.62616,40.39207],[-4.62311,40.38885],[-4.62036,40.38367],[-4.61615,40.36562],[-4.61659,40.34428],[-4.61819,40.33875],[-4.62079,40.33484],[-4.62377,40.33198],[-4.6269,40.32986],[-4.65047,40.31632],[-4.65652,40.31373],[-4.66435,40.31239],[-4.69872,40.31181],[-4.70478,40.31246]]]},"properties":{"issued_at":"2026-07-23T03:00:00Z","hour":6,"heading_deg":115,"speed_kmh":1.0}},{"type":"Feature","geometry":{"type":"Polygon","coordinates":[[[-4.76188,40.33286],[-4.76336,40.3342],[-4.77862,40.3654],[-4.77887,40.36717],[-4.77769,40.3691],[-4.75261,40.38611],[-4.70985,40.39768],[-4.69008,40.39868],[-4.68793,40.3982],[-4.68632,40.39702],[-4.68566,40.39574],[-4.68213,40.38129],[-4.68253,40.36163],[-4.68323,40.36009],[-4.695,40.34588],[-4.69723,40.34485],[-4.75974,40.33221],[-4.76188,40.33286]]]},"properties":{"issued_at":"2026-07-23T03:30:00Z","hour":0,"heading_deg":98,"speed_kmh":1.0}},{"type":"Feature","geometry":{"type":"Polygon","coordinates":[[[-4.76194,40.32985],[-4.76444,40.33096],[-4.76646,40.33289],[-4.78213,40.36492],[-4.78226,40.36804],[-4.78043,40.37082],[-4.75511,40.3882],[-4.71174,40.40009],[-4.7073,40.40074],[-4.68975,40.40139],[-4.6796,40.40017],[-4.6772,40.39923],[-4.67527,40.39767],[-4.67405,40.39545],[-4.67046,40.38073],[-4.67087,40.3603],[-4.67199,40.35783],[-4.68386,40.34346],[-4.68589,40.34207],[-4.68815,40.34131],[-4.74882,40.32877],[-4.7514,40.32856],[-4.76194,40.32985]]]},"properties":{"issued_at":"2026-07-23T03:30:00Z","hour":1,"heading_deg":98,"speed_kmh":1.0}},{"type":"Feature","geometry":{"type":"Polygon","coordinates":[[[-4.76259,40.32716],[-4.76628,40.32861],[-4.76896,40.33081],[-4.78568,40.36462],[-4.78599,40.36676],[-4.78556,40.36907],[-4.78316,40.37254],[-4.75677,40.3906],[-4.71231,40.4028],[-4.70748,40.40345],[-4.68898,40.40406],[-4.67087,40.40195],[-4.6674,40.40074],[-4.66448,40.3986],[-4.66244,40.39516],[-4.65879,40.38018],[-4.65921,40.35897],[-4.66075,40.35557],[-4.67299,40.34079],[-4.67576,40.33889],[-4.67906,40.33776],[-4.73973,40.32522],[-4.74352,40.32493],[-4.76259,40.32716]]]},"properties":{"issued_at":"2026-07-23T03:30:00Z","hour":2,"heading_deg":98,"speed_kmh":1.0}},{"type":"Feature","geometry":{"type":"Polygon","coordinates":[[[-4.76311,40.32445],[-4.76763,40.32602],[-4.77161,40.32898],[-4.77348,40.33168],[-4.78914,40.36406],[-4.78952,40.36674],[-4.7892,40.36906],[-4.78829,40.37129],[-4.78619,40.37399],[-4.76131,40.39143],[-4.75843,40.393],[-4.71255,40.40555],[-4.70766,40.40616],[-4.68809,40.40671],[-4.66172,40.40364],[-4.65732,40.4021],[-4.65343,40.39925],[-4.65094,40.3952],[-4.64712,40.37962],[-4.64755,40.35763],[-4.64951,40.35331],[-4.66212,40.33811],[-4.66563,40.33571],[-4.6695,40.33433],[-4.73065,40.32168],[-4.73564,40.32131],[-4.76311,40.32445]]]},"properties":{"issued_at":"2026-07-23T03:30:00Z","hour":3,"heading_deg":98,"speed_kmh":1.0}},{"type":"Feature","geometry":{"type":"Polygon","coordinates":[[[-4.76408,40.32184],[-4.76955,40.32374],[-4.77367,40.32659],[-4.7768,40.33073],[-4.7926,40.36349],[-4.79306,40.36635],[-4.79277,40.36922],[-4.79174,40.37198],[-4.78976,40.37484],[-4.78684,40.37741],[-4.76368,40.39344],[-4.76009,40.39539],[-4.71297,40.40826],[-4.70784,40.40887],[-4.68877,40.40949],[-4.65491,40.4057],[-4.65085,40.40488],[-4.64762,40.40365],[-4.64237,40.39989],[-4.64054,40.39751],[-4.63933,40.39491],[-4.63545,40.37907],[-4.63575,40.35728],[-4.63631,40.35469],[-4.63805,40.35133],[-4.65126,40.33544],[-4.6555,40.33253],[-4.66026,40.33083],[-4.72156,40.31814],[-4.72776,40.31768],[-4.76408,40.32184]]]},"properties":{"issued_at":"2026-07-23T03:30:00Z","hour":4,"heading_deg":98,"speed_kmh":1.0}},{"type":"Feature","geometry":{"type":"Polygon","coordinates":[[[-4.76505,40.31923],[-4.77108,40.32127],[-4.77607,40.32456],[-4.77861,40.32732],[-4.78011,40.32977],[-4.79606,40.36293],[-4.79659,40.36632],[-4.79624,40.36973],[-4.79502,40.37301],[-4.79297,40.37605],[-4.78921,40.37943],[-4.76605,40.39546],[-4.76175,40.39779],[-4.71307,40.41102],[-4.70802,40.41158],[-4.68845,40.41219],[-4.64623,40.40747],[-4.64137,40.40648],[-4.63755,40.40501],[-4.63416,40.40301],[-4.63132,40.40054],[-4.62916,40.39771],[-4.62773,40.39462],[-4.62378,40.37852],[-4.62405,40.3562],[-4.62517,40.35193],[-4.62681,40.34907],[-4.64039,40.33277],[-4.645,40.32954],[-4.65101,40.32732],[-4.71247,40.3146],[-4.71989,40.31406],[-4.76505,40.31923]]]},"properties":{"issued_at":"2026-07-23T03:30:00Z","hour":5,"heading_deg":98,"speed_kmh":1.0}},{"type":"Feature","geometry":{"type":"Polygon","coordinates":[[[-4.76399,40.31626],[-4.77119,40.31819],[-4.77735,40.32164],[-4.7806,40.32464],[-4.78303,40.32808],[-4.79952,40.36237],[-4.80013,40.3663],[-4.79971,40.37024],[-4.79829,40.37404],[-4.79591,40.37755],[-4.79158,40.38144],[-4.76842,40.39747],[-4.7634,40.40019],[-4.71765,40.41288],[-4.71161,40.41398],[-4.68812,40.41489],[-4.63667,40.40912],[-4.63189,40.40808],[-4.62747,40.40637],[-4.62355,40.40405],[-4.62027,40.40119],[-4.61777,40.39791],[-4.61612,40.39432],[-4.61211,40.37796],[-4.61235,40.35511],[-4.61311,40.35154],[-4.61557,40.34681],[-4.62952,40.33009],[-4.63524,40.32618],[-4.64177,40.32381],[-4.70339,40.31106],[-4.71201,40.31043],[-4.76399,40.31626]]]},"properties":{"issued_at":"2026-07-23T03:30:00Z","hour":6,"heading_deg":98,"speed_kmh":1.0}},{"type":"Feature","geometry":{"type":"Polygon","coordinates":[[[-4.76224,40.33308],[-4.76355,40.33453],[-4.77875,40.36573],[-4.77881,40.36744],[-4.77784,40.36897],[-4.71664,40.39485],[-4.70848,40.39782],[-4.69008,40.39868],[-4.68793,40.3982],[-4.68632,40.39702],[-4.68566,40.39574],[-4.68213,40.38129],[-4.68253,40.36163],[-4.68323,40.36009],[-4.695,40.34588],[-4.69723,40.34485],[-4.75974,40.33221],[-4.76224,40.33308]]]},"properties":{"issued_at":"2026-07-23T04:00:00Z","hour":0,"heading_deg":140,"speed_kmh":1.0}},{"type":"Feature","geometry":{"type":"Polygon","coordinates":[[[-4.75708,40.32513],[-4.75941,40.32628],[-4.76661,40.33313],[-4.78212,40.3649],[-4.78223,40.36814],[-4.78045,40.3708],[-4.77815,40.37223],[-4.71833,40.39723],[-4.70908,40.40052],[-4.6882,40.40119],[-4.68443,40.39953],[-4.67813,40.39373],[-4.67692,40.39151],[-4.67333,40.3768],[-4.67374,40.35637],[-4.67486,40.3539],[-4.68672,40.33953],[-4.68876,40.33813],[-4.69102,40.33737],[-4.75169,40.32483],[-4.75427,40.32463],[-4.75708,40.32513]]]},"properties":{"issued_at":"2026-07-23T04:00:00Z","hour":1,"heading_deg":140,"speed_kmh":1.0}},{"type":"Feature","geometry":{"type":"Polygon","coordinates":[[[-4.75308,40.31775],[-4.75657,40.31948],[-4.7683,40.33012],[-4.76986,40.33205],[-4.78566,40.36457],[-4.78599,40.36662],[-4.78564,40.36884],[-4.7835,40.37223],[-4.77984,40.37461],[-4.72002,40.39961],[-4.70944,40.40325],[-4.69055,40.40411],[-4.68571,40.4034],[-4.68152,40.40111],[-4.67021,40.39073],[-4.66818,40.38729],[-4.66453,40.37231],[-4.66494,40.3511],[-4.66649,40.3477],[-4.67873,40.33292],[-4.6815,40.33102],[-4.6848,40.3299],[-4.74547,40.31736],[-4.74926,40.31707],[-4.75308,40.31775]]]},"properties":{"issued_at":"2026-07-23T04:00:00Z","hour":2,"heading_deg":140,"speed_kmh":1.0}},{"type":"Feature","geometry":{"type":"Polygon","coordinates":[[[-4.74908,40.31037],[-4.75374,40.31267],[-4.77265,40.33026],[-4.78886,40.36324],[-4.78947,40.36767],[-4.78788,40.37196],[-4.78538,40.37471],[-4.78197,40.3768],[-4.72171,40.40199],[-4.71258,40.40533],[-4.70818,40.40613],[-4.6891,40.40679],[-4.6844,40.40592],[-4.67987,40.40369],[-4.66203,40.38745],[-4.65955,40.3834],[-4.65562,40.36664],[-4.65605,40.34657],[-4.65679,40.34375],[-4.6579,40.34179],[-4.67013,40.32691],[-4.67273,40.32476],[-4.67547,40.32336],[-4.73925,40.30988],[-4.74425,40.30951],[-4.74908,40.31037]]]},"properties":{"issued_at":"2026-07-23T04:00:00Z","hour":3,"heading_deg":140,"speed_kmh":1.0}},{"type":"Feature","geometry":{"type":"Polygon","coordinates":[[[-4.74509,40.30299],[-4.7509,40.30587],[-4.77551,40.32863],[-4.79223,40.36241],[-4.79303,40.36752],[-4.79248,40.37024],[-4.79126,40.37284],[-4.7883,40.37628],[-4.78381,40.37912],[-4.72341,40.40438],[-4.71395,40.40783],[-4.70854,40.40883],[-4.68877,40.40949],[-4.68351,40.40857],[-4.6788,40.40654],[-4.67587,40.4044],[-4.65454,40.38485],[-4.65118,40.38017],[-4.6468,40.36225],[-4.64719,40.34188],[-4.64768,40.33927],[-4.64877,40.33678],[-4.66193,40.32051],[-4.66521,40.3178],[-4.66849,40.31612],[-4.67236,40.31495],[-4.73303,40.30241],[-4.73924,40.30195],[-4.74509,40.30299]]]},"properties":{"issued_at":"2026-07-23T04:00:00Z","hour":4,"heading_deg":140,"speed_kmh":1.0}},{"type":"Feature","geometry":{"type":"Polygon","coordinates":[[[-4.77644,40.32489],[-4.78011,40.32977],[-4.79518,40.36064],[-4.79641,40.36444],[-4.79652,40.36806],[-4.79526,40.37251],[-4.79321,40.37576],[-4.78942,40.37927],[-4.78492,40.38176],[-4.7251,40.40676],[-4.71574,40.4102],[-4.70936,40.41149],[-4.69014,40.41225],[-4.68588,40.41191],[-4.68178,40.41096],[-4.67498,40.40761],[-4.64449,40.3795],[-4.64197,40.37461],[-4.63812,40.35885],[-4.63856,40.3353],[-4.63965,40.33195],[-4.64137,40.32911],[-4.65302,40.3149],[-4.65614,40.31192],[-4.65971,40.30969],[-4.66494,40.30776],[-4.70231,40.3],[-4.74959,40.30029],[-4.77644,40.32489]]]},"properties":{"issued_at":"2026-07-23T04:00:00Z","hour":5,"heading_deg":140,"speed_kmh":1.0}},{"type":"Feature","geometry":{"type":"Polygon","coordinates":[[[-4.7817,40.32601],[-4.78342,40.32882],[-4.79949,40.36225],[-4.80005,40.36825],[-4.79919,40.37198],[-4.79743,40.37552],[-4.79323,40.38018],[-4.78749,40.38375],[-4.72679,40.40914],[-4.71711,40.4127],[-4.70971,40.41419],[-4.69015,40.41496],[-4.68281,40.41412],[-4.67608,40.41171],[-4.67081,40.40821],[-4.63852,40.37862],[-4.63498,40.37431],[-4.63333,40.37072],[-4.62914,40.35272],[-4.6295,40.33258],[-4.63032,40.32794],[-4.633,40.32292],[-4.64553,40.30769],[-4.65049,40.30367],[-4.65671,40.30085],[-4.65993,40.3],[-4.75389,40.3],[-4.77915,40.32315],[-4.7817,40.32601]]]},"properties":{"issued_at":"2026-07-23T04:00:00Z","hour":6,"heading_deg":140,"speed_kmh":1.0}},{"type":"Feature","geometry":{"type":"Polygon","coordinates":[[[-4.76188,40.33286],[-4.76336,40.3342],[-4.77862,40.3654],[-4.77877,40.36755],[-4.77765,40.36914],[-4.69219,40.39838],[-4.68867,40.39847],[-4.68627,40.39696],[-4.68559,40.39533],[-4.68255,40.36152],[-4.68323,40.36009],[-4.69501,40.34588],[-4.69723,40.34485],[-4.75974,40.33221],[-4.76188,40.33286]]]},"properties":{"issued_at":"2026-07-23T04:30:00Z","hour":0,"heading_deg":155,"speed_kmh":1.2}},{"type":"Feature","geometry":{"type":"Polygon","coordinates":[[[-4.75926,40.32282],[-4.76195,40.32455],[-4.76746,40.33323],[-4.78283,40.36476],[-4.78305,40.36784],[-4.78147,40.37071],[-4.77783,40.37298],[-4.69331,40.40156],[-4.69038,40.40196],[-4.68783,40.4017],[-4.68548,40.40089],[-4.68324,40.39934],[-4.678,40.3911],[-4.67722,40.38913],[-4.67408,40.35468],[-4.67533,40.35156],[-4.68704,40.33733],[-4.68911,40.33577],[-4.69194,40.33475],[-4.75261,40.32221],[-4.75545,40.32199],[-4.75926,40.32282]]]},"properties":{"issued_at":"2026-07-23T04:30:00Z","hour":1,"heading_deg":155,"speed_kmh":1.2}},{"type":"Feature","geometry":{"type":"Polygon","coordinates":[[[-4.75703,40.31298],[-4.76154,40.31601],[-4.7712,40.33161],[-4.78689,40.36376],[-4.78736,40.36782],[-4.78571,40.3717],[-4.78324,40.3741],[-4.77994,40.37583],[-4.69484,40.40461],[-4.69113,40.40521],[-4.68735,40.40498],[-4.68381,40.40393],[-4.6808,40.40216],[-4.6783,40.39941],[-4.66985,40.38538],[-4.66894,40.3832],[-4.66562,40.34853],[-4.66613,40.34535],[-4.66765,40.34273],[-4.67936,40.32852],[-4.68192,40.32648],[-4.68471,40.32519],[-4.74732,40.31212],[-4.75161,40.31179],[-4.75703,40.31298]]]},"properties":{"issued_at":"2026-07-23T04:30:00Z","hour":2,"heading_deg":155,"speed_kmh":1.2}},{"type":"Feature","geometry":{"type":"Polygon","coordinates":[[[-4.7548,40.30313],[-4.75767,40.30459],[-4.76087,40.30722],[-4.77498,40.33008],[-4.79129,40.36373],[-4.79161,40.36814],[-4.78969,40.37294],[-4.7862,40.37645],[-4.78186,40.37875],[-4.69637,40.40767],[-4.69147,40.40848],[-4.68691,40.40825],[-4.68218,40.40698],[-4.67903,40.40536],[-4.67668,40.40353],[-4.67443,40.40078],[-4.66175,40.37974],[-4.66059,40.37696],[-4.65718,40.34166],[-4.65754,40.33846],[-4.65927,40.33483],[-4.67168,40.31972],[-4.67471,40.31722],[-4.67778,40.31564],[-4.68136,40.31456],[-4.74203,40.30202],[-4.74778,40.30159],[-4.7548,40.30313]]]},"properties":{"issued_at":"2026-07-23T04:30:00Z","hour":3,"heading_deg":155,"speed_kmh":1.2}},{"type":"Feature","geometry":{"type":"Polygon","coordinates":[[[-4.77922,40.32934],[-4.79503,40.36178],[-4.79588,40.36508],[-4.79561,40.36976],[-4.79437,40.37298],[-4.79231,40.37596],[-4.78917,40.37881],[-4.78377,40.38168],[-4.69791,40.41072],[-4.69181,40.41174],[-4.68559,40.41139],[-4.67976,40.4097],[-4.67479,40.40681],[-4.67056,40.40215],[-4.65384,40.37442],[-4.65224,40.37073],[-4.64872,40.3344],[-4.64961,40.32956],[-4.65207,40.32537],[-4.66525,40.30969],[-4.66982,40.30662],[-4.67531,40.30464],[-4.69769,40.3],[-4.76158,40.30012],[-4.77922,40.32934]]]},"properties":{"issued_at":"2026-07-23T04:30:00Z","hour":4,"heading_deg":155,"speed_kmh":1.2}},{"type":"Feature","geometry":{"type":"Polygon","coordinates":[[[-4.7986,40.35966],[-4.79974,40.36274],[-4.80025,40.36675],[-4.7997,40.37075],[-4.79812,40.37459],[-4.79556,40.37811],[-4.79052,40.38225],[-4.78569,40.3846],[-4.69944,40.41378],[-4.69216,40.415],[-4.68472,40.41459],[-4.68039,40.41355],[-4.67599,40.41177],[-4.6704,40.40798],[-4.66668,40.40353],[-4.64579,40.36886],[-4.64389,40.36449],[-4.64033,40.32877],[-4.64071,40.32371],[-4.64227,40.31967],[-4.64371,40.31744],[-4.65552,40.30301],[-4.65859,40.3],[-4.76625,40.3],[-4.78273,40.32733],[-4.7986,40.35966]]]},"properties":{"issued_at":"2026-07-23T04:30:00Z","hour":5,"heading_deg":155,"speed_kmh":1.2}},{"type":"Feature","geometry":{"type":"Polygon","coordinates":[[[-4.8026,40.35851],[-4.80432,40.36403],[-4.8044,40.36871],[-4.80325,40.37331],[-4.80093,40.37765],[-4.79752,40.38153],[-4.79279,40.38504],[-4.78644,40.38795],[-4.7014,40.41671],[-4.69582,40.41794],[-4.6896,40.41832],[-4.68147,40.41732],[-4.67611,40.41563],[-4.67092,40.41296],[-4.66536,40.4083],[-4.66281,40.4049],[-4.63773,40.3633],[-4.63628,40.36041],[-4.63508,40.35606],[-4.63183,40.32065],[-4.63234,40.31615],[-4.63417,40.31145],[-4.64308,40.3],[-4.77096,40.3],[-4.7866,40.32596],[-4.8026,40.35851]]]},"properties":{"issued_at":"2026-07-23T04:30:00Z","hour":6,"heading_deg":155,"speed_kmh":1.2}},{"type":"Feature","geometry":{"type":"Polygon","coordinates":[[[-4.76241,40.34882],[-4.76449,40.35007],[-4.77803,40.36456],[-4.7788,40.36587],[-4.77874,40.36766],[-4.77722,40.36945],[-4.74525,40.38972],[-4.71941,40.39701],[-4.69064,40.39868],[-4.68793,40.3982],[-4.68585,40.3963],[-4.67069,40.36405],[-4.67065,40.36168],[-4.67216,40.36001],[-4.69628,40.34513],[-4.69853,40.34472],[-4.71086,40.34486],[-4.76241,40.34882]]]},"properties":{"issued_at":"2026-07-23T05:00:00Z","hour":0,"heading_deg":155,"speed_kmh":1.1}},{"type":"Feature","geometry":{"type":"Polygon","coordinates":[[[-4.70785,40.33571],[-4.75772,40.33941],[-4.76065,40.34004],[-4.76374,40.342],[-4.77776,40.35703],[-4.78237,40.36473],[-4.78275,40.36667],[-4.78237,40.36861],[-4.78126,40.37037],[-4.77967,40.37172],[-4.74679,40.39242],[-4.72023,40.39989],[-4.69074,40.40162],[-4.68659,40.40099],[-4.68308,40.3986],[-4.67855,40.39119],[-4.66332,40.35881],[-4.66286,40.35587],[-4.66382,40.3535],[-4.66599,40.35148],[-4.68985,40.3367],[-4.69213,40.33584],[-4.70785,40.33571]]]},"properties":{"issued_at":"2026-07-23T05:00:00Z","hour":1,"heading_deg":155,"speed_kmh":1.1}},{"type":"Feature","geometry":{"type":"Polygon","coordinates":[[[-4.70446,40.32653],[-4.75433,40.33023],[-4.75952,40.33155],[-4.763,40.33394],[-4.77761,40.34971],[-4.78607,40.36394],[-4.78659,40.36675],[-4.78586,40.3699],[-4.78437,40.3721],[-4.78213,40.37398],[-4.75106,40.3938],[-4.74783,40.39529],[-4.72034,40.40286],[-4.69036,40.40458],[-4.6867,40.40417],[-4.68375,40.40315],[-4.68145,40.40174],[-4.6795,40.39975],[-4.67124,40.38609],[-4.65594,40.35357],[-4.65524,40.34973],[-4.65642,40.34625],[-4.65953,40.34313],[-4.68382,40.32808],[-4.68711,40.32682],[-4.69112,40.32635],[-4.70446,40.32653]]]},"properties":{"issued_at":"2026-07-23T05:00:00Z","hour":2,"heading_deg":155,"speed_kmh":1.1}},{"type":"Feature","geometry":{"type":"Polygon","coordinates":[[[-4.70107,40.31736],[-4.75094,40.32106],[-4.7549,40.32175],[-4.75859,40.32321],[-4.76257,40.3262],[-4.77768,40.34276],[-4.78977,40.36315],[-4.79042,40.36719],[-4.78907,40.37167],[-4.78721,40.37412],[-4.78458,40.37625],[-4.75351,40.39607],[-4.74937,40.39799],[-4.7208,40.40578],[-4.69046,40.40752],[-4.68565,40.407],[-4.68127,40.40542],[-4.67798,40.40319],[-4.67613,40.40116],[-4.66394,40.38099],[-4.6484,40.34793],[-4.64765,40.34325],[-4.64922,40.3387],[-4.65321,40.33469],[-4.67779,40.31946],[-4.68209,40.31779],[-4.68742,40.31717],[-4.70107,40.31736]]]},"properties":{"issued_at":"2026-07-23T05:00:00Z","hour":3,"heading_deg":155,"speed_kmh":1.1}},{"type":"Feature","geometry":{"type":"Polygon","coordinates":[[[-4.69768,40.30819],[-4.74755,40.31189],[-4.75239,40.31272],[-4.75742,40.31476],[-4.7615,40.3178],[-4.77616,40.33353],[-4.79245,40.36024],[-4.79394,40.36385],[-4.79427,40.36692],[-4.7937,40.37032],[-4.79237,40.37322],[-4.79031,40.37585],[-4.78704,40.37851],[-4.75597,40.39833],[-4.75009,40.40094],[-4.72558,40.40789],[-4.72083,40.40875],[-4.68902,40.41044],[-4.68316,40.40946],[-4.67793,40.40721],[-4.67473,40.4048],[-4.67252,40.40224],[-4.65663,40.37588],[-4.64096,40.34255],[-4.64015,40.3397],[-4.64006,40.33677],[-4.64069,40.33389],[-4.64202,40.33114],[-4.64427,40.32837],[-4.6469,40.32625],[-4.67304,40.3102],[-4.67854,40.30844],[-4.68371,40.30798],[-4.69768,40.30819]]]},"properties":{"issued_at":"2026-07-23T05:00:00Z","hour":4,"heading_deg":155,"speed_kmh":1.1}},{"type":"Feature","geometry":{"type":"Polygon","coordinates":[[[-4.75198,40.30436],[-4.75588,40.30612],[-4.75897,40.30817],[-4.77659,40.32697],[-4.79717,40.36157],[-4.79804,40.36517],[-4.79795,40.36882],[-4.79587,40.37444],[-4.79342,40.37758],[-4.7895,40.38078],[-4.75843,40.4006],[-4.75142,40.4037],[-4.72607,40.41087],[-4.72041,40.41174],[-4.68873,40.41338],[-4.68131,40.41207],[-4.67516,40.40928],[-4.67179,40.40669],[-4.66914,40.40364],[-4.64898,40.37009],[-4.63295,40.33549],[-4.63251,40.32995],[-4.63335,40.32652],[-4.63482,40.32359],[-4.63746,40.32034],[-4.64128,40.31736],[-4.66536,40.30243],[-4.67117,40.3],[-4.70754,40.3],[-4.74416,40.30272],[-4.75198,40.30436]]]},"properties":{"issued_at":"2026-07-23T05:00:00Z","hour":5,"heading_deg":155,"speed_kmh":1.1}},{"type":"Feature","geometry":{"type":"Polygon","coordinates":[[[-4.77625,40.31939],[-4.79997,40.35876],[-4.80159,40.3632],[-4.80194,40.36744],[-4.80056,40.37335],[-4.79807,40.37754],[-4.79282,40.38246],[-4.75943,40.40372],[-4.75397,40.40609],[-4.72723,40.41368],[-4.7207,40.41468],[-4.68797,40.41629],[-4.68253,40.41551],[-4.67781,40.41409],[-4.6707,40.41016],[-4.66745,40.40717],[-4.66512,40.40405],[-4.64221,40.36601],[-4.62645,40.3326],[-4.62499,40.32785],[-4.62492,40.32347],[-4.62589,40.31949],[-4.62889,40.31426],[-4.63393,40.3096],[-4.64932,40.3],[-4.75829,40.30013],[-4.77625,40.31939]]]},"properties":{"issued_at":"2026-07-23T05:00:00Z","hour":6,"heading_deg":155,"speed_kmh":1.1}},{"type":"Feature","geometry":{"type":"Polygon","coordinates":[[[-4.76241,40.34882],[-4.76449,40.35007],[-4.77803,40.36456],[-4.77879,40.36583],[-4.77877,40.36758],[-4.77736,40.36936],[-4.7542,40.38539],[-4.74521,40.38974],[-4.71986,40.39693],[-4.70298,40.39819],[-4.70065,40.39791],[-4.6988,40.39679],[-4.68514,40.38312],[-4.67106,40.36465],[-4.67049,40.36217],[-4.67216,40.36001],[-4.69628,40.34513],[-4.69853,40.34472],[-4.71086,40.34486],[-4.76241,40.34882]]]},"properties":{"issued_at":"2026-07-23T05:30:00Z","hour":0,"heading_deg":270,"speed_kmh":1.0}},{"type":"Feature","geometry":{"type":"Polygon","coordinates":[[[-4.71984,40.34223],[-4.77182,40.34631],[-4.77524,40.34817],[-4.78926,40.36314],[-4.7906,40.36573],[-4.79048,40.36818],[-4.7896,40.36989],[-4.78811,40.37133],[-4.76482,40.38745],[-4.75485,40.39228],[-4.7285,40.39969],[-4.71091,40.40097],[-4.69985,40.40057],[-4.69611,40.39855],[-4.6822,40.38463],[-4.66792,40.3659],[-4.66688,40.36282],[-4.66755,40.36033],[-4.6698,40.35799],[-4.69379,40.34312],[-4.69599,40.3423],[-4.71984,40.34223]]]},"properties":{"issued_at":"2026-07-23T05:30:00Z","hour":1,"heading_deg":270,"speed_kmh":1.0}},{"type":"Feature","geometry":{"type":"Polygon","coordinates":[[[-4.72814,40.33956],[-4.78123,40.34379],[-4.78381,40.34481],[-4.78627,40.34654],[-4.80073,40.36201],[-4.80233,40.36529],[-4.8022,40.36878],[-4.80118,40.37092],[-4.79918,40.37305],[-4.77544,40.38951],[-4.7645,40.39482],[-4.73693,40.40247],[-4.71931,40.40373],[-4.70209,40.40362],[-4.6986,40.40311],[-4.69605,40.40214],[-4.69373,40.40059],[-4.67927,40.38615],[-4.66478,40.36714],[-4.66373,40.3651],[-4.66334,40.36274],[-4.66454,40.35885],[-4.66744,40.35597],[-4.6917,40.34093],[-4.69483,40.33974],[-4.69859,40.3393],[-4.72814,40.33956]]]},"properties":{"issued_at":"2026-07-23T05:30:00Z","hour":2,"heading_deg":270,"speed_kmh":1.0}},{"type":"Feature","geometry":{"type":"Polygon","coordinates":[[[-4.73659,40.3369],[-4.78689,40.34063],[-4.79064,40.34128],[-4.79447,40.34284],[-4.7973,40.3449],[-4.81196,40.36059],[-4.81406,40.36484],[-4.81391,40.36938],[-4.81232,40.37257],[-4.80923,40.37555],[-4.78539,40.39201],[-4.77371,40.39751],[-4.74567,40.40521],[-4.72718,40.4065],[-4.70188,40.40633],[-4.69735,40.40565],[-4.69417,40.40443],[-4.69103,40.40235],[-4.67633,40.38766],[-4.66142,40.36807],[-4.66032,40.36584],[-4.65981,40.36267],[-4.66027,40.35995],[-4.66133,40.35771],[-4.66508,40.35395],[-4.68961,40.33874],[-4.69368,40.33717],[-4.69861,40.33658],[-4.73659,40.3369]]]},"properties":{"issued_at":"2026-07-23T05:30:00Z","hour":3,"heading_deg":270,"speed_kmh":1.0}},{"type":"Feature","geometry":{"type":"Polygon","coordinates":[[[-4.74504,40.33424],[-4.79549,40.33798],[-4.80005,40.33876],[-4.80441,40.34048],[-4.80832,40.34327],[-4.82318,40.35917],[-4.82482,40.36168],[-4.82579,40.36439],[-4.82607,40.36719],[-4.82563,40.36998],[-4.82369,40.37391],[-4.81985,40.37761],[-4.7959,40.39416],[-4.78268,40.40026],[-4.75817,40.40721],[-4.75399,40.40799],[-4.7354,40.40926],[-4.70168,40.40904],[-4.69611,40.40819],[-4.69228,40.40673],[-4.68834,40.40411],[-4.6734,40.38917],[-4.65828,40.36932],[-4.65692,40.36658],[-4.65627,40.36259],[-4.65683,40.35932],[-4.65812,40.35657],[-4.66011,40.35407],[-4.66272,40.35193],[-4.6887,40.33596],[-4.69387,40.33431],[-4.69864,40.33387],[-4.74504,40.33424]]]},"properties":{"issued_at":"2026-07-23T05:30:00Z","hour":4,"heading_deg":270,"speed_kmh":1.0}},{"type":"Feature","geometry":{"type":"Polygon","coordinates":[[[-4.75349,40.33158],[-4.80408,40.33532],[-4.80946,40.33625],[-4.81471,40.33832],[-4.81825,40.34067],[-4.8344,40.35775],[-4.83636,40.36073],[-4.83752,40.36394],[-4.83786,40.36727],[-4.83735,40.37058],[-4.83527,40.37494],[-4.83142,40.37897],[-4.80516,40.39702],[-4.79344,40.40245],[-4.76765,40.40981],[-4.76273,40.41073],[-4.74363,40.41202],[-4.70147,40.41175],[-4.69486,40.41073],[-4.6904,40.40903],[-4.68565,40.40587],[-4.67047,40.39069],[-4.65514,40.37057],[-4.65311,40.36598],[-4.65275,40.36215],[-4.65339,40.3587],[-4.65491,40.35543],[-4.65727,40.35245],[-4.66036,40.34991],[-4.68691,40.33362],[-4.69305,40.33167],[-4.69867,40.33116],[-4.75349,40.33158]]]},"properties":{"issued_at":"2026-07-23T05:30:00Z","hour":5,"heading_deg":270,"speed_kmh":1.0}},{"type":"Feature","geometry":{"type":"Polygon","coordinates":[[[-4.76194,40.32892],[-4.81268,40.33267],[-4.81887,40.33374],[-4.82501,40.33616],[-4.82906,40.33884],[-4.84563,40.35633],[-4.8479,40.35977],[-4.84925,40.36349],[-4.84965,40.36735],[-4.84906,40.37118],[-4.84663,40.37629],[-4.84217,40.38095],[-4.81542,40.3993],[-4.80309,40.405],[-4.77713,40.4124],[-4.77146,40.41347],[-4.75185,40.41478],[-4.70127,40.41446],[-4.69361,40.41327],[-4.68851,40.41132],[-4.68443,40.40883],[-4.66753,40.3922],[-4.652,40.37182],[-4.64963,40.36645],[-4.64921,40.36207],[-4.64994,40.35808],[-4.6517,40.35429],[-4.65443,40.35084],[-4.658,40.34789],[-4.68512,40.33128],[-4.69223,40.32903],[-4.6987,40.32844],[-4.76194,40.32892]]]},"properties":{"issued_at":"2026-07-23T05:30:00Z","hour":6,"heading_deg":270,"speed_kmh":1.0}},{"type":"Feature","geometry":{"type":"Polygon","coordinates":[[[-4.71122,40.34488],[-4.77492,40.34955],[-4.7768,40.35065],[-4.77775,40.35231],[-4.77876,40.3676],[-4.76759,40.38449],[-4.76565,40.38602],[-4.71954,40.39699],[-4.7011,40.39803],[-4.6988,40.39679],[-4.68514,40.38312],[-4.67106,40.36465],[-4.67042,40.363],[-4.67105,40.361],[-4.68324,40.34541],[-4.68573,40.34466],[-4.71122,40.34488]]]},"properties":{"issued_at":"2026-07-23T06:00:00Z","hour":0,"heading_deg":315,"speed_kmh":1.0}},{"type":"Feature","geometry":{"type":"Polygon","coordinates":[[[-4.71155,40.34218],[-4.77611,40.347],[-4.77855,40.34814],[-4.78484,40.35289],[-4.78674,40.35521],[-4.78831,40.37073],[-4.78809,40.37261],[-4.77652,40.3903],[-4.77504,40.39181],[-4.77305,40.39291],[-4.72627,40.40407],[-4.709,40.40535],[-4.70527,40.4049],[-4.70287,40.40374],[-4.69642,40.39883],[-4.68267,40.38515],[-4.66801,40.36602],[-4.66708,40.36421],[-4.66694,40.36205],[-4.6677,40.36007],[-4.67933,40.34468],[-4.68225,40.34268],[-4.68621,40.34193],[-4.71155,40.34218]]]},"properties":{"issued_at":"2026-07-23T06:00:00Z","hour":1,"heading_deg":315,"speed_kmh":1.0}},{"type":"Feature","geometry":{"type":"Polygon","coordinates":[[[-4.71187,40.33947],[-4.77418,40.34388],[-4.77797,40.34466],[-4.78096,40.34615],[-4.7932,40.35542],[-4.79571,40.35831],[-4.79657,40.36097],[-4.7977,40.37502],[-4.79722,40.37818],[-4.78521,40.39642],[-4.78331,40.39825],[-4.78045,40.39981],[-4.73301,40.41115],[-4.71454,40.41253],[-4.70924,40.41167],[-4.70629,40.41015],[-4.69373,40.40059],[-4.67986,40.3868],[-4.66495,40.36739],[-4.66361,40.36473],[-4.66342,40.3618],[-4.66428,40.35929],[-4.67636,40.34321],[-4.6805,40.34032],[-4.68624,40.33922],[-4.71187,40.33947]]]},"properties":{"issued_at":"2026-07-23T06:00:00Z","hour":2,"heading_deg":315,"speed_kmh":1.0}},{"type":"Feature","geometry":{"type":"Polygon","coordinates":[[[-4.7122,40.33677],[-4.77451,40.34118],[-4.77993,40.34237],[-4.78372,40.34442],[-4.80155,40.35794],[-4.80462,40.36133],[-4.806,40.36553],[-4.80712,40.37974],[-4.80646,40.38346],[-4.79414,40.40223],[-4.79124,40.40493],[-4.78786,40.40671],[-4.73975,40.41823],[-4.72056,40.4197],[-4.71644,40.41935],[-4.71311,40.41839],[-4.70971,40.41656],[-4.69039,40.40176],[-4.67633,40.38766],[-4.6619,40.36875],[-4.66038,40.36601],[-4.65985,40.36189],[-4.661,40.35828],[-4.67339,40.34174],[-4.67598,40.33946],[-4.67874,40.33797],[-4.68241,40.33686],[-4.68627,40.3365],[-4.7122,40.33677]]]},"properties":{"issued_at":"2026-07-23T06:00:00Z","hour":3,"heading_deg":315,"speed_kmh":1.0}},{"type":"Feature","geometry":{"type":"Polygon","coordinates":[[[-4.71252,40.33407],[-4.77554,40.33855],[-4.77926,40.33922],[-4.78272,40.34044],[-4.78613,40.34243],[-4.80991,40.36046],[-4.81309,40.36371],[-4.81458,40.3664],[-4.8154,40.36981],[-4.81653,40.38456],[-4.81553,40.38912],[-4.80308,40.40804],[-4.79952,40.41137],[-4.79483,40.41376],[-4.74505,40.42554],[-4.72515,40.42685],[-4.72139,40.42642],[-4.7174,40.42527],[-4.71314,40.42297],[-4.68758,40.40341],[-4.6734,40.38917],[-4.65885,40.37012],[-4.65699,40.36678],[-4.65627,40.36267],[-4.65754,40.35759],[-4.67042,40.34027],[-4.67368,40.3374],[-4.67699,40.33561],[-4.6816,40.33422],[-4.6863,40.33379],[-4.71252,40.33407]]]},"properties":{"issued_at":"2026-07-23T06:00:00Z","hour":4,"heading_deg":315,"speed_kmh":1.0}},{"type":"Feature","geometry":{"type":"Polygon","coordinates":[[[-4.71217,40.33133],[-4.77516,40.33578],[-4.78045,40.33666],[-4.78456,40.33813],[-4.78892,40.34073],[-4.81826,40.36299],[-4.82203,40.36682],[-4.82381,40.37001],[-4.8248,40.3741],[-4.82594,40.38899],[-4.82477,40.39441],[-4.81105,40.41498],[-4.80779,40.41781],[-4.80224,40.42065],[-4.75143,40.43267],[-4.73081,40.43401],[-4.72589,40.4334],[-4.72014,40.43148],[-4.71601,40.42898],[-4.68478,40.40506],[-4.67047,40.39069],[-4.65579,40.37149],[-4.6536,40.36756],[-4.65273,40.36268],[-4.65309,40.35975],[-4.65426,40.35658],[-4.66745,40.33879],[-4.67137,40.33534],[-4.67524,40.33325],[-4.68079,40.33158],[-4.68633,40.33108],[-4.71217,40.33133]]]},"properties":{"issued_at":"2026-07-23T06:00:00Z","hour":5,"heading_deg":315,"speed_kmh":1.0}},{"type":"Feature","geometry":{"type":"Polygon","coordinates":[[[-4.71236,40.32862],[-4.77548,40.33308],[-4.78165,40.33411],[-4.78681,40.336],[-4.79141,40.3388],[-4.82662,40.36551],[-4.83097,40.36993],[-4.83304,40.37363],[-4.8342,40.37839],[-4.83534,40.39342],[-4.83484,40.39727],[-4.834,40.3997],[-4.81979,40.42102],[-4.81444,40.4253],[-4.80964,40.42755],[-4.7578,40.43981],[-4.736,40.44115],[-4.72882,40.43998],[-4.72412,40.43823],[-4.71963,40.43554],[-4.68265,40.40735],[-4.66753,40.3922],[-4.65274,40.37286],[-4.65021,40.36833],[-4.6492,40.36268],[-4.64971,40.35889],[-4.65098,40.35557],[-4.66448,40.33732],[-4.66907,40.33329],[-4.67349,40.33089],[-4.67998,40.32894],[-4.68636,40.32836],[-4.71236,40.32862]]]},"properties":{"issued_at":"2026-07-23T06:00:00Z","hour":6,"heading_deg":315,"speed_kmh":1.0}},{"type":"Feature","geometry":{"type":"Polygon","coordinates":[[[-4.77478,40.34951],[-4.77662,40.35048],[-4.77776,40.35233],[-4.77876,40.3676],[-4.76759,40.38449],[-4.7654,40.38611],[-4.7285,40.3994],[-4.70092,40.39799],[-4.6988,40.39679],[-4.68467,40.38226],[-4.68143,40.34848],[-4.68229,40.34617],[-4.68483,40.34478],[-4.6985,40.34472],[-4.77478,40.34951]]]},"properties":{"issued_at":"2026-07-23T06:30:00Z","hour":0,"heading_deg":137,"speed_kmh":1.0}},{"type":"Feature","geometry":{"type":"Polygon","coordinates":[[[-4.69343,40.33744],[-4.77052,40.34243],[-4.77315,40.34374],[-4.77918,40.34861],[-4.78091,40.35086],[-4.78244,40.36628],[-4.78222,40.36816],[-4.77065,40.38584],[-4.76897,40.3875],[-4.76706,40.38851],[-4.72916,40.40206],[-4.69955,40.40049],[-4.69693,40.39923],[-4.69042,40.39396],[-4.67689,40.38045],[-4.67554,40.37827],[-4.67331,40.3579],[-4.67226,40.34296],[-4.67321,40.34065],[-4.67488,40.339],[-4.67758,40.33774],[-4.68053,40.33734],[-4.69343,40.33744]]]},"properties":{"issued_at":"2026-07-23T06:30:00Z","hour":1,"heading_deg":137,"speed_kmh":1.0}},{"type":"Feature","geometry":{"type":"Polygon","coordinates":[[[-4.68803,40.33014],[-4.76267,40.33469],[-4.76667,40.33549],[-4.77039,40.33756],[-4.78175,40.34675],[-4.78389,40.34925],[-4.78484,40.35208],[-4.78597,40.36612],[-4.78549,40.36927],[-4.7735,40.38748],[-4.77143,40.38945],[-4.76842,40.39102],[-4.72981,40.40473],[-4.72659,40.4049],[-4.70174,40.40361],[-4.69778,40.40286],[-4.69446,40.40117],[-4.68204,40.39112],[-4.6683,40.37741],[-4.66641,40.37428],[-4.66409,40.35343],[-4.66315,40.33762],[-4.66438,40.33482],[-4.66723,40.33213],[-4.67076,40.33058],[-4.67488,40.33003],[-4.68803,40.33014]]]},"properties":{"issued_at":"2026-07-23T06:30:00Z","hour":2,"heading_deg":137,"speed_kmh":1.0}},{"type":"Feature","geometry":{"type":"Polygon","coordinates":[[[-4.68263,40.32284],[-4.75727,40.32739],[-4.76332,40.32876],[-4.76683,40.33075],[-4.78432,40.34488],[-4.78716,40.34821],[-4.78836,40.35178],[-4.7895,40.36595],[-4.78885,40.37011],[-4.77657,40.38883],[-4.77389,40.3914],[-4.76993,40.39347],[-4.73393,40.40651],[-4.73047,40.40739],[-4.72636,40.40761],[-4.70151,40.40632],[-4.69551,40.40503],[-4.69167,40.40288],[-4.67366,40.38828],[-4.65972,40.37436],[-4.65728,40.37028],[-4.65488,40.34895],[-4.6538,40.33519],[-4.65407,40.3322],[-4.65605,40.32832],[-4.65923,40.32549],[-4.66393,40.32342],[-4.66923,40.32273],[-4.68263,40.32284]]]},"properties":{"issued_at":"2026-07-23T06:30:00Z","hour":3,"heading_deg":137,"speed_kmh":1.0}},{"type":"Feature","geometry":{"type":"Polygon","coordinates":[[[-4.67723,40.31555],[-4.75187,40.3201],[-4.75605,40.32072],[-4.75975,40.32197],[-4.76416,40.32464],[-4.78688,40.34301],[-4.78984,40.34623],[-4.79119,40.34879],[-4.79193,40.35201],[-4.79306,40.36675],[-4.79206,40.37131],[-4.77893,40.39104],[-4.77535,40.39402],[-4.77144,40.39593],[-4.73544,40.40897],[-4.73113,40.41006],[-4.72612,40.41032],[-4.7006,40.40898],[-4.69344,40.40726],[-4.6892,40.40482],[-4.66557,40.3857],[-4.65087,40.37103],[-4.64815,40.36629],[-4.64567,40.34452],[-4.64456,40.33024],[-4.64491,40.32712],[-4.64738,40.32227],[-4.65123,40.31885],[-4.65711,40.31626],[-4.66358,40.31542],[-4.67723,40.31555]]]},"properties":{"issued_at":"2026-07-23T06:30:00Z","hour":4,"heading_deg":137,"speed_kmh":1.0}},{"type":"Feature","geometry":{"type":"Polygon","coordinates":[[[-4.67183,40.30825],[-4.74647,40.3128],[-4.75148,40.31355],[-4.75579,40.31501],[-4.76104,40.31818],[-4.78945,40.34114],[-4.79296,40.34495],[-4.79456,40.34799],[-4.79546,40.35184],[-4.7966,40.36673],[-4.79543,40.37215],[-4.78293,40.39124],[-4.78055,40.39388],[-4.77756,40.39614],[-4.77295,40.39838],[-4.73695,40.41142],[-4.73131,40.41279],[-4.72588,40.41302],[-4.69976,40.41164],[-4.69408,40.4105],[-4.69035,40.409],[-4.68626,40.40639],[-4.6569,40.3826],[-4.64229,40.36799],[-4.64041,40.36542],[-4.63902,40.3623],[-4.63648,40.34042],[-4.63538,40.32633],[-4.63613,40.32076],[-4.63896,40.31593],[-4.64134,40.31359],[-4.64457,40.3114],[-4.65071,40.30898],[-4.65793,40.30812],[-4.67183,40.30825]]]},"properties":{"issued_at":"2026-07-23T06:30:00Z","hour":5,"heading_deg":137,"speed_kmh":1.0}},{"type":"Feature","geometry":{"type":"Polygon","coordinates":[[[-4.66643,40.30095],[-4.74208,40.30558],[-4.74733,40.30649],[-4.75355,40.30886],[-4.75768,40.31152],[-4.79201,40.33928],[-4.79587,40.34337],[-4.79794,40.34718],[-4.79899,40.35167],[-4.80013,40.36671],[-4.79963,40.37056],[-4.79879,40.37299],[-4.786,40.39259],[-4.78127,40.39725],[-4.77535,40.40049],[-4.73847,40.41387],[-4.73244,40.41539],[-4.7272,40.41577],[-4.70079,40.41444],[-4.69459,40.41353],[-4.68839,40.41126],[-4.68369,40.40826],[-4.64881,40.38002],[-4.6337,40.36495],[-4.63149,40.36192],[-4.62989,40.35831],[-4.62728,40.33604],[-4.62616,40.3219],[-4.62623,40.31885],[-4.62718,40.31509],[-4.6303,40.30988],[-4.63341,40.30688],[-4.63684,40.3046],[-4.64389,40.30182],[-4.65227,40.30081],[-4.66643,40.30095]]]},"properties":{"issued_at":"2026-07-23T06:30:00Z","hour":6,"heading_deg":137,"speed_kmh":1.0}},{"type":"Feature","geometry":{"type":"Polygon","coordinates":[[[-4.77479,40.34951],[-4.7769,40.35075],[-4.77776,40.35233],[-4.77876,40.3676],[-4.76759,40.38449],[-4.7654,40.38611],[-4.7285,40.3994],[-4.70092,40.39799],[-4.6988,40.39679],[-4.68467,40.38226],[-4.68143,40.34848],[-4.68229,40.34617],[-4.68483,40.34478],[-4.6985,40.34472],[-4.77479,40.34951]]]},"properties":{"issued_at":"2026-07-23T07:00:00Z","hour":0,"heading_deg":102,"speed_kmh":1.0}},{"type":"Feature","geometry":{"type":"Polygon","coordinates":[[[-4.69105,40.34067],[-4.76569,40.34522],[-4.77589,40.34693],[-4.77937,40.34877],[-4.78113,40.35144],[-4.78232,40.36778],[-4.78154,40.36956],[-4.77073,40.38573],[-4.76872,40.38767],[-4.73091,40.4016],[-4.72701,40.4022],[-4.70198,40.40091],[-4.69181,40.39922],[-4.68794,40.39709],[-4.67451,40.38368],[-4.67306,40.38116],[-4.67092,40.36107],[-4.66988,40.34619],[-4.67083,40.34388],[-4.6725,40.34224],[-4.6752,40.34097],[-4.67815,40.34057],[-4.69105,40.34067]]]},"properties":{"issued_at":"2026-07-23T07:00:00Z","hour":1,"heading_deg":102,"speed_kmh":1.0}},{"type":"Feature","geometry":{"type":"Polygon","coordinates":[[[-4.68327,40.3366],[-4.75791,40.34115],[-4.77699,40.34436],[-4.78167,40.34668],[-4.78339,40.34848],[-4.78443,40.35039],[-4.78597,40.36612],[-4.78568,40.36871],[-4.78469,40.3708],[-4.77388,40.38697],[-4.77093,40.38979],[-4.73165,40.40431],[-4.72695,40.40492],[-4.70141,40.40359],[-4.68269,40.40045],[-4.67972,40.39931],[-4.67707,40.39738],[-4.66328,40.38359],[-4.66143,40.37989],[-4.65933,40.35989],[-4.65839,40.34408],[-4.65995,40.34083],[-4.66247,40.3386],[-4.666,40.33704],[-4.67012,40.3365],[-4.68327,40.3366]]]},"properties":{"issued_at":"2026-07-23T07:00:00Z","hour":2,"heading_deg":102,"speed_kmh":1.0}},{"type":"Feature","geometry":{"type":"Polygon","coordinates":[[[-4.67549,40.33254],[-4.75064,40.33713],[-4.7781,40.34178],[-4.78161,40.34312],[-4.78419,40.34478],[-4.78651,40.3472],[-4.78781,40.34959],[-4.7884,40.35217],[-4.7895,40.36595],[-4.78914,40.36927],[-4.78784,40.37203],[-4.77703,40.3882],[-4.77314,40.39191],[-4.76993,40.39347],[-4.733,40.40682],[-4.72689,40.40763],[-4.70057,40.40625],[-4.67264,40.40141],[-4.6697,40.40021],[-4.66681,40.39823],[-4.65288,40.38437],[-4.65092,40.38179],[-4.6498,40.37853],[-4.64666,40.34489],[-4.64693,40.34189],[-4.64891,40.33802],[-4.65209,40.33519],[-4.65679,40.33311],[-4.66209,40.33242],[-4.67549,40.33254]]]},"properties":{"issued_at":"2026-07-23T07:00:00Z","hour":3,"heading_deg":102,"speed_kmh":1.0}},{"type":"Feature","geometry":{"type":"Polygon","coordinates":[[[-4.66771,40.32847],[-4.74302,40.33308],[-4.78046,40.33957],[-4.78399,40.34108],[-4.78761,40.34365],[-4.78984,40.34623],[-4.79119,40.34879],[-4.79193,40.35201],[-4.79303,40.36579],[-4.79261,40.36982],[-4.79099,40.37327],[-4.77986,40.38989],[-4.77535,40.39402],[-4.77144,40.39592],[-4.73299,40.4097],[-4.72684,40.41034],[-4.70016,40.40894],[-4.66321,40.40255],[-4.65969,40.40111],[-4.65605,40.39863],[-4.64201,40.38467],[-4.63913,40.38055],[-4.63816,40.37699],[-4.63507,40.34369],[-4.6357,40.33902],[-4.63811,40.33491],[-4.64278,40.33113],[-4.64802,40.32907],[-4.65406,40.32835],[-4.66771,40.32847]]]},"properties":{"issued_at":"2026-07-23T07:00:00Z","hour":4,"heading_deg":102,"speed_kmh":1.0}},{"type":"Feature","geometry":{"type":"Polygon","coordinates":[[[-4.65993,40.32441],[-4.73541,40.32902],[-4.78188,40.33709],[-4.786,40.33885],[-4.78924,40.34098],[-4.79275,40.34465],[-4.79443,40.34766],[-4.79539,40.3512],[-4.79656,40.36562],[-4.79607,40.37038],[-4.79413,40.37451],[-4.78293,40.39124],[-4.78055,40.39388],[-4.77756,40.39614],[-4.77296,40.39838],[-4.73399,40.4123],[-4.72678,40.41305],[-4.69976,40.41164],[-4.65378,40.4037],[-4.64967,40.40201],[-4.64529,40.39902],[-4.63115,40.38496],[-4.62851,40.38158],[-4.62666,40.37649],[-4.62459,40.35658],[-4.6235,40.34018],[-4.62436,40.33659],[-4.62598,40.33352],[-4.62944,40.32975],[-4.63448,40.32665],[-4.64045,40.32478],[-4.64603,40.32428],[-4.65993,40.32441]]]},"properties":{"issued_at":"2026-07-23T07:00:00Z","hour":5,"heading_deg":102,"speed_kmh":1.0}},{"type":"Feature","geometry":{"type":"Polygon","coordinates":[[[-4.65215,40.32034],[-4.72825,40.32502],[-4.77904,40.33352],[-4.7833,40.3346],[-4.78801,40.33661],[-4.79176,40.33907],[-4.79484,40.34204],[-4.79781,40.34686],[-4.7989,40.3509],[-4.80009,40.36545],[-4.79953,40.37093],[-4.79777,40.37496],[-4.78647,40.39192],[-4.78445,40.39445],[-4.78127,40.39725],[-4.77447,40.40083],[-4.73454,40.415],[-4.72672,40.41577],[-4.69935,40.41433],[-4.64435,40.40484],[-4.63966,40.40291],[-4.63453,40.39941],[-4.61968,40.38462],[-4.61703,40.38099],[-4.61561,40.3777],[-4.61499,40.3747],[-4.61189,40.34129],[-4.61223,40.33669],[-4.61355,40.333],[-4.61578,40.32957],[-4.61882,40.32653],[-4.62293,40.32379],[-4.62728,40.32191],[-4.63202,40.3207],[-4.638,40.3202],[-4.65215,40.32034]]]},"properties":{"issued_at":"2026-07-23T07:00:00Z","hour":6,"heading_deg":102,"speed_kmh":1.0}},{"type":"Feature","geometry":{"type":"Polygon","coordinates":[[[-4.71124,40.34488],[-4.76241,40.34882],[-4.76449,40.35007],[-4.77803,40.36456],[-4.7788,40.36587],[-4.77884,40.3673],[-4.76759,40.38449],[-4.7654,40.38611],[-4.7285,40.3994],[-4.70092,40.39799],[-4.6988,40.39679],[-4.68511,40.38307],[-4.67078,40.36366],[-4.67017,40.36197],[-4.6709,40.35994],[-4.6831,40.3455],[-4.6857,40.34466],[-4.71124,40.34488]]]},"properties":{"issued_at":"2026-07-23T07:30:00Z","hour":0,"heading_deg":100,"speed_kmh":1.0}},{"type":"Feature","geometry":{"type":"Polygon","coordinates":[[[-4.70346,40.34108],[-4.75333,40.34478],[-4.76315,40.34615],[-4.76699,40.34812],[-4.78101,40.36309],[-4.78228,40.3654],[-4.78229,40.3679],[-4.77073,40.38573],[-4.76872,40.38767],[-4.73091,40.4016],[-4.72701,40.4022],[-4.70198,40.40091],[-4.69174,40.39948],[-4.68826,40.39771],[-4.67439,40.3839],[-4.65957,40.3639],[-4.65866,40.36204],[-4.6586,40.35983],[-4.65946,40.35782],[-4.67114,40.34366],[-4.67422,40.34154],[-4.67808,40.34083],[-4.70346,40.34108]]]},"properties":{"issued_at":"2026-07-23T07:30:00Z","hour":1,"heading_deg":100,"speed_kmh":1.0}},{"type":"Feature","geometry":{"type":"Polygon","coordinates":[[[-4.69567,40.33728],[-4.74587,40.34101],[-4.76473,40.34369],[-4.76766,40.34491],[-4.76976,40.34644],[-4.78398,40.36162],[-4.78577,40.36493],[-4.78574,40.36851],[-4.78469,40.3708],[-4.77388,40.38697],[-4.77093,40.38979],[-4.73165,40.40431],[-4.72695,40.40492],[-4.70174,40.40361],[-4.68255,40.40097],[-4.67995,40.40002],[-4.67743,40.39837],[-4.66332,40.3843],[-4.64836,40.36414],[-4.64697,40.36105],[-4.64696,40.3584],[-4.64826,40.35538],[-4.6604,40.34069],[-4.66457,40.338],[-4.66998,40.33702],[-4.69567,40.33728]]]},"properties":{"issued_at":"2026-07-23T07:30:00Z","hour":2,"heading_deg":100,"speed_kmh":1.0}},{"type":"Feature","geometry":{"type":"Polygon","coordinates":[[[-4.68745,40.33346],[-4.73775,40.33719],[-4.76588,40.34113],[-4.76971,40.3427],[-4.77254,40.34475],[-4.78721,40.36046],[-4.78925,40.36446],[-4.78952,40.36679],[-4.78919,40.36911],[-4.78784,40.37203],[-4.77703,40.3882],[-4.77314,40.39191],[-4.76993,40.39347],[-4.733,40.40682],[-4.72689,40.40763],[-4.70101,40.40629],[-4.67243,40.4022],[-4.6695,40.401],[-4.66661,40.39902],[-4.65224,40.3847],[-4.63691,40.36403],[-4.63523,40.35963],[-4.63532,40.35697],[-4.63659,40.35366],[-4.64939,40.33803],[-4.65228,40.33573],[-4.65491,40.33445],[-4.65827,40.33352],[-4.66189,40.33321],[-4.68745,40.33346]]]},"properties":{"issued_at":"2026-07-23T07:30:00Z","hour":3,"heading_deg":100,"speed_kmh":1.0}},{"type":"Feature","geometry":{"type":"Polygon","coordinates":[[[-4.67952,40.32965],[-4.72996,40.33339],[-4.76704,40.33857],[-4.7714,40.34028],[-4.77531,40.34307],[-4.79018,40.35899],[-4.79185,40.36157],[-4.79273,40.36399],[-4.79306,40.36686],[-4.79264,40.36972],[-4.79099,40.37327],[-4.77986,40.38989],[-4.77535,40.39402],[-4.77144,40.39592],[-4.73299,40.4097],[-4.72684,40.41034],[-4.7006,40.40898],[-4.66294,40.40361],[-4.65942,40.40216],[-4.65578,40.39968],[-4.64117,40.3851],[-4.62563,40.36415],[-4.62425,40.36152],[-4.62358,40.35873],[-4.62368,40.35554],[-4.62523,40.35146],[-4.63926,40.3345],[-4.64201,40.33247],[-4.64568,40.33075],[-4.64928,40.32979],[-4.65379,40.3294],[-4.67952,40.32965]]]},"properties":{"issued_at":"2026-07-23T07:30:00Z","hour":4,"heading_deg":100,"speed_kmh":1.0}},{"type":"Feature","geometry":{"type":"Polygon","coordinates":[[[-4.67159,40.32585],[-4.72218,40.32959],[-4.7682,40.336],[-4.77344,40.33807],[-4.77699,40.34042],[-4.79316,40.35752],[-4.79514,40.36058],[-4.7963,40.36388],[-4.79658,40.36729],[-4.79598,40.37068],[-4.79413,40.37451],[-4.78293,40.39124],[-4.78055,40.39388],[-4.77756,40.39614],[-4.77296,40.39838],[-4.73399,40.4123],[-4.72678,40.41305],[-4.69976,40.41164],[-4.65807,40.40603],[-4.65344,40.40501],[-4.64933,40.40333],[-4.64495,40.40033],[-4.63009,40.3855],[-4.61434,40.36427],[-4.61272,40.36114],[-4.61192,40.35783],[-4.61204,40.35411],[-4.61386,40.34926],[-4.62847,40.33162],[-4.63174,40.32922],[-4.63602,40.32721],[-4.6403,40.32606],[-4.64569,40.32559],[-4.67159,40.32585]]]},"properties":{"issued_at":"2026-07-23T07:30:00Z","hour":5,"heading_deg":100,"speed_kmh":1.0}},{"type":"Feature","geometry":{"type":"Polygon","coordinates":[[[-4.66365,40.32204],[-4.71439,40.32579],[-4.76935,40.33344],[-4.77549,40.33586],[-4.77954,40.33854],[-4.79613,40.35605],[-4.79844,40.35959],[-4.79978,40.36341],[-4.80012,40.36736],[-4.79943,40.37128],[-4.79728,40.37575],[-4.786,40.39259],[-4.78323,40.39565],[-4.77978,40.39826],[-4.77447,40.40083],[-4.73454,40.415],[-4.72672,40.41577],[-4.69935,40.41433],[-4.64933,40.40761],[-4.64394,40.40642],[-4.63962,40.40468],[-4.63548,40.40211],[-4.61901,40.38591],[-4.60284,40.36408],[-4.60105,40.36043],[-4.60023,40.35658],[-4.60076,40.3511],[-4.6025,40.34706],[-4.61767,40.32874],[-4.62185,40.32574],[-4.62636,40.32367],[-4.63131,40.32233],[-4.63759,40.32178],[-4.66365,40.32204]]]},"properties":{"issued_at":"2026-07-23T07:30:00Z","hour":6,"heading_deg":100,"speed_kmh":1.0}},{"type":"Feature","geometry":{"type":"Polygon","coordinates":[[[-4.7237,40.34513],[-4.76217,40.34875],[-4.76449,40.35007],[-4.77803,40.36456],[-4.7788,40.36587],[-4.77884,40.3673],[-4.76759,40.38449],[-4.76568,40.386],[-4.71582,40.39827],[-4.70108,40.39803],[-4.6988,40.39679],[-4.68511,40.38307],[-4.67078,40.36366],[-4.67017,40.36197],[-4.6709,40.35994],[-4.6831,40.3455],[-4.6857,40.34466],[-4.7237,40.34513]]]},"properties":{"issued_at":"2026-07-23T08:00:00Z","hour":0,"heading_deg":24,"speed_kmh":1.0}},{"type":"Feature","geometry":{"type":"Polygon","coordinates":[[[-4.72352,40.3424],[-4.76348,40.34623],[-4.76726,40.34838],[-4.78101,40.36309],[-4.78228,40.3654],[-4.78229,40.3679],[-4.77822,40.37535],[-4.76741,40.39152],[-4.76422,40.3941],[-4.71339,40.4067],[-4.6991,40.40672],[-4.69649,40.40636],[-4.69309,40.40463],[-4.6792,40.39079],[-4.66438,40.3708],[-4.66335,40.36832],[-4.6638,40.36552],[-4.66759,40.35891],[-4.67917,40.34487],[-4.68235,40.34264],[-4.68621,40.34193],[-4.72352,40.3424]]]},"properties":{"issued_at":"2026-07-23T08:00:00Z","hour":1,"heading_deg":24,"speed_kmh":1.0}},{"type":"Feature","geometry":{"type":"Polygon","coordinates":[[[-4.72422,40.33972],[-4.76479,40.34371],[-4.76738,40.34475],[-4.76972,40.34639],[-4.78398,40.36162],[-4.78577,40.36493],[-4.78574,40.36851],[-4.7782,40.38214],[-4.76724,40.39856],[-4.76545,40.40053],[-4.76316,40.40202],[-4.76034,40.40305],[-4.71097,40.41512],[-4.69572,40.41522],[-4.69147,40.41456],[-4.68708,40.41218],[-4.67257,40.39766],[-4.65781,40.37769],[-4.65647,40.37396],[-4.65712,40.37046],[-4.6642,40.35805],[-4.67618,40.34342],[-4.68019,40.34045],[-4.68305,40.33954],[-4.68624,40.33922],[-4.72422,40.33972]]]},"properties":{"issued_at":"2026-07-23T08:00:00Z","hour":2,"heading_deg":24,"speed_kmh":1.0}},{"type":"Feature","geometry":{"type":"Polygon","coordinates":[[[-4.72447,40.33701],[-4.76249,40.34051],[-4.76655,40.34133],[-4.76934,40.34249],[-4.77248,40.3447],[-4.78721,40.36046],[-4.78933,40.36482],[-4.78951,40.36715],[-4.78908,40.36947],[-4.7781,40.38906],[-4.76706,40.40559],[-4.76479,40.40811],[-4.7617,40.41012],[-4.75809,40.41143],[-4.70854,40.42354],[-4.69235,40.42373],[-4.68689,40.42289],[-4.68417,40.42181],[-4.68106,40.41973],[-4.6663,40.40496],[-4.65113,40.38439],[-4.65009,40.38223],[-4.64959,40.37915],[-4.6508,40.37469],[-4.66097,40.35695],[-4.6732,40.34196],[-4.67585,40.33955],[-4.67929,40.33775],[-4.68265,40.33681],[-4.68627,40.3365],[-4.72447,40.33701]]]},"properties":{"issued_at":"2026-07-23T08:00:00Z","hour":3,"heading_deg":24,"speed_kmh":1.0}},{"type":"Feature","geometry":{"type":"Polygon","coordinates":[[[-4.72428,40.33428],[-4.76291,40.33781],[-4.76963,40.33945],[-4.77285,40.34114],[-4.77599,40.34375],[-4.79089,40.35993],[-4.79273,40.36399],[-4.79294,40.3683],[-4.79154,40.37236],[-4.77801,40.39597],[-4.7653,40.41459],[-4.76176,40.4174],[-4.75694,40.41951],[-4.70734,40.4317],[-4.70208,40.43237],[-4.68898,40.43224],[-4.6823,40.43122],[-4.67636,40.42833],[-4.66097,40.41329],[-4.64408,40.39043],[-4.64277,40.38594],[-4.64325,40.38171],[-4.65774,40.35585],[-4.67061,40.34005],[-4.67343,40.33757],[-4.67776,40.3353],[-4.6818,40.33418],[-4.6863,40.33379],[-4.72428,40.33428]]]},"properties":{"issued_at":"2026-07-23T08:00:00Z","hour":4,"heading_deg":24,"speed_kmh":1.0}},{"type":"Feature","geometry":{"type":"Polygon","coordinates":[[[-4.72498,40.3316],[-4.76698,40.3357],[-4.77284,40.33776],[-4.77679,40.34026],[-4.79316,40.35752],[-4.79514,40.36058],[-4.79652,40.36522],[-4.79645,40.36864],[-4.79535,40.37232],[-4.77791,40.40288],[-4.76672,40.41966],[-4.76347,40.42328],[-4.75879,40.42632],[-4.75442,40.42797],[-4.70417,40.44028],[-4.6989,40.44088],[-4.68472,40.44072],[-4.67772,40.43955],[-4.67374,40.43798],[-4.67059,40.43608],[-4.65376,40.41955],[-4.63729,40.39687],[-4.63625,40.39396],[-4.63588,40.39061],[-4.63694,40.38563],[-4.6545,40.35475],[-4.66772,40.33849],[-4.67101,40.33559],[-4.67623,40.33285],[-4.68094,40.33155],[-4.68633,40.33108],[-4.72498,40.3316]]]},"properties":{"issued_at":"2026-07-23T08:00:00Z","hour":5,"heading_deg":24,"speed_kmh":1.0}},{"type":"Feature","geometry":{"type":"Polygon","coordinates":[[[-4.72524,40.32889],[-4.76376,40.33243],[-4.77002,40.33363],[-4.77521,40.33571],[-4.78077,40.33962],[-4.79718,40.35746],[-4.79911,40.36113],[-4.80008,40.36538],[-4.7999,40.36933],[-4.79871,40.37318],[-4.77735,40.41052],[-4.76604,40.4274],[-4.76135,40.43201],[-4.75694,40.43461],[-4.75234,40.4363],[-4.70125,40.4488],[-4.69457,40.4494],[-4.68117,40.44923],[-4.67605,40.44861],[-4.66852,40.44607],[-4.66482,40.44383],[-4.66205,40.44149],[-4.64749,40.42684],[-4.63238,40.40646],[-4.63002,40.40213],[-4.62911,40.39829],[-4.62919,40.39439],[-4.63026,40.39057],[-4.65221,40.35222],[-4.66483,40.33692],[-4.6686,40.33361],[-4.6724,40.33139],[-4.67711,40.32961],[-4.68219,40.3286],[-4.72524,40.32889]]]},"properties":{"issued_at":"2026-07-23T08:00:00Z","hour":6,"heading_deg":24,"speed_kmh":1.0}},{"type":"Feature","geometry":{"type":"Polygon","coordinates":[[[-4.72365,40.34512],[-4.77453,40.34944],[-4.77682,40.35067],[-4.77775,40.35231],[-4.77876,40.3676],[-4.76759,40.38449],[-4.76579,40.38595],[-4.72858,40.39938],[-4.71344,40.39817],[-4.68589,40.38386],[-4.67028,40.36267],[-4.67023,40.36126],[-4.6709,40.35994],[-4.6831,40.3455],[-4.6857,40.34466],[-4.72365,40.34512]]]},"properties":{"issued_at":"2026-07-23T08:30:00Z","hour":0,"heading_deg":262,"speed_kmh":1.0}},{"type":"Feature","geometry":{"type":"Polygon","coordinates":[[[-4.73206,40.34156],[-4.78395,40.34605],[-4.78737,40.34777],[-4.78929,40.35053],[-4.7905,40.36692],[-4.78972,40.36871],[-4.77883,40.38499],[-4.77563,40.3875],[-4.7378,40.40112],[-4.72734,40.40221],[-4.71219,40.40071],[-4.68328,40.38569],[-4.66687,40.36339],[-4.66667,40.36128],[-4.66759,40.35891],[-4.68008,40.34396],[-4.68391,40.34217],[-4.69439,40.34108],[-4.73206,40.34156]]]},"properties":{"issued_at":"2026-07-23T08:30:00Z","hour":1,"heading_deg":262,"speed_kmh":1.0}},{"type":"Feature","geometry":{"type":"Polygon","coordinates":[[[-4.74048,40.338],[-4.79073,40.34219],[-4.79381,40.34278],[-4.79648,40.34393],[-4.79853,40.34542],[-4.80093,40.34911],[-4.80232,40.36441],[-4.80204,40.36701],[-4.80105,40.36909],[-4.78986,40.38578],[-4.78778,40.38775],[-4.78508,40.3892],[-4.74639,40.40299],[-4.72742,40.40492],[-4.71053,40.40313],[-4.68039,40.38729],[-4.66462,40.36634],[-4.66314,40.36272],[-4.66333,40.36007],[-4.66452,40.35757],[-4.67618,40.34342],[-4.67881,40.34118],[-4.68351,40.33945],[-4.7026,40.33751],[-4.74048,40.338]]]},"properties":{"issued_at":"2026-07-23T08:30:00Z","hour":2,"heading_deg":262,"speed_kmh":1.0}},{"type":"Feature","geometry":{"type":"Polygon","coordinates":[[[-4.74889,40.33444],[-4.79929,40.33864],[-4.80323,40.33939],[-4.80683,40.34093],[-4.80908,40.34252],[-4.81111,40.34474],[-4.81229,40.3469],[-4.81293,40.34961],[-4.81403,40.36339],[-4.81368,40.36671],[-4.81237,40.36948],[-4.8011,40.38628],[-4.79842,40.38884],[-4.79447,40.39091],[-4.7553,40.40479],[-4.72793,40.40763],[-4.71306,40.4064],[-4.70928,40.40567],[-4.68057,40.391],[-4.67779,40.38912],[-4.6613,40.36732],[-4.66005,40.36484],[-4.65956,40.36176],[-4.66026,40.35836],[-4.66167,40.35593],[-4.6735,40.34162],[-4.67705,40.3388],[-4.67972,40.33759],[-4.68371,40.33665],[-4.7108,40.33394],[-4.74889,40.33444]]]},"properties":{"issued_at":"2026-07-23T08:30:00Z","hour":3,"heading_deg":262,"speed_kmh":1.0}},{"type":"Feature","geometry":{"type":"Polygon","coordinates":[[[-4.75731,40.33088],[-4.80785,40.33509],[-4.81395,40.33643],[-4.81754,40.33815],[-4.82025,40.34017],[-4.82237,40.34255],[-4.82383,40.34522],[-4.82464,40.34859],[-4.82574,40.36237],[-4.82532,40.36641],[-4.8237,40.36986],[-4.81289,40.38603],[-4.80906,40.38994],[-4.80416,40.39251],[-4.76816,40.40555],[-4.76276,40.40679],[-4.728,40.41034],[-4.71196,40.40902],[-4.7068,40.4078],[-4.67858,40.39324],[-4.67435,40.3902],[-4.65793,40.36822],[-4.65626,40.36417],[-4.65614,40.36028],[-4.65705,40.35717],[-4.65895,40.35413],[-4.67088,40.33975],[-4.67609,40.33602],[-4.67951,40.33472],[-4.6832,40.33397],[-4.71901,40.33038],[-4.75731,40.33088]]]},"properties":{"issued_at":"2026-07-23T08:30:00Z","hour":4,"heading_deg":262,"speed_kmh":1.0}},{"type":"Feature","geometry":{"type":"Polygon","coordinates":[[[-4.76572,40.32732],[-4.81641,40.33154],[-4.82369,40.33314],[-4.82751,40.33493],[-4.83079,40.33727],[-4.83363,40.34037],[-4.83538,40.34354],[-4.83627,40.3469],[-4.83745,40.36136],[-4.83735,40.3643],[-4.83647,40.36752],[-4.82382,40.38698],[-4.82144,40.38962],[-4.81845,40.39188],[-4.81384,40.39411],[-4.77709,40.40741],[-4.77142,40.40863],[-4.72808,40.41305],[-4.71138,40.4117],[-4.70524,40.41024],[-4.67658,40.39548],[-4.67154,40.39185],[-4.65407,40.36823],[-4.65256,40.36331],[-4.65298,40.35828],[-4.65552,40.35325],[-4.66772,40.33849],[-4.67067,40.33584],[-4.67465,40.33351],[-4.67831,40.33216],[-4.6827,40.33128],[-4.72722,40.32681],[-4.76572,40.32732]]]},"properties":{"issued_at":"2026-07-23T08:30:00Z","hour":5,"heading_deg":262,"speed_kmh":1.0}},{"type":"Feature","geometry":{"type":"Polygon","coordinates":[[[-4.77501,40.32382],[-4.82603,40.3281],[-4.83386,40.33002],[-4.83823,40.33216],[-4.84196,40.33492],[-4.84489,40.33819],[-4.84692,40.34185],[-4.84797,40.34575],[-4.8492,40.36121],[-4.84905,40.36372],[-4.84801,40.3675],[-4.84635,40.37063],[-4.83484,40.38777],[-4.83201,40.39079],[-4.82884,40.39314],[-4.82353,40.39572],[-4.78753,40.40876],[-4.78159,40.41026],[-4.73013,40.41566],[-4.72529,40.41571],[-4.71034,40.41432],[-4.70556,40.41329],[-4.70026,40.41116],[-4.6738,40.39729],[-4.66873,40.3935],[-4.65161,40.37066],[-4.64982,40.36701],[-4.649,40.36316],[-4.64953,40.35769],[-4.65127,40.35365],[-4.66511,40.33662],[-4.66825,40.33386],[-4.6724,40.33139],[-4.68008,40.32892],[-4.73543,40.32325],[-4.77501,40.32382]]]},"properties":{"issued_at":"2026-07-23T08:30:00Z","hour":6,"heading_deg":262,"speed_kmh":1.0}},{"type":"Feature","geometry":{"type":"Polygon","coordinates":[[[-4.72365,40.34512],[-4.77453,40.34944],[-4.77682,40.35067],[-4.77775,40.35231],[-4.77876,40.3676],[-4.76759,40.38449],[-4.76579,40.38595],[-4.72858,40.39938],[-4.71344,40.39817],[-4.68655,40.38428],[-4.68525,40.38326],[-4.68457,40.38193],[-4.68251,40.36224],[-4.68143,40.34848],[-4.68167,40.3471],[-4.68322,40.34542],[-4.68528,40.3447],[-4.72365,40.34512]]]},"properties":{"issued_at":"2026-07-23T09:00:00Z","hour":0,"heading_deg":271,"speed_kmh":1.0}},{"type":"Feature","geometry":{"type":"Polygon","coordinates":[[[-4.73214,40.34251],[-4.78403,40.347],[-4.78744,40.34871],[-4.78937,40.35148],[-4.79058,40.36787],[-4.7898,40.36965],[-4.77891,40.38593],[-4.7757,40.38844],[-4.73756,40.40213],[-4.72657,40.40218],[-4.71219,40.40071],[-4.68441,40.38644],[-4.68238,40.38484],[-4.68132,40.38315],[-4.67899,40.36249],[-4.67794,40.34755],[-4.67868,40.34555],[-4.68056,40.3436],[-4.68326,40.34233],[-4.68621,40.34193],[-4.73214,40.34251]]]},"properties":{"issued_at":"2026-07-23T09:00:00Z","hour":1,"heading_deg":271,"speed_kmh":1.0}},{"type":"Feature","geometry":{"type":"Polygon","coordinates":[[[-4.74024,40.33988],[-4.79352,40.34455],[-4.79605,40.34551],[-4.79837,40.34704],[-4.80089,40.35048],[-4.80247,40.3663],[-4.80229,40.36852],[-4.8012,40.37098],[-4.79001,40.38767],[-4.78793,40.38964],[-4.78493,40.3912],[-4.74654,40.40488],[-4.72676,40.40491],[-4.71095,40.40325],[-4.68191,40.38839],[-4.67951,40.38643],[-4.67798,40.38402],[-4.67546,40.36268],[-4.67451,40.3468],[-4.67608,40.34355],[-4.67859,40.34132],[-4.68212,40.33976],[-4.68624,40.33922],[-4.74024,40.33988]]]},"properties":{"issued_at":"2026-07-23T09:00:00Z","hour":2,"heading_deg":271,"speed_kmh":1.0}},{"type":"Feature","geometry":{"type":"Polygon","coordinates":[[[-4.74872,40.33726],[-4.79951,40.34148],[-4.80301,40.3421],[-4.80618,40.3433],[-4.8093,40.34536],[-4.8111,40.34726],[-4.81251,40.34974],[-4.81316,40.35245],[-4.81426,40.36623],[-4.814,40.36917],[-4.8126,40.37232],[-4.80179,40.38849],[-4.79864,40.39168],[-4.79469,40.39375],[-4.75869,40.40679],[-4.75269,40.40791],[-4.72711,40.40764],[-4.70971,40.40579],[-4.70624,40.40444],[-4.67977,40.39055],[-4.67665,40.38802],[-4.67434,40.38412],[-4.67192,40.36273],[-4.67084,40.34897],[-4.67111,40.34597],[-4.67309,40.3421],[-4.67627,40.33927],[-4.68097,40.33719],[-4.68627,40.3365],[-4.74872,40.33726]]]},"properties":{"issued_at":"2026-07-23T09:00:00Z","hour":3,"heading_deg":271,"speed_kmh":1.0}},{"type":"Feature","geometry":{"type":"Polygon","coordinates":[[[-4.75721,40.33465],[-4.80815,40.33888],[-4.81251,40.33965],[-4.81631,40.34109],[-4.81926,40.34289],[-4.82168,40.34511],[-4.82399,40.34866],[-4.82494,40.35238],[-4.82606,40.36674],[-4.82572,40.36982],[-4.82399,40.37365],[-4.81318,40.38982],[-4.80936,40.39373],[-4.80445,40.3963],[-4.76785,40.40954],[-4.76101,40.41071],[-4.72706,40.41035],[-4.71264,40.4091],[-4.70846,40.40833],[-4.70425,40.40668],[-4.67763,40.39271],[-4.67301,40.3887],[-4.67079,40.38438],[-4.66731,40.34913],[-4.66794,40.34447],[-4.67035,40.34035],[-4.67502,40.33657],[-4.68026,40.33451],[-4.6863,40.33379],[-4.75721,40.33465]]]},"properties":{"issued_at":"2026-07-23T09:00:00Z","hour":4,"heading_deg":271,"speed_kmh":1.0}},{"type":"Feature","geometry":{"type":"Polygon","coordinates":[[[-4.7657,40.33203],[-4.81678,40.33627],[-4.822,40.33721],[-4.82603,40.33869],[-4.82994,40.34102],[-4.83377,40.34479],[-4.83561,40.34792],[-4.83672,40.35231],[-4.83785,40.36681],[-4.83743,40.37047],[-4.8358,40.37432],[-4.82458,40.39115],[-4.82007,40.39577],[-4.81422,40.39885],[-4.77705,40.41227],[-4.77305,40.41319],[-4.7689,40.41353],[-4.72701,40.41306],[-4.71221,40.41179],[-4.70722,40.41087],[-4.70225,40.40892],[-4.67415,40.39401],[-4.66995,40.39006],[-4.66734,40.385],[-4.66378,40.34929],[-4.66454,40.34372],[-4.66737,40.33889],[-4.66974,40.33656],[-4.67297,40.33436],[-4.67912,40.33195],[-4.68633,40.33108],[-4.7657,40.33203]]]},"properties":{"issued_at":"2026-07-23T09:00:00Z","hour":5,"heading_deg":271,"speed_kmh":1.0}},{"type":"Feature","geometry":{"type":"Polygon","coordinates":[[[-4.77419,40.32942],[-4.82542,40.33367],[-4.83149,40.33476],[-4.83616,40.33649],[-4.84063,40.33914],[-4.84511,40.34355],[-4.84723,40.34718],[-4.8485,40.35223],[-4.84964,40.36688],[-4.84915,40.37112],[-4.84728,40.37552],[-4.83598,40.39248],[-4.83397,40.39501],[-4.83078,40.39781],[-4.82487,40.40105],[-4.78667,40.41487],[-4.78203,40.41594],[-4.77722,40.41633],[-4.72696,40.41577],[-4.71079,40.41437],[-4.70598,40.41341],[-4.70026,40.41116],[-4.67175,40.396],[-4.66666,40.39111],[-4.66473,40.38785],[-4.66352,40.38402],[-4.66025,40.34946],[-4.66032,40.34641],[-4.66126,40.34264],[-4.66292,40.3394],[-4.66556,40.33615],[-4.67092,40.33215],[-4.67797,40.32938],[-4.68636,40.32836],[-4.77419,40.32942]]]},"properties":{"issued_at":"2026-07-23T09:00:00Z","hour":6,"heading_deg":271,"speed_kmh":1.0}},{"type":"Feature","geometry":{"type":"Polygon","coordinates":[[[-4.72355,40.34512],[-4.75785,40.3474],[-4.77471,40.34949],[-4.77659,40.35046],[-4.77776,40.35232],[-4.77876,40.3676],[-4.76759,40.38449],[-4.76616,40.38577],[-4.7294,40.39915],[-4.72572,40.39926],[-4.68632,40.38415],[-4.68511,40.38307],[-4.6704,40.36301],[-4.67018,40.36161],[-4.67067,40.36025],[-4.6831,40.3455],[-4.6857,40.34466],[-4.72355,40.34512]]]},"properties":{"issued_at":"2026-07-23T09:30:00Z","hour":0,"heading_deg":258,"speed_kmh":1.0}},{"type":"Feature","geometry":{"type":"Polygon","coordinates":[[[-4.73194,40.34113],[-4.76636,40.34342],[-4.78385,40.34562],[-4.7874,40.34745],[-4.78921,40.35015],[-4.79041,40.3665],[-4.78963,40.36828],[-4.77882,40.38445],[-4.77619,40.38676],[-4.7384,40.40052],[-4.72837,40.40216],[-4.72464,40.40185],[-4.68401,40.38621],[-4.68203,40.38441],[-4.6671,40.36399],[-4.66664,40.36154],[-4.66744,40.35915],[-4.68008,40.34396],[-4.68391,40.34217],[-4.69429,40.34065],[-4.73194,40.34113]]]},"properties":{"issued_at":"2026-07-23T09:30:00Z","hour":1,"heading_deg":258,"speed_kmh":1.0}},{"type":"Feature","geometry":{"type":"Polygon","coordinates":[[[-4.74032,40.33715],[-4.77487,40.33945],[-4.79362,40.34193],[-4.79775,40.34406],[-4.79952,40.34588],[-4.80058,40.3478],[-4.80213,40.36356],[-4.80185,40.36616],[-4.80086,40.36824],[-4.78989,40.38463],[-4.78836,40.38629],[-4.78585,40.38793],[-4.74716,40.40193],[-4.72868,40.40487],[-4.72289,40.40424],[-4.68395,40.38939],[-4.68136,40.38803],[-4.67895,40.38575],[-4.66462,40.36634],[-4.66346,40.36412],[-4.66316,40.36095],[-4.6642,40.35805],[-4.67618,40.34342],[-4.67826,40.34153],[-4.68305,40.33954],[-4.70241,40.33666],[-4.74032,40.33715]]]},"properties":{"issued_at":"2026-07-23T09:30:00Z","hour":2,"heading_deg":258,"speed_kmh":1.0}},{"type":"Feature","geometry":{"type":"Polygon","coordinates":[[[-4.74871,40.33317],[-4.78338,40.33548],[-4.80307,40.33815],[-4.80608,40.3394],[-4.80903,40.34144],[-4.81071,40.34331],[-4.81204,40.34572],[-4.81265,40.34834],[-4.81375,40.36212],[-4.81339,40.36543],[-4.81209,40.3682],[-4.80082,40.385],[-4.79845,40.38733],[-4.79502,40.38931],[-4.75626,40.40325],[-4.729,40.40757],[-4.72546,40.40754],[-4.72147,40.40672],[-4.68238,40.39181],[-4.67905,40.39009],[-4.67587,40.38708],[-4.66154,40.36767],[-4.66017,40.36518],[-4.65962,40.36292],[-4.65988,40.35947],[-4.66144,40.35623],[-4.6735,40.34162],[-4.67667,40.33902],[-4.68265,40.33681],[-4.71052,40.33267],[-4.74871,40.33317]]]},"properties":{"issued_at":"2026-07-23T09:30:00Z","hour":3,"heading_deg":258,"speed_kmh":1.0}},{"type":"Feature","geometry":{"type":"Polygon","coordinates":[[[-4.7571,40.32919],[-4.79222,40.33154],[-4.80904,40.33358],[-4.81295,40.33451],[-4.81723,40.33649],[-4.81984,40.33844],[-4.82191,40.34074],[-4.8235,40.34363],[-4.82426,40.34689],[-4.82536,40.36067],[-4.82494,40.36471],[-4.82332,40.36816],[-4.81219,40.38478],[-4.80769,40.38891],[-4.80378,40.39081],[-4.76778,40.40385],[-4.7637,40.40491],[-4.73072,40.41012],[-4.72367,40.41006],[-4.71898,40.40883],[-4.6808,40.39424],[-4.6771,40.39238],[-4.67316,40.38888],[-4.65737,40.36725],[-4.65634,40.36452],[-4.65602,40.3617],[-4.65643,40.35888],[-4.65774,40.35585],[-4.67088,40.33975],[-4.67343,40.33757],[-4.6765,40.33583],[-4.68237,40.33408],[-4.71863,40.32868],[-4.7571,40.32919]]]},"properties":{"issued_at":"2026-07-23T09:30:00Z","hour":4,"heading_deg":258,"speed_kmh":1.0}},{"type":"Feature","geometry":{"type":"Polygon","coordinates":[[[-4.76466,40.32517],[-4.79979,40.32749],[-4.81784,40.32964],[-4.82394,40.3313],[-4.82756,40.33312],[-4.83065,40.33544],[-4.8331,40.33817],[-4.83496,40.34154],[-4.83588,40.34545],[-4.83701,40.35996],[-4.836,40.36539],[-4.82334,40.38485],[-4.82096,40.3875],[-4.81798,40.38975],[-4.81337,40.39199],[-4.77737,40.40503],[-4.7725,40.40629],[-4.73139,40.41278],[-4.72739,40.41306],[-4.72293,40.41272],[-4.7174,40.41126],[-4.67922,40.39667],[-4.67318,40.39329],[-4.66972,40.38976],[-4.6539,40.36789],[-4.65256,40.36331],[-4.65263,40.35995],[-4.65355,40.35665],[-4.65552,40.35325],[-4.668,40.33819],[-4.67101,40.33559],[-4.67623,40.33285],[-4.68166,40.33142],[-4.72208,40.32503],[-4.72675,40.32469],[-4.76466,40.32517]]]},"properties":{"issued_at":"2026-07-23T09:30:00Z","hour":5,"heading_deg":258,"speed_kmh":1.0}},{"type":"Feature","geometry":{"type":"Polygon","coordinates":[[[-4.77294,40.32118],[-4.80818,40.32351],[-4.82709,40.32578],[-4.8337,40.32763],[-4.83789,40.32974],[-4.84146,40.33243],[-4.8443,40.3356],[-4.84642,40.33946],[-4.8474,40.34322],[-4.84863,40.35866],[-4.84848,40.36117],[-4.84745,40.36495],[-4.84578,40.36808],[-4.83428,40.38522],[-4.83144,40.38824],[-4.82827,40.39059],[-4.82296,40.39316],[-4.78696,40.4062],[-4.7813,40.40767],[-4.73206,40.41545],[-4.72429,40.41563],[-4.71679,40.41404],[-4.67764,40.3991],[-4.67415,40.39749],[-4.6703,40.3949],[-4.66664,40.39109],[-4.65182,40.37098],[-4.64995,40.36735],[-4.64903,40.36351],[-4.64953,40.35769],[-4.65127,40.35365],[-4.66424,40.3376],[-4.66675,40.33505],[-4.67024,40.33254],[-4.67756,40.32949],[-4.72944,40.3211],[-4.73486,40.3207],[-4.77294,40.32118]]]},"properties":{"issued_at":"2026-07-23T09:30:00Z","hour":6,"heading_deg":258,"speed_kmh":1.0}},{"type":"Feature","geometry":{"type":"Polygon","coordinates":[[[-4.72355,40.34512],[-4.75785,40.3474],[-4.77553,40.34979],[-4.77713,40.351],[-4.77781,40.35265],[-4.78041,40.38253],[-4.78016,40.38394],[-4.77923,40.38517],[-4.77774,40.38603],[-4.74178,40.39928],[-4.73967,40.39964],[-4.72567,40.39925],[-4.6867,40.38435],[-4.68511,40.38307],[-4.67078,40.36366],[-4.6702,40.36232],[-4.67034,40.36091],[-4.68216,40.34632],[-4.68348,40.34527],[-4.6857,40.34466],[-4.72355,40.34512]]]},"properties":{"issued_at":"2026-07-23T10:00:00Z","hour":0,"heading_deg":288,"speed_kmh":1.0}},{"type":"Feature","geometry":{"type":"Polygon","coordinates":[[[-4.72346,40.34239],[-4.75815,40.34469],[-4.77499,40.34673],[-4.78505,40.34937],[-4.78764,40.35116],[-4.78911,40.35396],[-4.79178,40.38432],[-4.79141,40.38666],[-4.78983,40.38884],[-4.78727,40.39038],[-4.75116,40.40369],[-4.74746,40.40432],[-4.73422,40.40413],[-4.72453,40.40182],[-4.68538,40.38689],[-4.68203,40.38441],[-4.66762,40.36488],[-4.66663,40.3619],[-4.66782,40.3586],[-4.67955,40.34446],[-4.68235,40.34264],[-4.68621,40.34193],[-4.72346,40.34239]]]},"properties":{"issued_at":"2026-07-23T10:00:00Z","hour":1,"heading_deg":288,"speed_kmh":1.0}},{"type":"Feature","geometry":{"type":"Polygon","coordinates":[[[-4.72365,40.33969],[-4.7587,40.34201],[-4.77571,40.34407],[-4.79457,40.34895],[-4.79841,40.35161],[-4.79972,40.35344],[-4.80047,40.35562],[-4.80315,40.3861],[-4.80265,40.38938],[-4.80043,40.39251],[-4.79681,40.39474],[-4.76024,40.40821],[-4.75525,40.409],[-4.74112,40.40873],[-4.72339,40.40439],[-4.68324,40.38908],[-4.68085,40.38766],[-4.67913,40.38598],[-4.66462,40.36634],[-4.66346,40.36412],[-4.6631,40.36148],[-4.66452,40.35757],[-4.6771,40.34246],[-4.68125,40.34003],[-4.68624,40.33922],[-4.72365,40.33969]]]},"properties":{"issued_at":"2026-07-23T10:00:00Z","hour":2,"heading_deg":288,"speed_kmh":1.0}},{"type":"Feature","geometry":{"type":"Polygon","coordinates":[[[-4.72385,40.33698],[-4.75946,40.33935],[-4.77742,40.34161],[-4.80409,40.34852],[-4.80651,40.34981],[-4.80918,40.35205],[-4.81063,40.35402],[-4.81166,40.3565],[-4.81453,40.38789],[-4.81389,40.3921],[-4.81103,40.39618],[-4.80675,40.39892],[-4.76946,40.41268],[-4.76305,40.41368],[-4.74751,40.41324],[-4.72225,40.40696],[-4.68151,40.39145],[-4.67829,40.38954],[-4.67639,40.38773],[-4.66154,40.36767],[-4.66005,40.36484],[-4.65957,40.36141],[-4.66026,40.35836],[-4.66144,40.35624],[-4.67444,40.34067],[-4.67705,40.3388],[-4.67972,40.33759],[-4.68627,40.3365],[-4.72385,40.33698]]]},"properties":{"issued_at":"2026-07-23T10:00:00Z","hour":3,"heading_deg":288,"speed_kmh":1.0}},{"type":"Feature","geometry":{"type":"Polygon","coordinates":[[[-4.72405,40.33427],[-4.76037,40.33671],[-4.77847,40.33902],[-4.8136,40.3481],[-4.81659,40.34968],[-4.81995,40.35249],[-4.82173,40.35492],[-4.82297,40.3579],[-4.8259,40.38968],[-4.82513,40.39482],[-4.82371,40.39746],[-4.82192,40.39956],[-4.81934,40.40163],[-4.81628,40.40327],[-4.77869,40.41714],[-4.77496,40.41806],[-4.77084,40.41836],[-4.75452,40.41785],[-4.72112,40.40952],[-4.67977,40.39382],[-4.67573,40.39141],[-4.6734,40.38918],[-4.65847,40.36901],[-4.65634,40.36452],[-4.65614,40.36028],[-4.6569,40.3575],[-4.65836,40.3549],[-4.67209,40.33861],[-4.67491,40.33664],[-4.67819,40.33514],[-4.6818,40.33418],[-4.6863,40.33379],[-4.72405,40.33427]]]},"properties":{"issued_at":"2026-07-23T10:00:00Z","hour":4,"heading_deg":288,"speed_kmh":1.0}},{"type":"Feature","geometry":{"type":"Polygon","coordinates":[[[-4.72453,40.33157],[-4.75999,40.33393],[-4.77658,40.33592],[-4.81943,40.34644],[-4.82312,40.34768],[-4.82668,40.34954],[-4.83073,40.35294],[-4.83301,40.35614],[-4.83427,40.3593],[-4.83731,40.39214],[-4.83699,40.39553],[-4.83581,40.39881],[-4.83253,40.40323],[-4.82731,40.40692],[-4.78792,40.42161],[-4.78151,40.42293],[-4.76628,40.4229],[-4.7598,40.42209],[-4.7185,40.41165],[-4.67804,40.39618],[-4.67318,40.39329],[-4.67042,40.39064],[-4.65539,40.37035],[-4.65285,40.36499],[-4.65263,40.35995],[-4.65355,40.35665],[-4.65529,40.35356],[-4.66942,40.33683],[-4.67276,40.33448],[-4.67666,40.3327],[-4.68094,40.33155],[-4.68633,40.33108],[-4.72453,40.33157]]]},"properties":{"issued_at":"2026-07-23T10:00:00Z","hour":5,"heading_deg":288,"speed_kmh":1.0}},{"type":"Feature","geometry":{"type":"Polygon","coordinates":[[[-4.72473,40.32886],[-4.76041,40.33124],[-4.77713,40.33323],[-4.82837,40.34583],[-4.83264,40.34726],[-4.83676,40.34941],[-4.8415,40.35338],[-4.84393,40.35672],[-4.84557,40.3607],[-4.84869,40.39406],[-4.84832,40.39799],[-4.84694,40.40178],[-4.84283,40.40718],[-4.83714,40.41114],[-4.79804,40.42576],[-4.7898,40.42759],[-4.77407,40.42758],[-4.76654,40.42663],[-4.71884,40.41466],[-4.67631,40.39855],[-4.67214,40.39627],[-4.66743,40.39209],[-4.65231,40.37168],[-4.6506,40.36887],[-4.64937,40.36545],[-4.64912,40.35961],[-4.65019,40.3558],[-4.65221,40.35222],[-4.66675,40.33505],[-4.67062,40.33232],[-4.67513,40.33025],[-4.68008,40.32892],[-4.68636,40.32836],[-4.72473,40.32886]]]},"properties":{"issued_at":"2026-07-23T10:00:00Z","hour":6,"heading_deg":288,"speed_kmh":1.0}},{"type":"Feature","geometry":{"type":"Polygon","coordinates":[[[-4.72355,40.34512],[-4.75785,40.3474],[-4.77511,40.34962],[-4.77655,40.35043],[-4.77764,40.35191],[-4.78594,40.3746],[-4.78598,40.37644],[-4.77973,40.38465],[-4.77774,40.38603],[-4.74138,40.39941],[-4.72732,40.3995],[-4.72529,40.39912],[-4.68632,40.38415],[-4.68511,40.38307],[-4.6704,40.36301],[-4.67018,40.36161],[-4.67067,40.36025],[-4.6831,40.3455],[-4.6857,40.34466],[-4.72355,40.34512]]]},"properties":{"issued_at":"2026-07-23T10:30:00Z","hour":0,"heading_deg":289,"speed_kmh":1.0}},{"type":"Feature","geometry":{"type":"Polygon","coordinates":[[[-4.72346,40.34239],[-4.75815,40.34469],[-4.77499,40.34673],[-4.78427,40.34918],[-4.78706,40.35074],[-4.7888,40.35312],[-4.79719,40.37607],[-4.79717,40.37928],[-4.79055,40.38813],[-4.78829,40.38999],[-4.75056,40.40398],[-4.74758,40.40442],[-4.73417,40.40423],[-4.72424,40.40173],[-4.68401,40.38621],[-4.68203,40.38441],[-4.66741,40.36456],[-4.66663,40.3619],[-4.66744,40.35915],[-4.67917,40.34487],[-4.68235,40.34264],[-4.68621,40.34193],[-4.72346,40.34239]]]},"properties":{"issued_at":"2026-07-23T10:30:00Z","hour":1,"heading_deg":289,"speed_kmh":1.0}},{"type":"Feature","geometry":{"type":"Polygon","coordinates":[[[-4.72365,40.33969],[-4.7587,40.34201],[-4.7757,40.34407],[-4.79343,40.34874],[-4.7971,40.35068],[-4.79981,40.35401],[-4.80844,40.37754],[-4.80879,40.37974],[-4.80836,40.38212],[-4.80726,40.38417],[-4.80119,40.39182],[-4.79807,40.39431],[-4.75913,40.40872],[-4.75549,40.4092],[-4.74103,40.40893],[-4.72242,40.40408],[-4.68395,40.38939],[-4.68136,40.38803],[-4.67895,40.38575],[-4.66397,40.3653],[-4.66309,40.36183],[-4.66402,40.35837],[-4.67618,40.34342],[-4.67826,40.34153],[-4.68082,40.34019],[-4.68624,40.33922],[-4.72365,40.33969]]]},"properties":{"issued_at":"2026-07-23T10:30:00Z","hour":2,"heading_deg":289,"speed_kmh":1.0}},{"type":"Feature","geometry":{"type":"Polygon","coordinates":[[[-4.72385,40.33698],[-4.75946,40.33935],[-4.77739,40.34161],[-4.8035,40.34864],[-4.80806,40.35138],[-4.81097,40.35522],[-4.8198,40.37937],[-4.82009,40.3826],[-4.81955,40.38497],[-4.81817,40.38753],[-4.81192,40.39541],[-4.80784,40.39863],[-4.76759,40.41347],[-4.76341,40.41398],[-4.74831,40.41368],[-4.72056,40.4064],[-4.68238,40.39181],[-4.67905,40.39009],[-4.67587,40.38708],[-4.6605,40.36594],[-4.65957,40.36141],[-4.66078,40.35727],[-4.6735,40.34162],[-4.67585,40.33955],[-4.67929,40.33775],[-4.68265,40.33681],[-4.68627,40.3365],[-4.72385,40.33698]]]},"properties":{"issued_at":"2026-07-23T10:30:00Z","hour":3,"heading_deg":289,"speed_kmh":1.0}},{"type":"Feature","geometry":{"type":"Polygon","coordinates":[[[-4.72405,40.33427],[-4.76037,40.33671],[-4.77844,40.33901],[-4.81296,40.34831],[-4.81856,40.35169],[-4.82064,40.35393],[-4.82213,40.35643],[-4.83105,40.38084],[-4.83141,40.3849],[-4.83074,40.38781],[-4.82908,40.39089],[-4.82265,40.399],[-4.81761,40.40295],[-4.77911,40.41733],[-4.77521,40.41838],[-4.77066,40.41876],[-4.75434,40.41825],[-4.71898,40.40883],[-4.6808,40.39424],[-4.67675,40.39215],[-4.6728,40.38842],[-4.6572,40.36692],[-4.65634,40.36452],[-4.65602,40.3617],[-4.65705,40.35717],[-4.65895,40.35413],[-4.67061,40.34005],[-4.67343,40.33757],[-4.67776,40.3353],[-4.6818,40.33418],[-4.6863,40.33379],[-4.72405,40.33427]]]},"properties":{"issued_at":"2026-07-23T10:30:00Z","hour":4,"heading_deg":289,"speed_kmh":1.0}},{"type":"Feature","geometry":{"type":"Polygon","coordinates":[[[-4.72453,40.33157],[-4.75999,40.33393],[-4.77658,40.33592],[-4.82242,40.34798],[-4.826,40.34975],[-4.82907,40.35201],[-4.83153,40.35467],[-4.83328,40.35764],[-4.8423,40.38231],[-4.8428,40.3858],[-4.84193,40.39065],[-4.83999,40.39424],[-4.83339,40.40258],[-4.83068,40.40515],[-4.82739,40.40727],[-4.7877,40.42211],[-4.77967,40.42352],[-4.76527,40.42338],[-4.7609,40.42287],[-4.7199,40.41207],[-4.67922,40.39667],[-4.67444,40.39421],[-4.67042,40.39064],[-4.65539,40.37035],[-4.65285,40.36499],[-4.65263,40.35995],[-4.65355,40.35665],[-4.65529,40.35356],[-4.66942,40.33683],[-4.67276,40.33448],[-4.67666,40.3327],[-4.68094,40.33155],[-4.68633,40.33108],[-4.72453,40.33157]]]},"properties":{"issued_at":"2026-07-23T10:30:00Z","hour":5,"heading_deg":289,"speed_kmh":1.0}},{"type":"Feature","geometry":{"type":"Polygon","coordinates":[[[-4.72473,40.32886],[-4.76041,40.33124],[-4.77713,40.33323],[-4.78163,40.3341],[-4.83228,40.34781],[-4.8382,40.35119],[-4.84263,40.35571],[-4.84458,40.35918],[-4.85,40.37392],[-4.85,40.39879],[-4.84235,40.40798],[-4.83915,40.41043],[-4.83504,40.41259],[-4.79648,40.4268],[-4.7919,40.42789],[-4.78616,40.42832],[-4.77286,40.42815],[-4.76786,40.42758],[-4.71874,40.41464],[-4.67672,40.39872],[-4.67214,40.39627],[-4.66743,40.39209],[-4.65231,40.37168],[-4.6506,40.36887],[-4.64937,40.36545],[-4.64912,40.35961],[-4.65019,40.3558],[-4.65221,40.35222],[-4.66675,40.33505],[-4.67062,40.33232],[-4.67513,40.33025],[-4.68008,40.32892],[-4.68636,40.32836],[-4.72473,40.32886]]]},"properties":{"issued_at":"2026-07-23T10:30:00Z","hour":6,"heading_deg":289,"speed_kmh":1.0}},{"type":"Feature","geometry":{"type":"Polygon","coordinates":[[[-4.72365,40.34512],[-4.77496,40.34957],[-4.7768,40.35064],[-4.77764,40.35191],[-4.78594,40.3746],[-4.78598,40.37644],[-4.77973,40.38465],[-4.77774,40.38603],[-4.74138,40.39941],[-4.72732,40.3995],[-4.72529,40.39912],[-4.68637,40.38418],[-4.68499,40.3829],[-4.6751,40.36761],[-4.67496,40.36532],[-4.6816,40.34728],[-4.68246,40.346],[-4.68391,40.34507],[-4.68571,40.34466],[-4.72365,40.34512]]]},"properties":{"issued_at":"2026-07-23T11:00:00Z","hour":0,"heading_deg":290,"speed_kmh":1.0}},{"type":"Feature","geometry":{"type":"Polygon","coordinates":[[[-4.72403,40.34243],[-4.77417,40.34661],[-4.78426,40.34932],[-4.7872,40.35104],[-4.78874,40.35324],[-4.79714,40.37619],[-4.79712,40.3794],[-4.7905,40.38825],[-4.78824,40.39011],[-4.75051,40.4041],[-4.74753,40.40454],[-4.73412,40.40435],[-4.72424,40.40173],[-4.68411,40.38626],[-4.68189,40.38422],[-4.67211,40.36912],[-4.6713,40.36701],[-4.67142,40.36502],[-4.67853,40.34581],[-4.67982,40.34419],[-4.68167,40.34294],[-4.68621,40.34193],[-4.72403,40.34243]]]},"properties":{"issued_at":"2026-07-23T11:00:00Z","hour":1,"heading_deg":290,"speed_kmh":1.0}},{"type":"Feature","geometry":{"type":"Polygon","coordinates":[[[-4.72412,40.33971],[-4.77438,40.3439],[-4.79356,40.34906],[-4.7973,40.35117],[-4.79969,40.35422],[-4.80833,40.37778],[-4.80868,40.37998],[-4.80825,40.38236],[-4.80715,40.38441],[-4.80108,40.39206],[-4.79795,40.39455],[-4.75902,40.40895],[-4.75538,40.40943],[-4.74092,40.40917],[-4.72242,40.40408],[-4.68184,40.38835],[-4.6788,40.38554],[-4.66863,40.36979],[-4.6678,40.36739],[-4.66797,40.36441],[-4.67531,40.34469],[-4.67717,40.34239],[-4.67985,40.34062],[-4.68308,40.33953],[-4.68624,40.33922],[-4.72412,40.33971]]]},"properties":{"issued_at":"2026-07-23T11:00:00Z","hour":2,"heading_deg":290,"speed_kmh":1.0}},{"type":"Feature","geometry":{"type":"Polygon","coordinates":[[[-4.72436,40.337],[-4.77528,40.34126],[-4.80286,40.34881],[-4.80771,40.35157],[-4.81079,40.35555],[-4.81963,40.37973],[-4.81992,40.38295],[-4.81939,40.38532],[-4.818,40.38789],[-4.81176,40.39577],[-4.80767,40.39899],[-4.76743,40.41383],[-4.76275,40.41434],[-4.74721,40.4139],[-4.72056,40.4064],[-4.68238,40.39181],[-4.67925,40.39022],[-4.67571,40.38685],[-4.66504,40.37019],[-4.6642,40.36702],[-4.66453,40.36379],[-4.67228,40.34324],[-4.67485,40.34032],[-4.67802,40.33829],[-4.68223,40.33689],[-4.68627,40.3365],[-4.72436,40.337]]]},"properties":{"issued_at":"2026-07-23T11:00:00Z","hour":3,"heading_deg":290,"speed_kmh":1.0}},{"type":"Feature","geometry":{"type":"Polygon","coordinates":[[[-4.7246,40.3343],[-4.77584,40.33858],[-4.81258,40.34872],[-4.81811,40.35197],[-4.82032,40.35428],[-4.82189,40.35687],[-4.83083,40.38132],[-4.83119,40.38537],[-4.83052,40.38829],[-4.82886,40.39136],[-4.82243,40.39947],[-4.81739,40.40342],[-4.77889,40.41781],[-4.77499,40.41886],[-4.77044,40.41924],[-4.75412,40.41872],[-4.71898,40.40883],[-4.6808,40.39424],[-4.67699,40.39231],[-4.67262,40.38817],[-4.66155,40.37074],[-4.66067,40.36715],[-4.66108,40.36318],[-4.66906,40.34212],[-4.6722,40.33851],[-4.67619,40.33597],[-4.68139,40.33426],[-4.6863,40.33379],[-4.7246,40.3343]]]},"properties":{"issued_at":"2026-07-23T11:00:00Z","hour":4,"heading_deg":290,"speed_kmh":1.0}},{"type":"Feature","geometry":{"type":"Polygon","coordinates":[[[-4.72483,40.33159],[-4.77685,40.33595],[-4.82188,40.34847],[-4.82562,40.35029],[-4.82883,40.35264],[-4.83137,40.35542],[-4.83299,40.3582],[-4.84202,40.38291],[-4.84246,40.38779],[-4.84166,40.39125],[-4.83972,40.39484],[-4.83311,40.40318],[-4.8304,40.40574],[-4.82711,40.40786],[-4.78742,40.4227],[-4.77939,40.42412],[-4.76457,40.42395],[-4.75829,40.42291],[-4.7185,40.41165],[-4.67922,40.39667],[-4.67352,40.39355],[-4.66953,40.38949],[-4.65892,40.37308],[-4.65735,40.36885],[-4.65714,40.36536],[-4.65794,40.36163],[-4.66458,40.34359],[-4.66584,40.341],[-4.66786,40.33834],[-4.67115,40.3355],[-4.67633,40.33282],[-4.681,40.33154],[-4.68633,40.33108],[-4.72483,40.33159]]]},"properties":{"issued_at":"2026-07-23T11:00:00Z","hour":5,"heading_deg":290,"speed_kmh":1.0}},{"type":"Feature","geometry":{"type":"Polygon","coordinates":[[[-4.72507,40.32888],[-4.77741,40.33327],[-4.78185,40.33416],[-4.82833,40.34728],[-4.83302,40.349],[-4.83893,40.35277],[-4.84313,40.3577],[-4.85,40.37554],[-4.85,40.39908],[-4.84231,40.40843],[-4.83646,40.41249],[-4.79655,40.42738],[-4.79157,40.4286],[-4.78583,40.42903],[-4.77211,40.42885],[-4.76482,40.42765],[-4.71707,40.41413],[-4.67639,40.39859],[-4.67071,40.39523],[-4.66598,40.39014],[-4.65498,40.37277],[-4.65379,40.36889],[-4.65378,40.36375],[-4.66149,40.34207],[-4.66499,40.33675],[-4.66875,40.3335],[-4.67481,40.33037],[-4.68015,40.32891],[-4.68636,40.32836],[-4.72507,40.32888]]]},"properties":{"issued_at":"2026-07-23T11:00:00Z","hour":6,"heading_deg":290,"speed_kmh":1.0}},{"type":"Feature","geometry":{"type":"Polygon","coordinates":[[[-4.72365,40.34512],[-4.77496,40.34957],[-4.7768,40.35064],[-4.77764,40.35191],[-4.78594,40.3746],[-4.78599,40.3764],[-4.78421,40.37849],[-4.7664,40.38662],[-4.7373,40.39701],[-4.72852,40.39939],[-4.72529,40.39912],[-4.68632,40.38415],[-4.68511,40.38307],[-4.6704,40.36301],[-4.67018,40.36161],[-4.67067,40.36025],[-4.6831,40.3455],[-4.6857,40.34466],[-4.72365,40.34512]]]},"properties":{"issued_at":"2026-07-23T11:30:00Z","hour":0,"heading_deg":277,"speed_kmh":1.0}},{"type":"Feature","geometry":{"type":"Polygon","coordinates":[[[-4.72389,40.34242],[-4.78439,40.34776],[-4.7871,40.34913],[-4.78904,40.35145],[-4.79759,40.37474],[-4.79759,40.37789],[-4.79636,40.37995],[-4.79436,40.38149],[-4.77683,40.38952],[-4.74724,40.40013],[-4.73658,40.4029],[-4.72431,40.40175],[-4.68401,40.38621],[-4.68203,40.38441],[-4.66741,40.36456],[-4.66663,40.3619],[-4.66744,40.35915],[-4.67917,40.34487],[-4.68235,40.34264],[-4.68621,40.34193],[-4.72389,40.34242]]]},"properties":{"issued_at":"2026-07-23T11:30:00Z","hour":1,"heading_deg":277,"speed_kmh":1.0}},{"type":"Feature","geometry":{"type":"Polygon","coordinates":[[[-4.72412,40.33971],[-4.77444,40.3439],[-4.79382,40.34596],[-4.79772,40.34789],[-4.80059,40.35133],[-4.80923,40.37488],[-4.80958,40.37704],[-4.80919,40.37938],[-4.80751,40.38218],[-4.80509,40.38416],[-4.78684,40.39259],[-4.75607,40.4036],[-4.74696,40.40607],[-4.74391,40.4064],[-4.72581,40.40484],[-4.72289,40.40424],[-4.68395,40.38939],[-4.68136,40.38803],[-4.67895,40.38575],[-4.66397,40.3653],[-4.66309,40.36183],[-4.66402,40.35837],[-4.67618,40.34342],[-4.68019,40.34045],[-4.68305,40.33954],[-4.68624,40.33922],[-4.72412,40.33971]]]},"properties":{"issued_at":"2026-07-23T11:30:00Z","hour":2,"heading_deg":277,"speed_kmh":1.0}},{"type":"Feature","geometry":{"type":"Polygon","coordinates":[[[-4.7248,40.33703],[-4.79944,40.34343],[-4.80422,40.34448],[-4.80906,40.34723],[-4.81214,40.35121],[-4.82098,40.37538],[-4.82131,40.37772],[-4.82078,40.38087],[-4.81893,40.3841],[-4.81553,40.387],[-4.79684,40.39566],[-4.76677,40.40648],[-4.75714,40.40917],[-4.75054,40.4098],[-4.7254,40.40754],[-4.72147,40.40672],[-4.68238,40.39181],[-4.67905,40.39009],[-4.67587,40.38708],[-4.6605,40.36594],[-4.65957,40.36141],[-4.66078,40.35727],[-4.6735,40.34162],[-4.67585,40.33955],[-4.67929,40.33775],[-4.68265,40.33681],[-4.68627,40.3365],[-4.7248,40.33703]]]},"properties":{"issued_at":"2026-07-23T11:30:00Z","hour":3,"heading_deg":277,"speed_kmh":1.0}},{"type":"Feature","geometry":{"type":"Polygon","coordinates":[[[-4.72518,40.33433],[-4.80805,40.34148],[-4.81397,40.34278],[-4.81716,40.34425],[-4.81992,40.34618],[-4.82212,40.34849],[-4.8237,40.35109],[-4.83263,40.37551],[-4.83305,40.3784],[-4.83238,40.38236],[-4.83008,40.38633],[-4.82634,40.3896],[-4.80685,40.39873],[-4.77647,40.40968],[-4.76585,40.41264],[-4.75834,40.41324],[-4.72498,40.41023],[-4.72006,40.40921],[-4.6808,40.39424],[-4.67675,40.39215],[-4.67279,40.38842],[-4.6572,40.36692],[-4.65634,40.36452],[-4.65602,40.3617],[-4.65705,40.35717],[-4.65895,40.35413],[-4.67061,40.34005],[-4.67343,40.33757],[-4.67776,40.3353],[-4.6818,40.33418],[-4.6863,40.33379],[-4.72518,40.33433]]]},"properties":{"issued_at":"2026-07-23T11:30:00Z","hour":4,"heading_deg":277,"speed_kmh":1.0}},{"type":"Feature","geometry":{"type":"Polygon","coordinates":[[[-4.72556,40.33164],[-4.81666,40.33952],[-4.82372,40.34108],[-4.82751,40.34284],[-4.83078,40.34514],[-4.83339,40.34788],[-4.83525,40.35097],[-4.84428,40.37565],[-4.84478,40.37908],[-4.84397,40.38385],[-4.84235,40.38706],[-4.83992,40.38997],[-4.83679,40.39244],[-4.83384,40.39405],[-4.81486,40.40262],[-4.7854,40.41313],[-4.77461,40.41608],[-4.77018,40.4167],[-4.76615,40.41668],[-4.72457,40.41292],[-4.71864,40.4117],[-4.67922,40.39667],[-4.67444,40.39421],[-4.66972,40.38976],[-4.65539,40.37035],[-4.65336,40.36663],[-4.6525,40.36127],[-4.65298,40.35828],[-4.65432,40.35507],[-4.668,40.33819],[-4.67101,40.33559],[-4.67623,40.33285],[-4.68094,40.33155],[-4.68633,40.33108],[-4.72556,40.33164]]]},"properties":{"issued_at":"2026-07-23T11:30:00Z","hour":5,"heading_deg":277,"speed_kmh":1.0}},{"type":"Feature","geometry":{"type":"Polygon","coordinates":[[[-4.72595,40.32894],[-4.82527,40.33757],[-4.83389,40.33954],[-4.83983,40.34269],[-4.84465,40.34727],[-4.8468,40.35085],[-4.85,40.35946],[-4.85,40.39318],[-4.84475,40.39668],[-4.82455,40.40582],[-4.79454,40.41651],[-4.78383,40.41942],[-4.7787,40.42015],[-4.77334,40.42006],[-4.72416,40.41562],[-4.71968,40.41487],[-4.67764,40.3991],[-4.67249,40.3965],[-4.66864,40.3934],[-4.65231,40.37168],[-4.6506,40.36887],[-4.64937,40.36545],[-4.64911,40.35961],[-4.65019,40.3558],[-4.65221,40.35222],[-4.66675,40.33505],[-4.67062,40.33232],[-4.67513,40.33025],[-4.68008,40.32892],[-4.68636,40.32836],[-4.72595,40.32894]]]},"properties":{"issued_at":"2026-07-23T11:30:00Z","hour":6,"heading_deg":277,"speed_kmh":1.0}},{"type":"Feature","geometry":{"type":"Polygon","coordinates":[[[-4.72365,40.34512],[-4.77497,40.34957],[-4.77682,40.35067],[-4.77776,40.35231],[-4.77876,40.3676],[-4.76759,40.38449],[-4.76616,40.38577],[-4.70581,40.41309],[-4.70385,40.41342],[-4.68977,40.41313],[-4.68725,40.41128],[-4.65819,40.36284],[-4.6579,40.36043],[-4.65899,40.35889],[-4.66046,40.35806],[-4.69685,40.34494],[-4.72365,40.34512]]]},"properties":{"issued_at":"2026-07-23T12:00:00Z","hour":0,"heading_deg":45,"speed_kmh":1.0}},{"type":"Feature","geometry":{"type":"Polygon","coordinates":[[[-4.72389,40.34242],[-4.77622,40.34703],[-4.77919,40.34862],[-4.78111,40.35139],[-4.78244,40.36628],[-4.78222,40.36816],[-4.77043,40.38614],[-4.76225,40.39251],[-4.70125,40.42009],[-4.69799,40.4206],[-4.68549,40.42057],[-4.68245,40.42006],[-4.67987,40.41873],[-4.67819,40.41688],[-4.64913,40.36844],[-4.64843,40.36654],[-4.6485,40.36469],[-4.65042,40.36163],[-4.65839,40.35583],[-4.69495,40.34261],[-4.69858,40.34201],[-4.72389,40.34242]]]},"properties":{"issued_at":"2026-07-23T12:00:00Z","hour":1,"heading_deg":45,"speed_kmh":1.0}},{"type":"Feature","geometry":{"type":"Polygon","coordinates":[[[-4.72442,40.33973],[-4.77438,40.3439],[-4.77811,40.3447],[-4.78218,40.34712],[-4.78457,40.35082],[-4.78597,40.36612],[-4.78568,40.36871],[-4.78469,40.3708],[-4.77315,40.38791],[-4.75834,40.39924],[-4.69669,40.42709],[-4.69301,40.42775],[-4.6798,40.42775],[-4.67513,40.427],[-4.67147,40.42508],[-4.66912,40.42249],[-4.63993,40.3738],[-4.63906,40.37125],[-4.63919,40.36861],[-4.6403,40.36612],[-4.64185,40.36437],[-4.65614,40.3537],[-4.69373,40.34006],[-4.69863,40.3393],[-4.72442,40.33973]]]},"properties":{"issued_at":"2026-07-23T12:00:00Z","hour":2,"heading_deg":45,"speed_kmh":1.0}},{"type":"Feature","geometry":{"type":"Polygon","coordinates":[[[-4.7248,40.33703],[-4.77476,40.3412],[-4.77967,40.34227],[-4.78455,40.34508],[-4.78658,40.34729],[-4.78776,40.34946],[-4.7884,40.35217],[-4.7895,40.36595],[-4.78914,40.36927],[-4.78784,40.37203],[-4.77578,40.38976],[-4.75444,40.40598],[-4.69213,40.43408],[-4.68734,40.43493],[-4.67394,40.43493],[-4.66781,40.43393],[-4.66307,40.43142],[-4.66006,40.42809],[-4.6308,40.37928],[-4.62965,40.37561],[-4.62997,40.37219],[-4.63135,40.36929],[-4.63327,40.3671],[-4.6538,40.35164],[-4.69237,40.33755],[-4.69869,40.33658],[-4.7248,40.33703]]]},"properties":{"issued_at":"2026-07-23T12:00:00Z","hour":3,"heading_deg":45,"speed_kmh":1.0}},{"type":"Feature","geometry":{"type":"Polygon","coordinates":[[[-4.72518,40.33433],[-4.77514,40.3385],[-4.78166,40.34],[-4.78483,40.34156],[-4.7884,40.34444],[-4.79029,40.34694],[-4.79149,40.34968],[-4.79306,40.36637],[-4.79222,40.37094],[-4.77867,40.39132],[-4.75053,40.41272],[-4.68757,40.44108],[-4.68168,40.44211],[-4.66808,40.44211],[-4.66388,40.44174],[-4.66009,40.44073],[-4.65563,40.43847],[-4.6515,40.43446],[-4.62194,40.38525],[-4.62028,40.38032],[-4.6203,40.37785],[-4.621,40.37508],[-4.62261,40.37216],[-4.62561,40.36907],[-4.65184,40.34938],[-4.69102,40.33505],[-4.69469,40.33416],[-4.69874,40.33387],[-4.72518,40.33433]]]},"properties":{"issued_at":"2026-07-23T12:00:00Z","hour":4,"heading_deg":45,"speed_kmh":1.0}},{"type":"Feature","geometry":{"type":"Polygon","coordinates":[[[-4.72556,40.33164],[-4.77552,40.33581],[-4.78323,40.33757],[-4.787,40.33942],[-4.79021,40.34181],[-4.79275,40.34464],[-4.79449,40.3478],[-4.79538,40.35116],[-4.79656,40.36562],[-4.79646,40.36857],[-4.79558,40.37178],[-4.78332,40.39068],[-4.78054,40.39389],[-4.75007,40.41727],[-4.74662,40.41946],[-4.68254,40.44821],[-4.67601,40.44929],[-4.66139,40.44928],[-4.65676,40.44876],[-4.65128,40.44707],[-4.64626,40.4441],[-4.64252,40.44018],[-4.61288,40.39085],[-4.61168,40.38833],[-4.61091,40.38503],[-4.61099,40.38168],[-4.61191,40.37841],[-4.61365,40.37534],[-4.61727,40.37162],[-4.64686,40.34901],[-4.64989,40.34712],[-4.68966,40.33254],[-4.69395,40.33151],[-4.69879,40.33116],[-4.72556,40.33164]]]},"properties":{"issued_at":"2026-07-23T12:00:00Z","hour":5,"heading_deg":45,"speed_kmh":1.0}},{"type":"Feature","geometry":{"type":"Polygon","coordinates":[[[-4.72507,40.32888],[-4.77591,40.33311],[-4.78198,40.3342],[-4.78665,40.33593],[-4.79078,40.33833],[-4.7942,40.34132],[-4.79678,40.34477],[-4.79841,40.34854],[-4.80013,40.36632],[-4.79998,40.36884],[-4.79879,40.37299],[-4.78647,40.39192],[-4.78322,40.39566],[-4.74672,40.42366],[-4.74271,40.42619],[-4.67798,40.45521],[-4.67034,40.45647],[-4.65536,40.45646],[-4.65007,40.45586],[-4.64366,40.45389],[-4.63785,40.45045],[-4.63353,40.44589],[-4.60382,40.39646],[-4.60243,40.39356],[-4.60154,40.38974],[-4.60162,40.38586],[-4.60269,40.38207],[-4.60469,40.37851],[-4.60893,40.37417],[-4.64437,40.34709],[-4.64793,40.34486],[-4.6883,40.33004],[-4.6932,40.32886],[-4.69884,40.32845],[-4.72507,40.32888]]]},"properties":{"issued_at":"2026-07-23T12:00:00Z","hour":6,"heading_deg":45,"speed_kmh":1.0}},{"type":"Feature","geometry":{"type":"Polygon","coordinates":[[[-4.7613,40.34079],[-4.76261,40.34181],[-4.77858,40.36533],[-4.7804,40.38251],[-4.77979,40.38457],[-4.77778,40.38602],[-4.70554,40.41318],[-4.67913,40.41326],[-4.67681,40.41276],[-4.63778,40.39524],[-4.62336,40.38056],[-4.62258,40.3793],[-4.62269,40.37723],[-4.62426,40.37555],[-4.65995,40.35827],[-4.69695,40.34491],[-4.75913,40.34019],[-4.7613,40.34079]]]},"properties":{"issued_at":"2026-07-23T12:30:00Z","hour":0,"heading_deg":79,"speed_kmh":1.1}},{"type":"Feature","geometry":{"type":"Polygon","coordinates":[[[-4.76288,40.33811],[-4.76569,40.34009],[-4.7822,40.3644],[-4.78271,40.3662],[-4.78422,40.38245],[-4.7834,40.38559],[-4.78167,40.38745],[-4.77946,40.38864],[-4.70706,40.41586],[-4.69527,40.41764],[-4.67034,40.41749],[-4.66675,40.41684],[-4.62627,40.39859],[-4.61155,40.3836],[-4.6101,40.38119],[-4.60994,40.37896],[-4.61058,40.37713],[-4.61187,40.37552],[-4.61386,40.37418],[-4.64938,40.35701],[-4.68679,40.3435],[-4.69762,40.34183],[-4.75886,40.33725],[-4.76288,40.33811]]]},"properties":{"issued_at":"2026-07-23T12:30:00Z","hour":1,"heading_deg":79,"speed_kmh":1.1}},{"type":"Feature","geometry":{"type":"Polygon","coordinates":[[[-4.7642,40.33533],[-4.76684,40.3367],[-4.76878,40.33837],[-4.78552,40.3629],[-4.78648,40.3657],[-4.78803,40.38238],[-4.78781,40.3846],[-4.78679,40.38692],[-4.78441,40.38948],[-4.78147,40.39114],[-4.70858,40.41855],[-4.68713,40.42185],[-4.66155,40.42171],[-4.65698,40.42099],[-4.61513,40.40216],[-4.59975,40.38665],[-4.59763,40.38308],[-4.59736,40.38035],[-4.5983,40.37735],[-4.60014,40.375],[-4.60278,40.37316],[-4.63881,40.35574],[-4.67662,40.34209],[-4.69725,40.33892],[-4.75905,40.33433],[-4.7642,40.33533]]]},"properties":{"issued_at":"2026-07-23T12:30:00Z","hour":2,"heading_deg":79,"speed_kmh":1.1}},{"type":"Feature","geometry":{"type":"Polygon","coordinates":[[[-4.76585,40.33269],[-4.76856,40.33399],[-4.77159,40.33636],[-4.78899,40.36168],[-4.79026,40.36534],[-4.79182,40.38189],[-4.79165,40.38476],[-4.79066,40.38746],[-4.78747,40.39126],[-4.78332,40.3937],[-4.7101,40.42123],[-4.67855,40.42608],[-4.65276,40.42594],[-4.6473,40.42515],[-4.60399,40.40574],[-4.60135,40.4036],[-4.58763,40.38934],[-4.58516,40.38497],[-4.58483,40.38139],[-4.58585,40.37789],[-4.58813,40.37476],[-4.59148,40.37227],[-4.62824,40.35448],[-4.66646,40.34068],[-4.69623,40.33607],[-4.75924,40.33141],[-4.76585,40.33269]]]},"properties":{"issued_at":"2026-07-23T12:30:00Z","hour":3,"heading_deg":79,"speed_kmh":1.1}},{"type":"Feature","geometry":{"type":"Polygon","coordinates":[[[-4.76334,40.3289],[-4.7675,40.33005],[-4.77085,40.33166],[-4.77467,40.33464],[-4.79246,40.36046],[-4.79405,40.36498],[-4.79562,40.38168],[-4.7954,40.38527],[-4.79438,40.38819],[-4.79121,40.39242],[-4.78557,40.39609],[-4.71162,40.42391],[-4.70762,40.42485],[-4.67138,40.43021],[-4.64318,40.43015],[-4.63716,40.42917],[-4.59286,40.40932],[-4.58955,40.40664],[-4.57572,40.39227],[-4.57386,40.38967],[-4.57268,40.38685],[-4.57229,40.38243],[-4.57357,40.37811],[-4.5764,40.37425],[-4.58056,40.37117],[-4.61767,40.35322],[-4.6558,40.33942],[-4.69564,40.33318],[-4.75943,40.32848],[-4.76334,40.3289]]]},"properties":{"issued_at":"2026-07-23T12:30:00Z","hour":4,"heading_deg":79,"speed_kmh":1.1}},{"type":"Feature","geometry":{"type":"Polygon","coordinates":[[[-4.76428,40.32606],[-4.76872,40.32726],[-4.77314,40.32932],[-4.77657,40.33179],[-4.77976,40.33536],[-4.79573,40.35891],[-4.79778,40.36426],[-4.79943,40.38147],[-4.79916,40.38578],[-4.79793,40.38926],[-4.7942,40.39424],[-4.7909,40.3968],[-4.78742,40.39865],[-4.71314,40.4266],[-4.70835,40.42772],[-4.66315,40.43441],[-4.63518,40.4344],[-4.62889,40.43368],[-4.6235,40.43191],[-4.58172,40.41289],[-4.57775,40.40968],[-4.56381,40.39519],[-4.5616,40.3921],[-4.56021,40.38874],[-4.55975,40.38347],[-4.56129,40.37833],[-4.56467,40.37374],[-4.56963,40.37008],[-4.6071,40.35195],[-4.64564,40.33801],[-4.65014,40.33695],[-4.69505,40.33029],[-4.75962,40.32556],[-4.76428,40.32606]]]},"properties":{"issued_at":"2026-07-23T12:30:00Z","hour":5,"heading_deg":79,"speed_kmh":1.1}},{"type":"Feature","geometry":{"type":"Polygon","coordinates":[[[-4.76522,40.32323],[-4.77079,40.32477],[-4.77543,40.32698],[-4.77942,40.32984],[-4.78314,40.33401],[-4.79868,40.35689],[-4.80041,40.36005],[-4.80173,40.36516],[-4.8033,40.38248],[-4.8022,40.38868],[-4.80017,40.39256],[-4.79748,40.39578],[-4.79372,40.3988],[-4.78927,40.40121],[-4.71467,40.42928],[-4.70907,40.43059],[-4.65493,40.43862],[-4.62639,40.43863],[-4.61914,40.4378],[-4.61284,40.43573],[-4.57058,40.41647],[-4.56665,40.41342],[-4.55189,40.39812],[-4.54934,40.39453],[-4.54773,40.39063],[-4.54713,40.38621],[-4.54829,40.38015],[-4.55166,40.3746],[-4.55696,40.37002],[-4.59653,40.35069],[-4.63548,40.3366],[-4.64068,40.33538],[-4.69446,40.32739],[-4.75982,40.32264],[-4.76522,40.32323]]]},"properties":{"issued_at":"2026-07-23T12:30:00Z","hour":6,"heading_deg":79,"speed_kmh":1.1}},{"type":"Feature","geometry":{"type":"Polygon","coordinates":[[[-4.76091,40.34061],[-4.76261,40.34181],[-4.77858,40.36533],[-4.7804,40.38251],[-4.77979,40.38457],[-4.77778,40.38602],[-4.70554,40.41318],[-4.65444,40.41303],[-4.65226,40.41259],[-4.65059,40.41144],[-4.62324,40.38044],[-4.62251,40.37906],[-4.62054,40.35956],[-4.62137,40.35759],[-4.62346,40.35629],[-4.69753,40.34479],[-4.75913,40.34019],[-4.76091,40.34061]]]},"properties":{"issued_at":"2026-07-23T13:00:00Z","hour":0,"heading_deg":81,"speed_kmh":1.4}},{"type":"Feature","geometry":{"type":"Polygon","coordinates":[[[-4.76299,40.33727],[-4.76651,40.33963],[-4.78315,40.36415],[-4.78372,40.36615],[-4.78523,40.38243],[-4.7843,40.38594],[-4.78239,40.38798],[-4.7799,40.38934],[-4.70746,40.41657],[-4.69272,40.41851],[-4.64327,40.41812],[-4.63948,40.41748],[-4.63716,40.41635],[-4.63549,40.41491],[-4.60814,40.38391],[-4.60671,40.38131],[-4.60465,40.36035],[-4.6053,40.3583],[-4.60668,40.35647],[-4.61073,40.3542],[-4.69682,40.34113],[-4.75891,40.33648],[-4.76299,40.33727]]]},"properties":{"issued_at":"2026-07-23T13:00:00Z","hour":1,"heading_deg":81,"speed_kmh":1.4}},{"type":"Feature","geometry":{"type":"Polygon","coordinates":[[[-4.76507,40.33393],[-4.76821,40.33556],[-4.77014,40.33717],[-4.78736,40.36225],[-4.78848,40.36551],[-4.79003,40.38198],[-4.78988,40.38452],[-4.78899,40.38695],[-4.78618,40.3903],[-4.78245,40.39249],[-4.70939,40.41997],[-4.68204,40.4236],[-4.6321,40.42322],[-4.62715,40.42249],[-4.62354,40.42094],[-4.62065,40.41866],[-4.59303,40.38737],[-4.5909,40.38355],[-4.58872,40.36327],[-4.58891,40.36044],[-4.59004,40.35774],[-4.59173,40.35563],[-4.59473,40.35344],[-4.59799,40.3521],[-4.67341,40.34032],[-4.6961,40.33747],[-4.75915,40.33278],[-4.76507,40.33393]]]},"properties":{"issued_at":"2026-07-23T13:00:00Z","hour":2,"heading_deg":81,"speed_kmh":1.4}},{"type":"Feature","geometry":{"type":"Polygon","coordinates":[[[-4.7636,40.32957],[-4.76716,40.3306],[-4.77038,40.33214],[-4.77404,40.33499],[-4.79174,40.36072],[-4.79327,40.36506],[-4.79484,40.38172],[-4.79463,40.38517],[-4.79365,40.38797],[-4.79059,40.39205],[-4.78519,40.39556],[-4.71131,40.42336],[-4.70704,40.42432],[-4.67157,40.42868],[-4.62093,40.42831],[-4.61481,40.42748],[-4.60991,40.42551],[-4.60568,40.42228],[-4.57793,40.39084],[-4.57521,40.38616],[-4.5728,40.36494],[-4.57304,40.36123],[-4.57459,40.35751],[-4.57677,40.35479],[-4.58076,40.35185],[-4.58526,40.35001],[-4.66135,40.33809],[-4.69519,40.33384],[-4.75939,40.32908],[-4.7636,40.32957]]]},"properties":{"issued_at":"2026-07-23T13:00:00Z","hour":3,"heading_deg":81,"speed_kmh":1.4}},{"type":"Feature","geometry":{"type":"Polygon","coordinates":[[[-4.76434,40.3259],[-4.76882,40.3271],[-4.7729,40.32896],[-4.77674,40.33167],[-4.77996,40.33528],[-4.79593,40.35884],[-4.798,40.36424],[-4.79965,40.38146],[-4.79938,40.38581],[-4.79814,40.38932],[-4.79437,40.39435],[-4.79105,40.39693],[-4.78753,40.3988],[-4.71323,40.42676],[-4.70782,40.42797],[-4.66066,40.43377],[-4.60976,40.4334],[-4.60205,40.43235],[-4.59593,40.42987],[-4.59071,40.42589],[-4.56282,40.39431],[-4.56088,40.39165],[-4.5594,40.38841],[-4.55683,40.36591],[-4.55757,40.36062],[-4.55935,40.35696],[-4.56301,40.35286],[-4.5668,40.35026],[-4.57252,40.34792],[-4.64929,40.33586],[-4.69442,40.33018],[-4.75964,40.32539],[-4.76434,40.3259]]]},"properties":{"issued_at":"2026-07-23T13:00:00Z","hour":4,"heading_deg":81,"speed_kmh":1.4}},{"type":"Feature","geometry":{"type":"Polygon","coordinates":[[[-4.76553,40.32231],[-4.7709,40.32377],[-4.77618,40.32622],[-4.78034,40.32921],[-4.78424,40.33357],[-4.79978,40.35645],[-4.80226,40.36156],[-4.80297,40.36509],[-4.80453,40.38246],[-4.80339,40.38894],[-4.80127,40.39299],[-4.79816,40.39664],[-4.79417,40.39976],[-4.78987,40.40203],[-4.71516,40.43015],[-4.7086,40.43162],[-4.64976,40.43886],[-4.59858,40.4385],[-4.5915,40.43775],[-4.5863,40.43626],[-4.58194,40.43424],[-4.57601,40.42978],[-4.54704,40.39697],[-4.5454,40.39462],[-4.5436,40.39066],[-4.54285,40.38708],[-4.54089,40.36741],[-4.54179,40.36106],[-4.5437,40.35705],[-4.54685,40.35312],[-4.55246,40.34887],[-4.55763,40.34651],[-4.56402,40.34491],[-4.63722,40.33362],[-4.69364,40.32653],[-4.75988,40.32169],[-4.76553,40.32231]]]},"properties":{"issued_at":"2026-07-23T13:00:00Z","hour":5,"heading_deg":81,"speed_kmh":1.4}},{"type":"Feature","geometry":{"type":"Polygon","coordinates":[[[-4.76671,40.31872],[-4.77299,40.32043],[-4.7787,40.32305],[-4.78363,40.32648],[-4.78782,40.3309],[-4.80406,40.35474],[-4.80615,40.35855],[-4.80778,40.36483],[-4.80936,40.38238],[-4.80888,40.38711],[-4.80803,40.38994],[-4.80557,40.39467],[-4.80223,40.39866],[-4.79973,40.40085],[-4.79463,40.40412],[-4.71708,40.43354],[-4.70938,40.43527],[-4.63885,40.44395],[-4.58741,40.44359],[-4.57918,40.44272],[-4.57311,40.44099],[-4.56796,40.4386],[-4.56104,40.43339],[-4.5318,40.40028],[-4.52993,40.39759],[-4.52779,40.3929],[-4.52693,40.38876],[-4.52496,40.36891],[-4.52503,40.36607],[-4.52602,40.3615],[-4.52826,40.35682],[-4.53189,40.35228],[-4.5385,40.34728],[-4.54447,40.34456],[-4.55196,40.34268],[-4.62516,40.33139],[-4.69286,40.32288],[-4.76012,40.318],[-4.76671,40.31872]]]},"properties":{"issued_at":"2026-07-23T13:00:00Z","hour":6,"heading_deg":81,"speed_kmh":1.4}},{"type":"Feature","geometry":{"type":"Polygon","coordinates":[[[-4.76165,40.34099],[-4.77609,40.35009],[-4.77764,40.35192],[-4.78041,40.38289],[-4.77977,40.38459],[-4.77815,40.38586],[-4.74143,40.3994],[-4.68006,40.4132],[-4.61741,40.41267],[-4.61484,40.41205],[-4.61312,40.41046],[-4.60858,40.37887],[-4.6103,40.37512],[-4.62101,40.35806],[-4.62256,40.35666],[-4.69753,40.34479],[-4.75912,40.34019],[-4.76165,40.34099]]]},"properties":{"issued_at":"2026-07-23T13:30:00Z","hour":0,"heading_deg":85,"speed_kmh":3.0}},{"type":"Feature","geometry":{"type":"Polygon","coordinates":[[[-4.764,40.33288],[-4.7683,40.33479],[-4.7835,40.3444],[-4.78611,40.34688],[-4.78758,40.34938],[-4.78826,40.35211],[-4.79085,40.38355],[-4.79023,40.38616],[-4.78855,40.38898],[-4.78637,40.39106],[-4.78315,40.39292],[-4.74478,40.40701],[-4.68149,40.42115],[-4.65519,40.42305],[-4.59198,40.42242],[-4.58771,40.42169],[-4.58388,40.42004],[-4.58083,40.41763],[-4.5788,40.41465],[-4.57804,40.41208],[-4.5738,40.3825],[-4.574,40.37894],[-4.57631,40.37376],[-4.58748,40.35597],[-4.58952,40.3537],[-4.5931,40.35141],[-4.59793,40.34997],[-4.67165,40.33861],[-4.75917,40.33215],[-4.764,40.33288]]]},"properties":{"issued_at":"2026-07-23T13:30:00Z","hour":1,"heading_deg":85,"speed_kmh":3.0}},{"type":"Feature","geometry":{"type":"Polygon","coordinates":[[[-4.76753,40.32532],[-4.77495,40.32858],[-4.79206,40.33963],[-4.79541,40.34317],[-4.79752,40.34684],[-4.79871,40.35158],[-4.80131,40.38146],[-4.80098,40.38614],[-4.79962,40.38989],[-4.79707,40.39367],[-4.79233,40.39776],[-4.78815,40.39998],[-4.74814,40.41462],[-4.68641,40.42853],[-4.68157,40.42924],[-4.63125,40.43283],[-4.56701,40.4322],[-4.55977,40.43099],[-4.55329,40.42825],[-4.54809,40.42419],[-4.54463,40.41917],[-4.54329,40.41472],[-4.53905,40.38514],[-4.53892,40.38227],[-4.53943,40.37902],[-4.54233,40.3724],[-4.55419,40.35355],[-4.55869,40.34905],[-4.56322,40.34635],[-4.56751,40.34474],[-4.57153,40.34385],[-4.64623,40.33237],[-4.75969,40.32412],[-4.76753,40.32532]]]},"properties":{"issued_at":"2026-07-23T13:30:00Z","hour":2,"heading_deg":85,"speed_kmh":3.0}},{"type":"Feature","geometry":{"type":"Polygon","coordinates":[[[-4.76722,40.31686],[-4.77106,40.31776],[-4.78039,40.32164],[-4.79987,40.33427],[-4.80423,40.33882],[-4.80746,40.3443],[-4.80916,40.35104],[-4.81176,40.38092],[-4.81129,40.38759],[-4.80935,40.39287],[-4.80584,40.39806],[-4.80133,40.40231],[-4.79315,40.40704],[-4.75149,40.42223],[-4.68786,40.43655],[-4.60955,40.44252],[-4.54401,40.44205],[-4.53561,40.4412],[-4.52864,40.43924],[-4.52002,40.43473],[-4.51367,40.42882],[-4.51046,40.42369],[-4.50854,40.41736],[-4.5043,40.38778],[-4.50411,40.3838],[-4.50485,40.37909],[-4.50834,40.37103],[-4.52067,40.35146],[-4.52263,40.34904],[-4.52712,40.345],[-4.53334,40.34129],[-4.53956,40.33896],[-4.54513,40.33773],[-4.62035,40.32618],[-4.7602,40.3161],[-4.76722,40.31686]]]},"properties":{"issued_at":"2026-07-23T13:30:00Z","hour":3,"heading_deg":85,"speed_kmh":3.0}},{"type":"Feature","geometry":{"type":"Polygon","coordinates":[[[-4.77022,40.30916],[-4.77881,40.31155],[-4.78663,40.31519],[-4.80269,40.32526],[-4.80799,40.32919],[-4.81329,40.33479],[-4.81569,40.33836],[-4.81854,40.34492],[-4.81961,40.35051],[-4.82221,40.38039],[-4.82217,40.38552],[-4.82151,40.38939],[-4.82043,40.39283],[-4.81718,40.39908],[-4.81218,40.40502],[-4.80575,40.4101],[-4.79815,40.4141],[-4.75485,40.42984],[-4.68985,40.44444],[-4.68353,40.44524],[-4.58383,40.4524],[-4.51955,40.45184],[-4.5082,40.45065],[-4.50391,40.4496],[-4.49621,40.44677],[-4.48864,40.44244],[-4.4829,40.4376],[-4.48037,40.43474],[-4.47629,40.42821],[-4.47407,40.42153],[-4.46956,40.39041],[-4.46931,40.38534],[-4.47037,40.37883],[-4.47209,40.37427],[-4.47522,40.36821],[-4.48593,40.35115],[-4.48939,40.34655],[-4.49589,40.3407],[-4.49953,40.33832],[-4.50723,40.33463],[-4.51207,40.33305],[-4.51874,40.33161],[-4.59447,40.31999],[-4.75427,40.30819],[-4.76072,40.30807],[-4.77022,40.30916]]]},"properties":{"issued_at":"2026-07-23T13:30:00Z","hour":4,"heading_deg":85,"speed_kmh":3.0}},{"type":"Feature","geometry":{"type":"Polygon","coordinates":[[[-4.77277,40.30136],[-4.7833,40.30429],[-4.7925,40.30853],[-4.80934,40.31906],[-4.8158,40.32383],[-4.82235,40.33075],[-4.82523,40.33505],[-4.82876,40.34317],[-4.83006,40.34997],[-4.83277,40.38184],[-4.83257,40.38654],[-4.83062,40.39471],[-4.82648,40.40278],[-4.82035,40.41005],[-4.81247,40.41627],[-4.80273,40.42133],[-4.7582,40.43745],[-4.69229,40.45226],[-4.68451,40.45324],[-4.55989,40.46218],[-4.49255,40.46156],[-4.48662,40.46106],[-4.47641,40.45903],[-4.46607,40.45522],[-4.46151,40.45285],[-4.45369,40.44741],[-4.44708,40.44066],[-4.44212,40.43273],[-4.43939,40.42455],[-4.43461,40.39122],[-4.43486,40.38319],[-4.43702,40.37534],[-4.44144,40.36649],[-4.45215,40.34943],[-4.45643,40.34376],[-4.46432,40.33665],[-4.47318,40.33137],[-4.47829,40.32918],[-4.48412,40.32727],[-4.49234,40.3255],[-4.56859,40.3138],[-4.75328,40.3002],[-4.76123,40.30005],[-4.77277,40.30136]]]},"properties":{"issued_at":"2026-07-23T13:30:00Z","hour":5,"heading_deg":85,"speed_kmh":3.0}},{"type":"Feature","geometry":{"type":"Polygon","coordinates":[[[-4.81599,40.31285],[-4.82361,40.31847],[-4.82792,40.3226],[-4.83165,40.32704],[-4.83458,40.33141],[-4.83712,40.33633],[-4.83909,40.34178],[-4.84052,40.34944],[-4.84325,40.38171],[-4.84305,40.38684],[-4.8422,40.39193],[-4.84056,40.39728],[-4.83837,40.40213],[-4.83556,40.40679],[-4.82851,40.41509],[-4.81918,40.42243],[-4.80773,40.4284],[-4.76667,40.44355],[-4.75875,40.44575],[-4.6982,40.45937],[-4.68816,40.461],[-4.53595,40.47197],[-4.46758,40.47134],[-4.45471,40.4698],[-4.44805,40.46821],[-4.43671,40.46404],[-4.42623,40.45809],[-4.4213,40.45431],[-4.41355,40.44628],[-4.4081,40.43758],[-4.40603,40.43248],[-4.40431,40.42527],[-4.4,40.39509],[-4.40013,40.38399],[-4.40269,40.3747],[-4.40767,40.36476],[-4.41838,40.3477],[-4.42374,40.34066],[-4.42798,40.33645],[-4.43763,40.32937],[-4.4433,40.32631],[-4.44979,40.32356],[-4.45617,40.32149],[-4.46594,40.31938],[-4.54224,40.30767],[-4.64436,40.3],[-4.7947,40.3],[-4.79875,40.30208],[-4.81599,40.31285]]]},"properties":{"issued_at":"2026-07-23T13:30:00Z","hour":6,"heading_deg":85,"speed_kmh":3.0}},{"type":"Feature","geometry":{"type":"Polygon","coordinates":[[[-4.76263,40.34276],[-4.77583,40.34994],[-4.77733,40.35129],[-4.77781,40.35267],[-4.77876,40.3676],[-4.76705,40.38512],[-4.73065,40.41283],[-4.63165,40.42624],[-4.61816,40.42645],[-4.61565,40.4257],[-4.59191,40.41157],[-4.58596,40.40733],[-4.58502,40.40606],[-4.58498,40.40389],[-4.5902,40.39064],[-4.59817,40.37468],[-4.62314,40.3564],[-4.71,40.34491],[-4.76048,40.34212],[-4.76263,40.34276]]]},"properties":{"issued_at":"2026-07-23T14:00:00Z","hour":0,"heading_deg":76,"speed_kmh":3.7}},{"type":"Feature","geometry":{"type":"Polygon","coordinates":[[[-4.76617,40.33283],[-4.76973,40.33421],[-4.784,40.34197],[-4.78796,40.3452],[-4.7901,40.34854],[-4.79089,40.35119],[-4.79212,40.36637],[-4.79169,40.36968],[-4.79015,40.37294],[-4.77934,40.38911],[-4.77687,40.3919],[-4.74116,40.41934],[-4.73614,40.42205],[-4.70166,40.42893],[-4.60351,40.44205],[-4.58785,40.44234],[-4.5832,40.4417],[-4.57854,40.43996],[-4.55391,40.42534],[-4.54571,40.41939],[-4.54371,40.41707],[-4.54237,40.41448],[-4.54168,40.41034],[-4.54244,40.40673],[-4.5479,40.39291],[-4.55665,40.37562],[-4.55992,40.37237],[-4.58297,40.35546],[-4.5879,40.35289],[-4.62226,40.34607],[-4.70779,40.33492],[-4.761,40.33199],[-4.76617,40.33283]]]},"properties":{"issued_at":"2026-07-23T14:00:00Z","hour":1,"heading_deg":76,"speed_kmh":3.7}},{"type":"Feature","geometry":{"type":"Polygon","coordinates":[[[-4.76848,40.32275],[-4.77644,40.32548],[-4.79253,40.33423],[-4.79854,40.33913],[-4.80158,40.34324],[-4.8036,40.34809],[-4.80528,40.36521],[-4.80516,40.36923],[-4.8039,40.37385],[-4.80252,40.37659],[-4.7911,40.39374],[-4.78841,40.39705],[-4.7505,40.42651],[-4.74669,40.42899],[-4.74162,40.43127],[-4.7362,40.43276],[-4.67403,40.44468],[-4.57538,40.45786],[-4.55754,40.45823],[-4.54912,40.45708],[-4.54321,40.45506],[-4.51591,40.43911],[-4.50517,40.43117],[-4.50181,40.42707],[-4.49972,40.42289],[-4.49895,40.42017],[-4.49859,40.4157],[-4.49954,40.41055],[-4.5055,40.39541],[-4.51513,40.37656],[-4.52006,40.37145],[-4.54394,40.3539],[-4.54771,40.35154],[-4.55266,40.34939],[-4.55778,40.34801],[-4.62004,40.33608],[-4.70681,40.3248],[-4.76199,40.32188],[-4.76848,40.32275]]]},"properties":{"issued_at":"2026-07-23T14:00:00Z","hour":2,"heading_deg":76,"speed_kmh":3.7}},{"type":"Feature","geometry":{"type":"Polygon","coordinates":[[[-4.77203,40.31299],[-4.77617,40.31407],[-4.78354,40.31693],[-4.8007,40.32627],[-4.804,40.32849],[-4.8094,40.33335],[-4.81389,40.33955],[-4.81652,40.34598],[-4.81737,40.35081],[-4.81847,40.36459],[-4.81835,40.36985],[-4.81755,40.37383],[-4.81479,40.38037],[-4.80286,40.39836],[-4.79909,40.40302],[-4.79475,40.40689],[-4.75838,40.43474],[-4.75449,40.43717],[-4.74711,40.44049],[-4.73942,40.44258],[-4.64641,40.46042],[-4.54724,40.47366],[-4.52723,40.47412],[-4.51918,40.47333],[-4.51505,40.47246],[-4.50721,40.46982],[-4.50166,40.467],[-4.47792,40.45287],[-4.46965,40.44717],[-4.46492,40.44323],[-4.46033,40.43773],[-4.45707,40.43131],[-4.45553,40.42415],[-4.45551,40.4207],[-4.4567,40.41424],[-4.46309,40.39791],[-4.47341,40.37779],[-4.47774,40.37273],[-4.48186,40.36925],[-4.50636,40.35132],[-4.51391,40.34724],[-4.52466,40.34395],[-4.61783,40.32609],[-4.70522,40.31474],[-4.75665,40.31178],[-4.76297,40.31178],[-4.77203,40.31299]]]},"properties":{"issued_at":"2026-07-23T14:00:00Z","hour":3,"heading_deg":76,"speed_kmh":3.7}},{"type":"Feature","geometry":{"type":"Polygon","coordinates":[[[-4.77557,40.30323],[-4.78095,40.30462],[-4.79065,40.30839],[-4.80887,40.3183],[-4.81316,40.32119],[-4.82025,40.32757],[-4.82583,40.3352],[-4.82944,40.34387],[-4.83056,40.35019],[-4.83166,40.36397],[-4.8315,40.37086],[-4.83049,40.3759],[-4.82685,40.38451],[-4.81461,40.40298],[-4.80977,40.40898],[-4.8041,40.41406],[-4.76723,40.44226],[-4.7623,40.44534],[-4.75259,40.44971],[-4.74264,40.45241],[-4.62142,40.47576],[-4.51911,40.48947],[-4.49691,40.49001],[-4.4859,40.48889],[-4.47578,40.48631],[-4.4708,40.4844],[-4.46366,40.48077],[-4.43992,40.46664],[-4.43077,40.46037],[-4.42467,40.45529],[-4.41864,40.44806],[-4.41442,40.43972],[-4.41316,40.43535],[-4.41245,40.43054],[-4.41289,40.42196],[-4.41398,40.41756],[-4.42069,40.40041],[-4.42879,40.38394],[-4.4319,40.37873],[-4.43752,40.37217],[-4.44283,40.36769],[-4.46782,40.34943],[-4.47751,40.34418],[-4.48261,40.34224],[-4.49154,40.33989],[-4.61561,40.3161],[-4.70363,40.30468],[-4.75568,40.30168],[-4.76395,40.30167],[-4.77557,40.30323]]]},"properties":{"issued_at":"2026-07-23T14:00:00Z","hour":4,"heading_deg":76,"speed_kmh":3.7}},{"type":"Feature","geometry":{"type":"Polygon","coordinates":[[[-4.81404,40.30861],[-4.82231,40.31388],[-4.82711,40.31781],[-4.83137,40.32209],[-4.83484,40.32635],[-4.83796,40.33117],[-4.84059,40.33655],[-4.84237,40.34175],[-4.84346,40.34707],[-4.84497,40.36645],[-4.84465,40.37186],[-4.84352,40.3776],[-4.8416,40.38321],[-4.83871,40.38899],[-4.82637,40.40761],[-4.82045,40.41495],[-4.81344,40.42122],[-4.77853,40.448],[-4.7705,40.4533],[-4.76447,40.45635],[-4.75763,40.45908],[-4.74586,40.46224],[-4.59637,40.49106],[-4.53069,40.5],[-4.43703,40.5],[-4.42823,40.496],[-4.4,40.47922],[-4.4,40.36921],[-4.42927,40.34753],[-4.44069,40.34131],[-4.44737,40.33873],[-4.45842,40.33582],[-4.60791,40.307],[-4.6603,40.3],[-4.79814,40.30004],[-4.81404,40.30861]]]},"properties":{"issued_at":"2026-07-23T14:00:00Z","hour":5,"heading_deg":76,"speed_kmh":3.7}},{"type":"Feature","geometry":{"type":"Polygon","coordinates":[[[-4.83113,40.30633],[-4.83716,40.31124],[-4.84223,40.31631],[-4.84638,40.32143],[-4.85,40.32702],[-4.85,40.39436],[-4.83591,40.41533],[-4.83142,40.42061],[-4.82594,40.42582],[-4.78494,40.4573],[-4.77831,40.46147],[-4.77115,40.4651],[-4.76312,40.4683],[-4.74908,40.47207],[-4.60418,40.5],[-4.4,40.5],[-4.4,40.34033],[-4.40428,40.33825],[-4.41213,40.33523],[-4.4253,40.33176],[-4.59004,40.3],[-4.82105,40.3],[-4.83113,40.30633]]]},"properties":{"issued_at":"2026-07-23T14:00:00Z","hour":6,"heading_deg":76,"speed_kmh":3.7}},{"type":"Feature","geometry":{"type":"Polygon","coordinates":[[[-4.76122,40.34391],[-4.77679,40.35064],[-4.77781,40.35267],[-4.77876,40.3676],[-4.76705,40.38512],[-4.73065,40.41283],[-4.63129,40.42628],[-4.59394,40.42658],[-4.59167,40.42614],[-4.55997,40.41302],[-4.55854,40.41211],[-4.55768,40.41085],[-4.55752,40.40942],[-4.55874,40.40255],[-4.5633,40.3959],[-4.5689,40.38948],[-4.58753,40.37612],[-4.62337,40.35632],[-4.69753,40.34479],[-4.75125,40.34025],[-4.76122,40.34391]]]},"properties":{"issued_at":"2026-07-23T14:30:00Z","hour":0,"heading_deg":71,"speed_kmh":3.8}},{"type":"Feature","geometry":{"type":"Polygon","coordinates":[[[-4.75512,40.33041],[-4.7594,40.33164],[-4.78219,40.34096],[-4.78677,40.34389],[-4.78947,40.34712],[-4.79076,40.35014],[-4.7921,40.36823],[-4.79055,40.37248],[-4.77781,40.39113],[-4.74123,40.41939],[-4.73618,40.42211],[-4.70281,40.43071],[-4.6045,40.44387],[-4.56459,40.44436],[-4.56035,40.44399],[-4.55651,40.44293],[-4.52364,40.42933],[-4.51918,40.42648],[-4.51711,40.42425],[-4.51566,40.42175],[-4.51495,40.41943],[-4.51478,40.41669],[-4.51585,40.40945],[-4.51664,40.40698],[-4.52217,40.39859],[-4.52883,40.39093],[-4.54964,40.37582],[-4.5875,40.35495],[-4.62101,40.3462],[-4.69491,40.33479],[-4.75078,40.33004],[-4.75512,40.33041]]]},"properties":{"issued_at":"2026-07-23T14:30:00Z","hour":1,"heading_deg":71,"speed_kmh":3.8}},{"type":"Feature","geometry":{"type":"Polygon","coordinates":[[[-4.75749,40.32036],[-4.76433,40.32213],[-4.78947,40.33241],[-4.79675,40.33713],[-4.80163,40.34298],[-4.80376,40.34797],[-4.80547,40.3652],[-4.80539,40.36886],[-4.80408,40.37389],[-4.80269,40.37665],[-4.79127,40.3938],[-4.78856,40.39713],[-4.75064,40.42661],[-4.74411,40.43044],[-4.73874,40.43232],[-4.67633,40.44824],[-4.57736,40.4615],[-4.56001,40.46202],[-4.53344,40.4621],[-4.5277,40.46147],[-4.52178,40.45988],[-4.48473,40.44432],[-4.48198,40.44256],[-4.47788,40.43899],[-4.47498,40.43519],[-4.47365,40.43264],[-4.47233,40.42836],[-4.47203,40.42563],[-4.47311,40.41633],[-4.47396,40.4129],[-4.47577,40.40905],[-4.48063,40.40188],[-4.48876,40.39237],[-4.49223,40.38943],[-4.51174,40.37553],[-4.55209,40.35341],[-4.61908,40.33607],[-4.69335,40.32464],[-4.7425,40.32019],[-4.75082,40.31984],[-4.75749,40.32036]]]},"properties":{"issued_at":"2026-07-23T14:30:00Z","hour":2,"heading_deg":71,"speed_kmh":3.8}},{"type":"Feature","geometry":{"type":"Polygon","coordinates":[[[-4.76086,40.31048],[-4.7699,40.31286],[-4.79634,40.32367],[-4.80321,40.32763],[-4.80641,40.33011],[-4.81196,40.33606],[-4.81545,40.34209],[-4.81666,40.34545],[-4.81765,40.3508],[-4.81883,40.3666],[-4.81793,40.37349],[-4.81505,40.38046],[-4.80311,40.39846],[-4.79961,40.40284],[-4.79496,40.40704],[-4.76005,40.43382],[-4.75505,40.43712],[-4.75084,40.43924],[-4.743,40.44199],[-4.65032,40.46568],[-4.55021,40.47913],[-4.5433,40.47964],[-4.50342,40.47988],[-4.49505,40.47894],[-4.48662,40.47666],[-4.45271,40.46269],[-4.44694,40.45984],[-4.44077,40.45549],[-4.43769,40.45257],[-4.43346,40.44703],[-4.43164,40.44354],[-4.42971,40.43729],[-4.4293,40.43355],[-4.42957,40.42864],[-4.43165,40.41792],[-4.43428,40.41231],[-4.43941,40.40471],[-4.44837,40.39415],[-4.45371,40.38955],[-4.47384,40.37523],[-4.51078,40.35464],[-4.51667,40.35187],[-4.52284,40.34989],[-4.61438,40.32644],[-4.69126,40.31456],[-4.74095,40.31005],[-4.75085,40.30963],[-4.76086,40.31048]]]},"properties":{"issued_at":"2026-07-23T14:30:00Z","hour":3,"heading_deg":71,"speed_kmh":3.8}},{"type":"Feature","geometry":{"type":"Polygon","coordinates":[[[-4.77547,40.30359],[-4.80044,40.31371],[-4.80808,40.31747],[-4.8167,40.32363],[-4.82352,40.331],[-4.82825,40.33927],[-4.8307,40.3481],[-4.83213,40.36652],[-4.83182,40.37127],[-4.83085,40.37596],[-4.8272,40.38462],[-4.81495,40.40311],[-4.81036,40.40885],[-4.80437,40.41426],[-4.76946,40.44104],[-4.76291,40.44535],[-4.75798,40.44786],[-4.74726,40.45165],[-4.62384,40.48321],[-4.51653,40.49734],[-4.47341,40.49765],[-4.46239,40.49642],[-4.45683,40.49515],[-4.44866,40.49237],[-4.41427,40.47806],[-4.40546,40.47299],[-4.4,40.46856],[-4.4,40.40513],[-4.4083,40.39559],[-4.41261,40.39165],[-4.43298,40.37691],[-4.43858,40.37337],[-4.47631,40.3525],[-4.48171,40.35016],[-4.48917,40.34779],[-4.61106,40.31655],[-4.68956,40.30443],[-4.73847,40.3],[-4.75982,40.3],[-4.76323,40.30043],[-4.77547,40.30359]]]},"properties":{"issued_at":"2026-07-23T14:30:00Z","hour":4,"heading_deg":71,"speed_kmh":3.8}},{"type":"Feature","geometry":{"type":"Polygon","coordinates":[[[-4.81608,40.30931],[-4.82636,40.3166],[-4.83089,40.32094],[-4.83483,40.32561],[-4.83832,40.3309],[-4.84089,40.3361],[-4.84267,40.34111],[-4.84392,40.34696],[-4.84544,40.36645],[-4.84506,40.37228],[-4.84388,40.37805],[-4.84189,40.38369],[-4.83914,40.38914],[-4.82679,40.40777],[-4.82083,40.41516],[-4.81378,40.42147],[-4.77887,40.44825],[-4.77078,40.45358],[-4.76471,40.45666],[-4.75152,40.46132],[-4.60077,40.5],[-4.4,40.5],[-4.4,40.37347],[-4.43966,40.35151],[-4.4463,40.34862],[-4.4555,40.34569],[-4.60267,40.30781],[-4.61121,40.30606],[-4.65052,40.3],[-4.79523,40.3],[-4.80672,40.30472],[-4.81608,40.30931]]]},"properties":{"issued_at":"2026-07-23T14:30:00Z","hour":5,"heading_deg":71,"speed_kmh":3.8}},{"type":"Feature","geometry":{"type":"Polygon","coordinates":[[[-4.83031,40.30515],[-4.83666,40.31013],[-4.84199,40.3153],[-4.84638,40.32055],[-4.85,40.326],[-4.85,40.39536],[-4.8364,40.41554],[-4.83187,40.42086],[-4.82637,40.4261],[-4.78532,40.45762],[-4.77864,40.46182],[-4.77144,40.46547],[-4.76379,40.46853],[-4.75578,40.47099],[-4.64308,40.5],[-4.4,40.5],[-4.4,40.35208],[-4.40301,40.35051],[-4.41088,40.34708],[-4.42184,40.34359],[-4.59119,40.3],[-4.82188,40.3],[-4.83031,40.30515]]]},"properties":{"issued_at":"2026-07-23T14:30:00Z","hour":6,"heading_deg":71,"speed_kmh":3.8}},{"type":"Feature","geometry":{"type":"Polygon","coordinates":[[[-4.76122,40.34391],[-4.76284,40.34498],[-4.77825,40.36482],[-4.77885,40.36728],[-4.76705,40.38512],[-4.73065,40.41283],[-4.63129,40.42628],[-4.59394,40.42658],[-4.59167,40.42614],[-4.55997,40.41302],[-4.55854,40.41211],[-4.55768,40.41085],[-4.55752,40.40942],[-4.55859,40.40286],[-4.5633,40.3959],[-4.5689,40.38948],[-4.58708,40.37641],[-4.63573,40.35645],[-4.69734,40.34483],[-4.75125,40.34025],[-4.76122,40.34391]]]},"properties":{"issued_at":"2026-07-23T15:00:00Z","hour":0,"heading_deg":71,"speed_kmh":3.4}},{"type":"Feature","geometry":{"type":"Polygon","coordinates":[[[-4.75434,40.33132],[-4.7582,40.33232],[-4.76766,40.33616],[-4.77192,40.33899],[-4.78906,40.36085],[-4.79065,40.36452],[-4.79074,40.36838],[-4.78905,40.37251],[-4.77673,40.39053],[-4.74029,40.41867],[-4.73563,40.42119],[-4.70546,40.42896],[-4.60722,40.44211],[-4.56753,40.44258],[-4.56361,40.44224],[-4.56003,40.44125],[-4.52728,40.4277],[-4.52311,40.42505],[-4.5212,40.42297],[-4.51987,40.42066],[-4.51905,40.416],[-4.52083,40.40657],[-4.52651,40.39803],[-4.53411,40.38967],[-4.55516,40.37492],[-4.60326,40.35529],[-4.63314,40.34743],[-4.69449,40.33591],[-4.75078,40.33106],[-4.75434,40.33132]]]},"properties":{"issued_at":"2026-07-23T15:00:00Z","hour":1,"heading_deg":71,"speed_kmh":3.4}},{"type":"Feature","geometry":{"type":"Polygon","coordinates":[[[-4.75692,40.32235],[-4.76276,40.32382],[-4.77373,40.32824],[-4.77984,40.332],[-4.78365,40.33587],[-4.79965,40.35656],[-4.80234,40.36249],[-4.80285,40.36727],[-4.80211,40.37167],[-4.80043,40.37553],[-4.7889,40.39287],[-4.78641,40.39593],[-4.74875,40.42516],[-4.74277,40.42868],[-4.73788,40.43038],[-4.68162,40.44473],[-4.58279,40.45798],[-4.56574,40.45846],[-4.53944,40.45855],[-4.53377,40.45788],[-4.52881,40.45652],[-4.49221,40.44117],[-4.4862,40.43656],[-4.48438,40.43444],[-4.48205,40.43046],[-4.48079,40.42622],[-4.48061,40.42222],[-4.48179,40.41421],[-4.48308,40.41028],[-4.48972,40.40017],[-4.49857,40.39046],[-4.52083,40.37471],[-4.57115,40.354],[-4.62944,40.33869],[-4.69164,40.32699],[-4.74281,40.32221],[-4.75081,40.32188],[-4.75692,40.32235]]]},"properties":{"issued_at":"2026-07-23T15:00:00Z","hour":2,"heading_deg":71,"speed_kmh":3.4}},{"type":"Feature","geometry":{"type":"Polygon","coordinates":[[[-4.7595,40.31339],[-4.76777,40.31548],[-4.7798,40.32032],[-4.78848,40.32564],[-4.79307,40.3301],[-4.81024,40.35227],[-4.81327,40.35811],[-4.81468,40.36393],[-4.81483,40.36708],[-4.8139,40.37333],[-4.81135,40.3793],[-4.79956,40.39706],[-4.79638,40.40104],[-4.79213,40.40488],[-4.75722,40.43166],[-4.74882,40.4366],[-4.74172,40.43909],[-4.65826,40.46042],[-4.55835,40.47384],[-4.53976,40.47446],[-4.51243,40.47454],[-4.50438,40.47361],[-4.49717,40.47163],[-4.46344,40.45773],[-4.45816,40.45512],[-4.45257,40.45118],[-4.44975,40.4485],[-4.44591,40.44348],[-4.44424,40.44027],[-4.44249,40.43461],[-4.44212,40.43117],[-4.44348,40.41955],[-4.44547,40.41368],[-4.45178,40.40386],[-4.45918,40.39502],[-4.46378,40.39064],[-4.48424,40.37594],[-4.49175,40.37198],[-4.54345,40.35116],[-4.62611,40.32987],[-4.69153,40.31763],[-4.74142,40.31309],[-4.75084,40.3127],[-4.7595,40.31339]]]},"properties":{"issued_at":"2026-07-23T15:00:00Z","hour":3,"heading_deg":71,"speed_kmh":3.4}},{"type":"Feature","geometry":{"type":"Polygon","coordinates":[[[-4.76208,40.30442],[-4.77278,40.30714],[-4.78586,40.31241],[-4.79331,40.31651],[-4.79711,40.31928],[-4.80307,40.32505],[-4.82082,40.34797],[-4.82477,40.35553],[-4.82662,40.36318],[-4.82681,40.36725],[-4.82558,40.37534],[-4.82227,40.38307],[-4.81021,40.40125],[-4.80606,40.40644],[-4.8006,40.41137],[-4.76569,40.43815],[-4.75977,40.44206],[-4.75488,40.44452],[-4.74555,40.44779],[-4.63443,40.4762],[-4.53392,40.48971],[-4.52577,40.4903],[-4.48541,40.49054],[-4.475,40.48934],[-4.46553,40.48674],[-4.43126,40.47263],[-4.42448,40.46928],[-4.41715,40.46411],[-4.41358,40.46072],[-4.40854,40.45413],[-4.40643,40.45008],[-4.40407,40.44229],[-4.40376,40.4343],[-4.40517,40.4249],[-4.40615,40.42126],[-4.40771,40.41739],[-4.41056,40.41244],[-4.41745,40.40284],[-4.42432,40.39502],[-4.42824,40.39143],[-4.44996,40.37578],[-4.45964,40.37069],[-4.5127,40.3494],[-4.62278,40.32105],[-4.68941,40.30859],[-4.74002,40.30397],[-4.75087,40.30351],[-4.76208,40.30442]]]},"properties":{"issued_at":"2026-07-23T15:00:00Z","hour":4,"heading_deg":71,"speed_kmh":3.4}},{"type":"Feature","geometry":{"type":"Polygon","coordinates":[[[-4.79193,40.30449],[-4.80116,40.30957],[-4.80935,40.31607],[-4.81453,40.32177],[-4.82971,40.34133],[-4.83414,40.34822],[-4.83626,40.35296],[-4.83775,40.35783],[-4.83859,40.36279],[-4.83877,40.36779],[-4.83835,40.37242],[-4.83716,40.37771],[-4.83319,40.38685],[-4.82087,40.40544],[-4.81545,40.41215],[-4.80907,40.41786],[-4.77416,40.44464],[-4.76685,40.44947],[-4.76135,40.45226],[-4.74939,40.45649],[-4.61636,40.49073],[-4.60713,40.49251],[-4.55117,40.5],[-4.42922,40.5],[-4.4,40.48791],[-4.4,40.38681],[-4.416,40.37542],[-4.42488,40.37055],[-4.47482,40.35012],[-4.48194,40.34764],[-4.62223,40.31165],[-4.68448,40.3],[-4.78114,40.30005],[-4.79193,40.30449]]]},"properties":{"issued_at":"2026-07-23T15:00:00Z","hour":5,"heading_deg":71,"speed_kmh":3.4}},{"type":"Feature","geometry":{"type":"Polygon","coordinates":[[[-4.81438,40.30655],[-4.82284,40.31467],[-4.84,40.33664],[-4.84524,40.34477],[-4.84776,40.35038],[-4.85,40.35888],[-4.85,40.3747],[-4.84895,40.37937],[-4.84675,40.38543],[-4.84391,40.39095],[-4.83153,40.40963],[-4.82513,40.41756],[-4.81754,40.42436],[-4.78263,40.45114],[-4.77392,40.45687],[-4.7674,40.46018],[-4.76048,40.46296],[-4.75322,40.46519],[-4.61798,40.5],[-4.4,40.5],[-4.4,40.36625],[-4.44271,40.34883],[-4.45155,40.34577],[-4.61323,40.3041],[-4.63394,40.3],[-4.80466,40.3],[-4.81438,40.30655]]]},"properties":{"issued_at":"2026-07-23T15:00:00Z","hour":6,"heading_deg":71,"speed_kmh":3.4}},{"type":"Feature","geometry":{"type":"Polygon","coordinates":[[[-4.75418,40.3412],[-4.76418,40.34977],[-4.77803,40.36456],[-4.7788,40.36587],[-4.7784,40.36832],[-4.76759,40.38449],[-4.7654,40.38611],[-4.72884,40.39932],[-4.61905,40.42644],[-4.59254,40.42642],[-4.55997,40.41302],[-4.55854,40.41211],[-4.55768,40.41085],[-4.55752,40.40942],[-4.55874,40.40255],[-4.56305,40.39622],[-4.56857,40.38982],[-4.58818,40.37582],[-4.64843,40.35782],[-4.69741,40.34481],[-4.7456,40.34046],[-4.75168,40.34028],[-4.75418,40.3412]]]},"properties":{"issued_at":"2026-07-23T15:30:00Z","hour":0,"heading_deg":70,"speed_kmh":3.6}},{"type":"Feature","geometry":{"type":"Polygon","coordinates":[[[-4.7575,40.33146],[-4.76196,40.33347],[-4.77368,40.34328],[-4.78873,40.35928],[-4.79035,40.36163],[-4.79133,40.36418],[-4.79147,40.36852],[-4.78972,40.37277],[-4.77776,40.39041],[-4.77446,40.39317],[-4.77137,40.39473],[-4.73311,40.40851],[-4.70479,40.41624],[-4.59311,40.44371],[-4.56542,40.44396],[-4.55984,40.44312],[-4.52502,40.42882],[-4.5203,40.42549],[-4.51769,40.42166],[-4.51684,40.41678],[-4.51821,40.40838],[-4.51944,40.40575],[-4.5244,40.39856],[-4.5321,40.39009],[-4.55043,40.37692],[-4.55396,40.37496],[-4.61608,40.3563],[-4.6934,40.33555],[-4.74412,40.33077],[-4.75246,40.33054],[-4.7575,40.33146]]]},"properties":{"issued_at":"2026-07-23T15:30:00Z","hour":1,"heading_deg":70,"speed_kmh":3.6}},{"type":"Feature","geometry":{"type":"Polygon","coordinates":[[[-4.75958,40.32169],[-4.76511,40.32343],[-4.77009,40.32597],[-4.7735,40.32847],[-4.78436,40.33788],[-4.79871,40.3532],[-4.8022,40.35808],[-4.80386,40.3625],[-4.80435,40.36708],[-4.80409,40.36974],[-4.80286,40.37387],[-4.80104,40.37722],[-4.78816,40.39603],[-4.7842,40.39957],[-4.77734,40.40334],[-4.73738,40.4177],[-4.68074,40.43316],[-4.56717,40.46097],[-4.53691,40.46134],[-4.52758,40.45994],[-4.48838,40.44372],[-4.48205,40.43887],[-4.47899,40.43494],[-4.4777,40.43247],[-4.47644,40.42836],[-4.47615,40.42572],[-4.47745,40.41533],[-4.47978,40.40956],[-4.48461,40.40242],[-4.49146,40.39429],[-4.49455,40.39131],[-4.51468,40.37682],[-4.51975,40.37411],[-4.58389,40.35474],[-4.68989,40.32617],[-4.69495,40.32537],[-4.74264,40.32108],[-4.7537,40.32083],[-4.75958,40.32169]]]},"properties":{"issued_at":"2026-07-23T15:30:00Z","hour":2,"heading_deg":70,"speed_kmh":3.6}},{"type":"Feature","geometry":{"type":"Polygon","coordinates":[[[-4.76329,40.31236],[-4.76774,40.31359],[-4.7752,40.31672],[-4.7817,40.32092],[-4.79429,40.33179],[-4.81012,40.34872],[-4.81404,40.35453],[-4.81639,40.36081],[-4.81706,40.36733],[-4.81671,40.37095],[-4.81491,40.37698],[-4.81236,40.38167],[-4.80155,40.39784],[-4.7983,40.40193],[-4.79582,40.40435],[-4.79037,40.40839],[-4.78369,40.4118],[-4.74165,40.42689],[-4.65669,40.45008],[-4.54784,40.47704],[-4.54123,40.47824],[-4.53493,40.47864],[-4.50792,40.47871],[-4.49943,40.47773],[-4.4918,40.47563],[-4.45796,40.46169],[-4.45241,40.45894],[-4.4465,40.45478],[-4.44353,40.45196],[-4.43947,40.44665],[-4.43772,40.44329],[-4.4358,40.43694],[-4.43556,40.43043],[-4.43766,40.41877],[-4.44126,40.41155],[-4.44764,40.40261],[-4.45419,40.39514],[-4.45738,40.39222],[-4.47848,40.37702],[-4.48554,40.37325],[-4.55154,40.35322],[-4.68639,40.31679],[-4.69346,40.31568],[-4.74115,40.31139],[-4.75495,40.31112],[-4.76329,40.31236]]]},"properties":{"issued_at":"2026-07-23T15:30:00Z","hour":3,"heading_deg":70,"speed_kmh":3.6}},{"type":"Feature","geometry":{"type":"Polygon","coordinates":[[[-4.76701,40.30303],[-4.7772,40.30626],[-4.78636,40.31097],[-4.79077,40.31408],[-4.80422,40.32569],[-4.82082,40.34344],[-4.82589,40.35097],[-4.82892,40.35913],[-4.82966,40.3637],[-4.82933,40.37217],[-4.82697,40.38009],[-4.82368,40.38612],[-4.81287,40.40229],[-4.80869,40.40755],[-4.80222,40.41335],[-4.79832,40.41601],[-4.78966,40.42042],[-4.74591,40.43608],[-4.63264,40.46701],[-4.52379,40.49397],[-4.51528,40.49551],[-4.50705,40.49603],[-4.4794,40.4961],[-4.46839,40.49484],[-4.45836,40.49207],[-4.42396,40.47791],[-4.41681,40.47438],[-4.40873,40.46864],[-4.40529,40.46534],[-4.4,40.45843],[-4.4,40.41807],[-4.40081,40.41657],[-4.40909,40.40485],[-4.41606,40.39692],[-4.4202,40.39313],[-4.44228,40.37723],[-4.45093,40.37256],[-4.45829,40.36987],[-4.51919,40.3517],[-4.68288,40.30742],[-4.69198,40.30599],[-4.73967,40.3017],[-4.75619,40.30141],[-4.76701,40.30303]]]},"properties":{"issued_at":"2026-07-23T15:30:00Z","hour":4,"heading_deg":70,"speed_kmh":3.6}},{"type":"Feature","geometry":{"type":"Polygon","coordinates":[[[-4.7995,40.30698],[-4.81166,40.31732],[-4.83151,40.33816],[-4.83493,40.34267],[-4.83791,40.34776],[-4.83992,40.35236],[-4.84145,40.35744],[-4.84234,40.36298],[-4.84249,40.36819],[-4.84201,40.37303],[-4.84085,40.37817],[-4.83888,40.38354],[-4.835,40.39057],[-4.82419,40.40674],[-4.81909,40.41317],[-4.81106,40.42036],[-4.80111,40.42652],[-4.79257,40.43021],[-4.75018,40.44527],[-4.61038,40.48346],[-4.54369,40.5],[-4.40413,40.5],[-4.4,40.49829],[-4.4,40.38172],[-4.41159,40.37418],[-4.41711,40.37154],[-4.42572,40.36841],[-4.48667,40.35023],[-4.67171,40.3],[-4.78829,40.3],[-4.7995,40.30698]]]},"properties":{"issued_at":"2026-07-23T15:30:00Z","hour":5,"heading_deg":70,"speed_kmh":3.6}},{"type":"Feature","geometry":{"type":"Polygon","coordinates":[[[-4.82116,40.31083],[-4.82653,40.31598],[-4.84246,40.33318],[-4.84647,40.33855],[-4.84975,40.3442],[-4.85,40.38847],[-4.84632,40.39502],[-4.83551,40.41119],[-4.82974,40.41852],[-4.8251,40.42312],[-4.81991,40.42737],[-4.81423,40.43123],[-4.80774,40.43485],[-4.798,40.43903],[-4.75692,40.45375],[-4.58774,40.5],[-4.4,40.5],[-4.4,40.36492],[-4.45449,40.34867],[-4.63288,40.3],[-4.80857,40.30013],[-4.82116,40.31083]]]},"properties":{"issued_at":"2026-07-23T15:30:00Z","hour":6,"heading_deg":70,"speed_kmh":3.6}},{"type":"Feature","geometry":{"type":"Polygon","coordinates":[[[-4.75832,40.35076],[-4.75963,40.35169],[-4.76448,40.35833],[-4.76238,40.37163],[-4.76172,40.37305],[-4.73936,40.38783],[-4.71479,40.40244],[-4.6005,40.42424],[-4.55363,40.41568],[-4.55131,40.41464],[-4.5502,40.41315],[-4.55012,40.41143],[-4.55081,40.41016],[-4.56707,40.39167],[-4.59457,40.37667],[-4.62702,40.36619],[-4.66605,40.35801],[-4.75621,40.35023],[-4.75832,40.35076]]]},"properties":{"issued_at":"2026-07-23T16:00:00Z","hour":0,"heading_deg":70,"speed_kmh":3.2}},{"type":"Feature","geometry":{"type":"Polygon","coordinates":[[[-4.76208,40.34241],[-4.76637,40.34443],[-4.76939,40.34708],[-4.7748,40.35426],[-4.77569,40.35654],[-4.77594,40.35976],[-4.77373,40.37278],[-4.77271,40.37574],[-4.77086,40.37835],[-4.76816,40.3806],[-4.74644,40.39473],[-4.72317,40.40878],[-4.71973,40.41037],[-4.69192,40.41794],[-4.57648,40.43985],[-4.57128,40.43955],[-4.52376,40.4306],[-4.52061,40.42935],[-4.51746,40.42723],[-4.51541,40.42501],[-4.51389,40.42201],[-4.51357,40.41729],[-4.51507,40.41356],[-4.53273,40.3932],[-4.53561,40.39118],[-4.56544,40.37528],[-4.59742,40.36497],[-4.62388,40.35773],[-4.66347,40.34945],[-4.7561,40.34145],[-4.76208,40.34241]]]},"properties":{"issued_at":"2026-07-23T16:00:00Z","hour":1,"heading_deg":70,"speed_kmh":3.2}},{"type":"Feature","geometry":{"type":"Polygon","coordinates":[[[-4.76461,40.33376],[-4.7694,40.3354],[-4.77336,40.33747],[-4.77865,40.34191],[-4.78423,40.349],[-4.7868,40.35441],[-4.78743,40.35881],[-4.78423,40.37701],[-4.78182,40.38146],[-4.77647,40.38668],[-4.75352,40.40163],[-4.73025,40.41568],[-4.72422,40.41844],[-4.67069,40.43309],[-4.55245,40.45546],[-4.54342,40.45496],[-4.49391,40.44549],[-4.48744,40.44261],[-4.4836,40.43982],[-4.4803,40.43622],[-4.47757,40.43088],[-4.47686,40.42448],[-4.47772,40.42048],[-4.47937,40.41699],[-4.49767,40.3955],[-4.50381,40.3909],[-4.53054,40.37632],[-4.53469,40.37446],[-4.56901,40.36339],[-4.61956,40.34958],[-4.66053,40.34096],[-4.75644,40.33267],[-4.76461,40.33376]]]},"properties":{"issued_at":"2026-07-23T16:00:00Z","hour":2,"heading_deg":70,"speed_kmh":3.2}},{"type":"Feature","geometry":{"type":"Polygon","coordinates":[[[-4.76773,40.32531],[-4.77455,40.32755],[-4.77809,40.32922],[-4.78344,40.33264],[-4.78622,40.33501],[-4.79409,40.34453],[-4.79718,40.35016],[-4.7981,40.35296],[-4.79887,40.35835],[-4.79854,40.36284],[-4.79605,40.37683],[-4.79385,40.38249],[-4.79187,40.38566],[-4.78749,40.39052],[-4.78468,40.39281],[-4.7611,40.40822],[-4.73733,40.42258],[-4.73197,40.4253],[-4.72631,40.42725],[-4.64888,40.44836],[-4.53422,40.47032],[-4.52843,40.47107],[-4.51718,40.47063],[-4.47004,40.46189],[-4.46448,40.46051],[-4.45785,40.45784],[-4.44974,40.45241],[-4.44518,40.44743],[-4.44216,40.44218],[-4.44056,40.43692],[-4.44021,40.43371],[-4.44069,40.42798],[-4.44244,40.42276],[-4.44585,40.41726],[-4.46213,40.39844],[-4.46553,40.39506],[-4.47075,40.39134],[-4.49874,40.37604],[-4.50405,40.37361],[-4.54,40.362],[-4.61583,40.34128],[-4.65667,40.33266],[-4.66254,40.33179],[-4.75679,40.3239],[-4.76773,40.32531]]]},"properties":{"issued_at":"2026-07-23T16:00:00Z","hour":3,"heading_deg":70,"speed_kmh":3.2}},{"type":"Feature","geometry":{"type":"Polygon","coordinates":[[[-4.76708,40.31608],[-4.77619,40.31839],[-4.78048,40.32003],[-4.78802,40.32399],[-4.7948,40.32919],[-4.79792,40.33242],[-4.80417,40.34036],[-4.80798,40.34722],[-4.81005,40.35486],[-4.81032,40.35858],[-4.80989,40.364],[-4.80739,40.37807],[-4.80603,40.38239],[-4.80192,40.38987],[-4.79618,40.39624],[-4.79039,40.40068],[-4.76834,40.41502],[-4.74442,40.42948],[-4.73754,40.43296],[-4.73015,40.43552],[-4.62706,40.46363],[-4.51182,40.48571],[-4.5044,40.48668],[-4.49512,40.48671],[-4.48769,40.48577],[-4.44217,40.4773],[-4.43105,40.47413],[-4.42254,40.46991],[-4.41559,40.46474],[-4.41006,40.45864],[-4.40615,40.45185],[-4.40405,40.44496],[-4.40362,40.44126],[-4.40415,40.43384],[-4.40667,40.42632],[-4.40855,40.42289],[-4.41203,40.4182],[-4.42863,40.39913],[-4.4347,40.39382],[-4.44021,40.39034],[-4.46694,40.37576],[-4.47387,40.37259],[-4.511,40.3606],[-4.61166,40.3331],[-4.65366,40.32419],[-4.66125,40.32307],[-4.75016,40.31535],[-4.75713,40.31512],[-4.76708,40.31608]]]},"properties":{"issued_at":"2026-07-23T16:00:00Z","hour":4,"heading_deg":70,"speed_kmh":3.2}},{"type":"Feature","geometry":{"type":"Polygon","coordinates":[[[-4.76958,40.30751],[-4.78075,40.31034],[-4.79102,40.31473],[-4.79971,40.32029],[-4.80366,40.32363],[-4.80743,40.32754],[-4.81424,40.33619],[-4.81891,40.34461],[-4.82138,40.35356],[-4.82158,40.3627],[-4.81912,40.3774],[-4.81715,40.38453],[-4.8148,40.38958],[-4.81197,40.39407],[-4.80854,40.39831],[-4.80454,40.40224],[-4.7978,40.40737],[-4.77559,40.42182],[-4.74867,40.43798],[-4.74311,40.44063],[-4.734,40.44379],[-4.60573,40.47878],[-4.49521,40.5],[-4.4535,40.5],[-4.41166,40.49216],[-4.4,40.48854],[-4.4,40.39564],[-4.40841,40.39006],[-4.43775,40.37413],[-4.44704,40.3704],[-4.48199,40.3592],[-4.61256,40.32368],[-4.65743,40.31461],[-4.74888,40.30662],[-4.75747,40.30634],[-4.76958,40.30751]]]},"properties":{"issued_at":"2026-07-23T16:00:00Z","hour":5,"heading_deg":70,"speed_kmh":3.2}},{"type":"Feature","geometry":{"type":"Polygon","coordinates":[[[-4.79117,40.3045],[-4.80269,40.31051],[-4.81253,40.31808],[-4.8187,40.32476],[-4.82432,40.33203],[-4.82739,40.33691],[-4.82984,40.342],[-4.83163,40.34725],[-4.83276,40.3526],[-4.83321,40.35801],[-4.83259,40.36631],[-4.8299,40.38129],[-4.82798,40.3874],[-4.82556,40.39261],[-4.82225,40.39794],[-4.81796,40.4033],[-4.81323,40.40796],[-4.80521,40.41407],[-4.78284,40.42861],[-4.75526,40.44516],[-4.74869,40.4483],[-4.73784,40.45206],[-4.58685,40.49331],[-4.55332,40.5],[-4.4,40.5],[-4.4,40.37702],[-4.40334,40.3752],[-4.41399,40.37038],[-4.45299,40.35781],[-4.60522,40.31623],[-4.64764,40.30724],[-4.65867,40.30562],[-4.72338,40.3],[-4.77838,40.30027],[-4.79117,40.3045]]]},"properties":{"issued_at":"2026-07-23T16:00:00Z","hour":6,"heading_deg":70,"speed_kmh":3.2}},{"type":"Feature","geometry":{"type":"Polygon","coordinates":[[[-4.75832,40.35076],[-4.75963,40.35169],[-4.76448,40.35833],[-4.76238,40.37163],[-4.76172,40.37305],[-4.73936,40.38783],[-4.71479,40.40244],[-4.6005,40.42424],[-4.55363,40.41568],[-4.55131,40.41464],[-4.5502,40.41315],[-4.55012,40.41143],[-4.55081,40.41016],[-4.56707,40.39167],[-4.59457,40.37667],[-4.62702,40.36619],[-4.66605,40.35801],[-4.75621,40.35023],[-4.75832,40.35076]]]},"properties":{"issued_at":"2026-07-23T16:30:00Z","hour":0,"heading_deg":70,"speed_kmh":2.9}},{"type":"Feature","geometry":{"type":"Polygon","coordinates":[[[-4.76162,40.34321],[-4.76635,40.34562],[-4.7687,40.34789],[-4.77409,40.35531],[-4.77472,40.35747],[-4.77476,40.36004],[-4.77251,40.37308],[-4.77147,40.37575],[-4.76782,40.37966],[-4.74616,40.39377],[-4.72246,40.40809],[-4.71929,40.40956],[-4.69416,40.4164],[-4.57888,40.43829],[-4.57407,40.43801],[-4.5267,40.4291],[-4.52375,40.42792],[-4.52084,40.42597],[-4.51893,40.42389],[-4.51752,40.42113],[-4.51712,40.41749],[-4.51862,40.41325],[-4.5361,40.39309],[-4.53879,40.39121],[-4.5684,40.3754],[-4.60038,40.36509],[-4.62425,40.35856],[-4.66373,40.35031],[-4.75607,40.34232],[-4.76162,40.34321]]]},"properties":{"issued_at":"2026-07-23T16:30:00Z","hour":1,"heading_deg":70,"speed_kmh":2.9}},{"type":"Feature","geometry":{"type":"Polygon","coordinates":[[[-4.7639,40.33543],[-4.7679,40.33677],[-4.77189,40.33882],[-4.77675,40.34289],[-4.78307,40.35121],[-4.78465,40.35511],[-4.78514,40.35883],[-4.7828,40.37371],[-4.78189,40.37687],[-4.77867,40.38203],[-4.77409,40.38596],[-4.75211,40.40025],[-4.72884,40.4143],[-4.72332,40.41683],[-4.67505,40.43003],[-4.55726,40.45234],[-4.54899,40.45188],[-4.4998,40.44249],[-4.4939,40.43986],[-4.49008,40.43704],[-4.48732,40.43398],[-4.48484,40.42911],[-4.48418,40.42321],[-4.48498,40.41954],[-4.48647,40.41637],[-4.50455,40.39517],[-4.51017,40.39096],[-4.54073,40.37466],[-4.57481,40.36367],[-4.62031,40.35124],[-4.66105,40.34267],[-4.75637,40.33443],[-4.7639,40.33543]]]},"properties":{"issued_at":"2026-07-23T16:30:00Z","hour":2,"heading_deg":70,"speed_kmh":2.9}},{"type":"Feature","geometry":{"type":"Polygon","coordinates":[[[-4.76709,40.32792],[-4.77615,40.33139],[-4.78356,40.33668],[-4.79107,40.34578],[-4.7939,40.35095],[-4.79521,40.35575],[-4.79544,40.35838],[-4.79514,40.36249],[-4.79267,40.37635],[-4.79068,40.38147],[-4.78885,40.3844],[-4.78687,40.38683],[-4.78233,40.39089],[-4.75848,40.40646],[-4.7339,40.42126],[-4.72736,40.4241],[-4.65542,40.44378],[-4.54094,40.4657],[-4.53563,40.46639],[-4.52922,40.46641],[-4.52392,40.46574],[-4.47331,40.456],[-4.46485,40.45224],[-4.45961,40.44837],[-4.45437,40.44204],[-4.45215,40.43709],[-4.45146,40.43417],[-4.45122,40.42928],[-4.45223,40.4241],[-4.45338,40.42126],[-4.45634,40.41655],[-4.4736,40.39668],[-4.48041,40.39135],[-4.50828,40.37612],[-4.51357,40.37374],[-4.54871,40.36241],[-4.61695,40.34377],[-4.65757,40.3352],[-4.66293,40.33441],[-4.75668,40.32653],[-4.76709,40.32792]]]},"properties":{"issued_at":"2026-07-23T16:30:00Z","hour":3,"heading_deg":70,"speed_kmh":2.9}},{"type":"Feature","geometry":{"type":"Polygon","coordinates":[[[-4.76179,40.31892],[-4.76986,40.3203],[-4.77826,40.3231],[-4.78197,40.32487],[-4.78832,40.32894],[-4.79517,40.33565],[-4.80224,40.3454],[-4.80473,40.35155],[-4.80545,40.35489],[-4.8056,40.36167],[-4.80323,40.37578],[-4.80164,40.38138],[-4.79813,40.38785],[-4.79535,40.39132],[-4.7894,40.39664],[-4.76485,40.41267],[-4.74158,40.42672],[-4.73531,40.4299],[-4.72862,40.43221],[-4.63579,40.45752],[-4.52078,40.47956],[-4.51401,40.48044],[-4.50562,40.48046],[-4.50078,40.47993],[-4.45332,40.47114],[-4.44682,40.46952],[-4.43902,40.46639],[-4.43545,40.46441],[-4.42943,40.45996],[-4.42433,40.45446],[-4.42055,40.44798],[-4.41866,40.44174],[-4.41824,40.43803],[-4.41881,40.43129],[-4.42088,40.42509],[-4.42485,40.41868],[-4.44131,40.39964],[-4.44529,40.3957],[-4.45142,40.39132],[-4.47966,40.37587],[-4.48594,40.373],[-4.5226,40.36116],[-4.61319,40.33641],[-4.65486,40.32757],[-4.66177,40.32656],[-4.75068,40.31884],[-4.76179,40.31892]]]},"properties":{"issued_at":"2026-07-23T16:30:00Z","hour":4,"heading_deg":70,"speed_kmh":2.9}},{"type":"Feature","geometry":{"type":"Polygon","coordinates":[[[-4.7679,40.31172],[-4.77847,40.31436],[-4.78742,40.31816],[-4.79169,40.32062],[-4.79923,40.32641],[-4.80268,40.32998],[-4.8092,40.33828],[-4.81344,40.34592],[-4.81569,40.35403],[-4.81583,40.36268],[-4.81345,40.37682],[-4.81152,40.38364],[-4.80718,40.39164],[-4.80052,40.3991],[-4.79409,40.40403],[-4.7721,40.41833],[-4.74796,40.43292],[-4.74076,40.43661],[-4.73207,40.43966],[-4.61616,40.47126],[-4.50063,40.49341],[-4.49284,40.49445],[-4.48697,40.49469],[-4.47619,40.49388],[-4.42542,40.48441],[-4.41583,40.48146],[-4.41116,40.4794],[-4.4064,40.47679],[-4.4,40.47214],[-4.4,40.41307],[-4.41168,40.39971],[-4.4182,40.39406],[-4.42431,40.3902],[-4.45383,40.3742],[-4.46184,40.37101],[-4.4965,40.3599],[-4.61406,40.32791],[-4.65829,40.31895],[-4.74952,40.31099],[-4.7573,40.31073],[-4.7679,40.31172]]]},"properties":{"issued_at":"2026-07-23T16:30:00Z","hour":5,"heading_deg":70,"speed_kmh":2.9}},{"type":"Feature","geometry":{"type":"Polygon","coordinates":[[[-4.77015,40.30401],[-4.78258,40.30712],[-4.79361,40.31183],[-4.80328,40.31806],[-4.81124,40.32558],[-4.81827,40.33453],[-4.82106,40.33895],[-4.82341,40.3439],[-4.825,40.34866],[-4.82598,40.35352],[-4.82635,40.35843],[-4.8261,40.36334],[-4.82366,40.37786],[-4.82154,40.38553],[-4.81903,40.39093],[-4.81599,40.39575],[-4.8123,40.4003],[-4.80802,40.40453],[-4.80076,40.41005],[-4.77849,40.42454],[-4.75171,40.44063],[-4.74534,40.4437],[-4.73553,40.4471],[-4.59964,40.48422],[-4.51845,40.5],[-4.40924,40.5],[-4.4,40.49821],[-4.4,40.38759],[-4.42242,40.37537],[-4.43163,40.37116],[-4.46718,40.3596],[-4.60746,40.32121],[-4.65674,40.31114],[-4.74836,40.30313],[-4.75761,40.30283],[-4.77015,40.30401]]]},"properties":{"issued_at":"2026-07-23T16:30:00Z","hour":6,"heading_deg":70,"speed_kmh":2.9}},{"type":"Feature","geometry":{"type":"Polygon","coordinates":[[[-4.75832,40.35076],[-4.75963,40.35169],[-4.76448,40.35833],[-4.76238,40.37163],[-4.76172,40.37305],[-4.73936,40.38783],[-4.71479,40.40244],[-4.6005,40.42424],[-4.55363,40.41568],[-4.55131,40.41464],[-4.5502,40.41315],[-4.55012,40.41143],[-4.55081,40.41016],[-4.56707,40.39167],[-4.59457,40.37667],[-4.62702,40.36619],[-4.66605,40.35801],[-4.75621,40.35023],[-4.75832,40.35076]]]},"properties":{"issued_at":"2026-07-23T17:00:00Z","hour":0,"heading_deg":70,"speed_kmh":2.6}},{"type":"Feature","geometry":{"type":"Polygon","coordinates":[[[-4.76121,40.34394],[-4.76562,40.34617],[-4.76782,40.3483],[-4.77311,40.35555],[-4.77375,40.35791],[-4.77374,40.35997],[-4.77149,40.37293],[-4.77052,40.37545],[-4.76712,40.37908],[-4.74549,40.39317],[-4.72182,40.40747],[-4.71888,40.40883],[-4.69617,40.41502],[-4.58104,40.43689],[-4.57658,40.43662],[-4.52935,40.42774],[-4.52657,40.42664],[-4.52389,40.42484],[-4.52209,40.42288],[-4.52079,40.42033],[-4.5205,40.41624],[-4.52182,40.41297],[-4.53914,40.393],[-4.54165,40.39123],[-4.57107,40.37551],[-4.60305,40.3652],[-4.62459,40.35931],[-4.66396,40.35108],[-4.75603,40.34311],[-4.76121,40.34394]]]},"properties":{"issued_at":"2026-07-23T17:00:00Z","hour":1,"heading_deg":70,"speed_kmh":2.6}},{"type":"Feature","geometry":{"type":"Polygon","coordinates":[[[-4.76326,40.33693],[-4.7669,40.33815],[-4.77057,40.34003],[-4.77504,40.34377],[-4.78117,40.35182],[-4.78264,40.35543],[-4.78302,40.36022],[-4.77992,40.37642],[-4.77698,40.38113],[-4.77276,40.38475],[-4.75083,40.39901],[-4.72756,40.41306],[-4.72252,40.41537],[-4.67803,40.42749],[-4.56158,40.44953],[-4.55401,40.4491],[-4.50509,40.43978],[-4.49971,40.43738],[-4.49617,40.43477],[-4.49284,40.43074],[-4.49137,40.42751],[-4.49077,40.42207],[-4.4915,40.4187],[-4.49286,40.41581],[-4.51181,40.39385],[-4.51589,40.39101],[-4.54262,40.37643],[-4.54709,40.37452],[-4.58003,40.36392],[-4.62098,40.35274],[-4.66151,40.34421],[-4.75631,40.33601],[-4.76326,40.33693]]]},"properties":{"issued_at":"2026-07-23T17:00:00Z","hour":2,"heading_deg":70,"speed_kmh":2.6}},{"type":"Feature","geometry":{"type":"Polygon","coordinates":[[[-4.76614,40.33017],[-4.7744,40.33335],[-4.78117,40.33818],[-4.78856,40.34721],[-4.79162,40.35364],[-4.79235,40.35876],[-4.78995,40.37443],[-4.78895,40.37809],[-4.78764,40.38091],[-4.78461,40.38517],[-4.77984,40.38943],[-4.75657,40.4046],[-4.73212,40.41932],[-4.72615,40.42192],[-4.66131,40.43965],[-4.54212,40.46218],[-4.53631,40.46219],[-4.53144,40.46158],[-4.48125,40.45195],[-4.47357,40.44853],[-4.46875,40.44497],[-4.46399,40.43921],[-4.46196,40.43469],[-4.46109,40.42996],[-4.46113,40.42722],[-4.46214,40.4225],[-4.4641,40.41832],[-4.48288,40.39623],[-4.48653,40.39306],[-4.49013,40.39078],[-4.51686,40.3762],[-4.52172,40.37402],[-4.55654,40.36279],[-4.61795,40.34602],[-4.65942,40.33729],[-4.75659,40.3289],[-4.76614,40.33017]]]},"properties":{"issued_at":"2026-07-23T17:00:00Z","hour":3,"heading_deg":70,"speed_kmh":2.6}},{"type":"Feature","geometry":{"type":"Polygon","coordinates":[[[-4.76475,40.32252],[-4.76901,40.32341],[-4.77588,40.3257],[-4.77964,40.32748],[-4.78279,40.32933],[-4.78806,40.33341],[-4.79562,40.34234],[-4.79967,40.3492],[-4.8014,40.35558],[-4.80146,40.36176],[-4.79884,40.37684],[-4.79769,40.38048],[-4.79452,40.38634],[-4.79196,40.38953],[-4.78657,40.39434],[-4.76284,40.40985],[-4.73903,40.42423],[-4.7333,40.42714],[-4.72723,40.42924],[-4.64364,40.45202],[-4.52884,40.47401],[-4.52266,40.47482],[-4.51506,40.47484],[-4.51062,40.47435],[-4.46335,40.46559],[-4.45741,40.46412],[-4.44742,40.45967],[-4.44162,40.45543],[-4.43697,40.45042],[-4.43352,40.4445],[-4.43174,40.43851],[-4.43146,40.43271],[-4.43194,40.42931],[-4.43382,40.42369],[-4.43745,40.41782],[-4.4538,40.39892],[-4.45744,40.39532],[-4.46302,40.39133],[-4.4911,40.37597],[-4.49681,40.37336],[-4.53304,40.36166],[-4.61493,40.33929],[-4.65595,40.33062],[-4.66223,40.3297],[-4.75687,40.32179],[-4.76475,40.32252]]]},"properties":{"issued_at":"2026-07-23T17:00:00Z","hour":4,"heading_deg":70,"speed_kmh":2.6}},{"type":"Feature","geometry":{"type":"Polygon","coordinates":[[[-4.76721,40.31565],[-4.77641,40.31799],[-4.78488,40.32161],[-4.79198,40.32616],[-4.79524,40.32891],[-4.7984,40.33218],[-4.80467,40.34015],[-4.80852,40.34709],[-4.81062,40.35481],[-4.8109,40.35858],[-4.81046,40.36405],[-4.80796,40.37815],[-4.80658,40.38251],[-4.80242,40.39008],[-4.79661,40.39652],[-4.79076,40.40102],[-4.76871,40.41536],[-4.74477,40.42982],[-4.73782,40.43335],[-4.73035,40.43593],[-4.62597,40.46439],[-4.5107,40.48648],[-4.5032,40.48746],[-4.49381,40.48749],[-4.4863,40.48654],[-4.43863,40.47763],[-4.42953,40.47486],[-4.42128,40.47081],[-4.4142,40.46563],[-4.40831,40.4592],[-4.40435,40.45234],[-4.40303,40.44872],[-4.40179,40.44162],[-4.40232,40.43412],[-4.40487,40.42651],[-4.40678,40.42305],[-4.41029,40.4183],[-4.42691,40.39922],[-4.43305,40.39384],[-4.43862,40.39033],[-4.46535,40.37575],[-4.47237,40.37254],[-4.50955,40.36053],[-4.61146,40.33269],[-4.65351,40.32376],[-4.66119,40.32263],[-4.7501,40.31491],[-4.75715,40.31468],[-4.76721,40.31565]]]},"properties":{"issued_at":"2026-07-23T17:00:00Z","hour":5,"heading_deg":70,"speed_kmh":2.6}},{"type":"Feature","geometry":{"type":"Polygon","coordinates":[[[-4.76923,40.30871],[-4.78011,40.31146],[-4.79012,40.31575],[-4.79857,40.32115],[-4.80242,40.32441],[-4.8061,40.32822],[-4.81283,40.33678],[-4.81738,40.34498],[-4.81979,40.35369],[-4.81998,40.3626],[-4.81753,40.37724],[-4.81561,40.38418],[-4.81351,40.38876],[-4.8108,40.39315],[-4.80722,40.39761],[-4.80333,40.40144],[-4.79676,40.40644],[-4.77458,40.42087],[-4.74774,40.43698],[-4.74233,40.43956],[-4.73346,40.44263],[-4.60878,40.47665],[-4.4895,40.49947],[-4.48484,40.5],[-4.47116,40.5],[-4.46635,40.49946],[-4.41563,40.49002],[-4.40973,40.48845],[-4.4,40.48459],[-4.4,40.39965],[-4.40631,40.39423],[-4.41048,40.39147],[-4.44213,40.37421],[-4.45118,40.37057],[-4.48605,40.3594],[-4.61298,40.32486],[-4.65767,40.31582],[-4.74906,40.30785],[-4.75742,40.30757],[-4.76923,40.30871]]]},"properties":{"issued_at":"2026-07-23T17:00:00Z","hour":6,"heading_deg":70,"speed_kmh":2.6}},{"type":"Feature","geometry":{"type":"Polygon","coordinates":[[[-4.76237,40.34881],[-4.76449,40.35007],[-4.77803,40.36456],[-4.77887,40.36617],[-4.77877,40.36756],[-4.77771,40.36909],[-4.74325,40.39844],[-4.74177,40.39928],[-4.6448,40.42622],[-4.55803,40.43998],[-4.54237,40.43678],[-4.4,40.35481],[-4.4,40.35039],[-4.40141,40.34945],[-4.40364,40.34898],[-4.69884,40.34473],[-4.76237,40.34881]]]},"properties":{"issued_at":"2026-07-23T18:30:00Z","hour":0,"heading_deg":70,"speed_kmh":1.9}},{"type":"Feature","geometry":{"type":"Polygon","coordinates":[[[-4.76158,40.34341],[-4.76553,40.34421],[-4.76951,40.34658],[-4.78396,40.36205],[-4.78552,40.36521],[-4.78523,40.36908],[-4.78273,40.37256],[-4.74827,40.40191],[-4.74438,40.40407],[-4.63178,40.43527],[-4.54302,40.44922],[-4.52752,40.44648],[-4.52373,40.44514],[-4.4,40.37405],[-4.4,40.34428],[-4.40205,40.3439],[-4.69858,40.33954],[-4.76158,40.34341]]]},"properties":{"issued_at":"2026-07-23T18:30:00Z","hour":1,"heading_deg":70,"speed_kmh":1.9}},{"type":"Feature","geometry":{"type":"Polygon","coordinates":[[[-4.76212,40.33824],[-4.76621,40.33886],[-4.76944,40.33992],[-4.77481,40.34336],[-4.7903,40.3601],[-4.79164,40.3626],[-4.79234,40.36525],[-4.79236,40.36795],[-4.7917,40.3706],[-4.79017,40.37342],[-4.78775,40.37603],[-4.75284,40.40575],[-4.74699,40.40885],[-4.61876,40.44431],[-4.52966,40.45841],[-4.52474,40.4582],[-4.51101,40.45556],[-4.50548,40.4537],[-4.4,40.39313],[-4.4,40.33892],[-4.69879,40.33436],[-4.76212,40.33824]]]},"properties":{"issued_at":"2026-07-23T18:30:00Z","hour":2,"heading_deg":70,"speed_kmh":1.9}},{"type":"Feature","geometry":{"type":"Polygon","coordinates":[[[-4.76364,40.33315],[-4.76834,40.33394],[-4.77316,40.33558],[-4.77708,40.33773],[-4.78011,40.34014],[-4.7963,40.35772],[-4.79826,40.36149],[-4.79911,40.36513],[-4.79903,40.36883],[-4.79803,40.37246],[-4.79613,40.37586],[-4.79342,40.37892],[-4.75832,40.40885],[-4.75389,40.41182],[-4.7496,40.41363],[-4.60574,40.45336],[-4.51709,40.46749],[-4.51258,40.46769],[-4.50721,40.46712],[-4.49308,40.46434],[-4.48684,40.46205],[-4.4,40.4122],[-4.4,40.33366],[-4.69899,40.32918],[-4.76364,40.33315]]]},"properties":{"issued_at":"2026-07-23T18:30:00Z","hour":3,"heading_deg":70,"speed_kmh":1.9}},{"type":"Feature","geometry":{"type":"Polygon","coordinates":[[[-4.76496,40.32806],[-4.77335,40.32986],[-4.77869,40.33214],[-4.78569,40.3372],[-4.80075,40.35332],[-4.8036,40.35748],[-4.80536,40.36199],[-4.80595,40.36667],[-4.80536,40.37135],[-4.8036,40.37586],[-4.80209,40.37831],[-4.79865,40.3822],[-4.76334,40.41231],[-4.75766,40.41612],[-4.75221,40.41841],[-4.59272,40.46241],[-4.50372,40.47661],[-4.498,40.47694],[-4.4923,40.47648],[-4.47669,40.47346],[-4.47048,40.47147],[-4.4,40.43127],[-4.4,40.32844],[-4.6992,40.324],[-4.76496,40.32806]]]},"properties":{"issued_at":"2026-07-23T18:30:00Z","hour":4,"heading_deg":70,"speed_kmh":1.9}},{"type":"Feature","geometry":{"type":"Polygon","coordinates":[[[-4.76582,40.32292],[-4.77305,40.32422],[-4.78257,40.3279],[-4.78824,40.33157],[-4.79099,40.33398],[-4.80643,40.3505],[-4.80988,40.35556],[-4.812,40.36103],[-4.81271,40.36671],[-4.81198,40.37239],[-4.80984,40.37785],[-4.80805,40.38075],[-4.80389,40.38548],[-4.76836,40.41578],[-4.7641,40.4189],[-4.75781,40.4221],[-4.6563,40.45059],[-4.57671,40.47204],[-4.48994,40.48579],[-4.483,40.48618],[-4.47608,40.48561],[-4.45985,40.48247],[-4.45241,40.48009],[-4.4,40.45035],[-4.4,40.32323],[-4.69941,40.31882],[-4.76582,40.32292]]]},"properties":{"issued_at":"2026-07-23T18:30:00Z","hour":5,"heading_deg":70,"speed_kmh":1.9}},{"type":"Feature","geometry":{"type":"Polygon","coordinates":[[[-4.76669,40.31777],[-4.77476,40.31919],[-4.77884,40.32039],[-4.78683,40.32385],[-4.79311,40.32798],[-4.79746,40.33196],[-4.81211,40.34769],[-4.81633,40.35396],[-4.81873,40.36041],[-4.81947,40.3671],[-4.81852,40.37376],[-4.81591,40.38017],[-4.812,40.38578],[-4.80913,40.38876],[-4.77339,40.41925],[-4.7684,40.42289],[-4.76102,40.42666],[-4.75515,40.42867],[-4.6586,40.45547],[-4.56604,40.48064],[-4.47795,40.49471],[-4.47166,40.49536],[-4.46391,40.49523],[-4.44301,40.49149],[-4.43475,40.48888],[-4.4289,40.48603],[-4.4,40.46942],[-4.4,40.31802],[-4.69962,40.31364],[-4.76669,40.31777]]]},"properties":{"issued_at":"2026-07-23T18:30:00Z","hour":6,"heading_deg":70,"speed_kmh":1.9}},{"type":"Feature","geometry":{"type":"Polygon","coordinates":[[[-4.68644,40.34465],[-4.78748,40.34978],[-4.78922,40.35087],[-4.7901,40.35245],[-4.79263,40.38375],[-4.79183,40.38507],[-4.79042,40.38603],[-4.73044,40.41291],[-4.57179,40.45389],[-4.55835,40.45373],[-4.53327,40.45112],[-4.53084,40.45029],[-4.50356,40.42423],[-4.48839,40.39481],[-4.48888,40.39244],[-4.49119,40.39082],[-4.59921,40.35584],[-4.67337,40.34452],[-4.68644,40.34465]]]},"properties":{"issued_at":"2026-07-23T20:00:00Z","hour":0,"heading_deg":null,"speed_kmh":1.0}},{"type":"Feature","geometry":{"type":"Polygon","coordinates":[[[-4.68717,40.33562],[-4.78647,40.3404],[-4.79308,40.34182],[-4.7983,40.3451],[-4.80054,40.34792],[-4.80163,40.35056],[-4.80452,40.38207],[-4.80394,40.38631],[-4.80164,40.39008],[-4.79728,40.3934],[-4.73477,40.42132],[-4.57661,40.46229],[-4.57229,40.46293],[-4.55746,40.46275],[-4.53168,40.46009],[-4.52666,40.45891],[-4.52277,40.45689],[-4.49336,40.42877],[-4.47702,40.39722],[-4.47656,40.39323],[-4.47803,40.38886],[-4.48094,40.38553],[-4.48466,40.38324],[-4.59424,40.34761],[-4.67119,40.33562],[-4.68717,40.33562]]]},"properties":{"issued_at":"2026-07-23T20:00:00Z","hour":1,"heading_deg":null,"speed_kmh":1.0}},{"type":"Feature","geometry":{"type":"Polygon","coordinates":[[[-4.68791,40.3266],[-4.78721,40.33138],[-4.79367,40.33227],[-4.79909,40.33403],[-4.80357,40.33638],[-4.80739,40.33934],[-4.81139,40.34437],[-4.81307,40.34833],[-4.81368,40.35159],[-4.81633,40.38237],[-4.81622,40.38492],[-4.81512,40.38921],[-4.81316,40.39291],[-4.81004,40.39657],[-4.80374,40.40097],[-4.73911,40.42973],[-4.58038,40.47086],[-4.57225,40.47198],[-4.55658,40.47177],[-4.52854,40.46885],[-4.52134,40.46699],[-4.5147,40.46349],[-4.48316,40.4333],[-4.4812,40.43024],[-4.46554,40.3993],[-4.46476,40.39515],[-4.46479,40.3927],[-4.46557,40.38891],[-4.46739,40.38496],[-4.47017,40.38135],[-4.4738,40.37823],[-4.48095,40.37452],[-4.59124,40.33881],[-4.6695,40.32667],[-4.68791,40.3266]]]},"properties":{"issued_at":"2026-07-23T20:00:00Z","hour":2,"heading_deg":null,"speed_kmh":1.0}},{"type":"Feature","geometry":{"type":"Polygon","coordinates":[[[-4.68865,40.31757],[-4.78965,40.32246],[-4.79762,40.32375],[-4.8076,40.32742],[-4.8139,40.33138],[-4.81877,40.33595],[-4.82241,40.34114],[-4.8247,40.34678],[-4.82545,40.35099],[-4.82813,40.38259],[-4.82749,40.38839],[-4.82526,40.39434],[-4.82335,40.39747],[-4.81914,40.40232],[-4.8161,40.40487],[-4.8102,40.40853],[-4.74872,40.43616],[-4.74344,40.43814],[-4.58415,40.47943],[-4.5778,40.48063],[-4.57274,40.48102],[-4.5557,40.48079],[-4.5264,40.47774],[-4.51602,40.47506],[-4.51231,40.47345],[-4.50664,40.47009],[-4.50259,40.46675],[-4.47621,40.44147],[-4.47295,40.43784],[-4.47023,40.43356],[-4.455,40.40389],[-4.45327,40.39811],[-4.45299,40.39252],[-4.45414,40.38666],[-4.45675,40.38107],[-4.4607,40.37596],[-4.46345,40.3734],[-4.4692,40.36942],[-4.47543,40.36653],[-4.58725,40.3303],[-4.66781,40.31772],[-4.68865,40.31757]]]},"properties":{"issued_at":"2026-07-23T20:00:00Z","hour":3,"heading_deg":null,"speed_kmh":1.0}},{"type":"Feature","geometry":{"type":"Polygon","coordinates":[[[-4.67208,40.30835],[-4.68826,40.3085],[-4.79095,40.31347],[-4.80114,40.31511],[-4.8099,40.31795],[-4.81455,40.3201],[-4.82222,40.32497],[-4.82853,40.33088],[-4.83326,40.3376],[-4.83623,40.34488],[-4.83722,40.35039],[-4.83993,40.38244],[-4.83909,40.39006],[-4.83619,40.39775],[-4.83377,40.40171],[-4.82824,40.40807],[-4.8205,40.41396],[-4.81424,40.41726],[-4.75215,40.44503],[-4.74508,40.44732],[-4.58793,40.48799],[-4.57909,40.48963],[-4.57056,40.49008],[-4.552,40.48958],[-4.52426,40.48664],[-4.51521,40.48466],[-4.5103,40.48298],[-4.50198,40.47891],[-4.49482,40.47372],[-4.46558,40.44569],[-4.46037,40.43887],[-4.44383,40.40681],[-4.44164,40.39967],[-4.44122,40.39199],[-4.44272,40.3844],[-4.4463,40.37686],[-4.45123,40.37057],[-4.45439,40.36759],[-4.46177,40.36239],[-4.4663,40.36005],[-4.4728,40.35751],[-4.58327,40.32179],[-4.59045,40.32027],[-4.66612,40.30877],[-4.67208,40.30835]]]},"properties":{"issued_at":"2026-07-23T20:00:00Z","hour":4,"heading_deg":null,"speed_kmh":1.0}},{"type":"Feature","geometry":{"type":"Polygon","coordinates":[[[-4.70014,40.3],[-4.79225,40.30449],[-4.79874,40.30528],[-4.80997,40.30798],[-4.82112,40.31259],[-4.83054,40.31856],[-4.8383,40.3258],[-4.84393,40.33373],[-4.84767,40.34265],[-4.84873,40.34762],[-4.85,40.3614],[-4.85,40.39397],[-4.84693,40.4015],[-4.84419,40.40594],[-4.83735,40.41381],[-4.82792,40.42099],[-4.82019,40.42507],[-4.75758,40.45306],[-4.74885,40.45589],[-4.5917,40.49656],[-4.58092,40.49857],[-4.57039,40.49912],[-4.55041,40.49854],[-4.52212,40.49553],[-4.51092,40.49308],[-4.50498,40.49105],[-4.49513,40.48628],[-4.48627,40.47996],[-4.45779,40.45277],[-4.45231,40.44661],[-4.44829,40.44021],[-4.43282,40.41005],[-4.42995,40.40088],[-4.42938,40.39583],[-4.43015,40.38643],[-4.43141,40.38181],[-4.43546,40.37328],[-4.44176,40.36518],[-4.45031,40.35793],[-4.45979,40.3525],[-4.4682,40.34918],[-4.57928,40.31328],[-4.58814,40.3114],[-4.66305,40.3],[-4.70014,40.3]]]},"properties":{"issued_at":"2026-07-23T20:00:00Z","hour":5,"heading_deg":null,"speed_kmh":1.0}},{"type":"Feature","geometry":{"type":"Polygon","coordinates":[[[-4.8277,40.30508],[-4.83855,40.31191],[-4.84374,40.31628],[-4.85,40.32317],[-4.85,40.4159],[-4.84615,40.41985],[-4.84101,40.42414],[-4.83533,40.42802],[-4.82918,40.43144],[-4.76659,40.45958],[-4.75262,40.46446],[-4.6153,40.5],[-4.50217,40.5],[-4.49343,40.49639],[-4.48211,40.48964],[-4.47496,40.4837],[-4.44618,40.45598],[-4.44211,40.45114],[-4.43732,40.44354],[-4.42283,40.41543],[-4.41951,40.40725],[-4.41827,40.4021],[-4.41761,40.39653],[-4.41769,40.39059],[-4.41842,40.38537],[-4.41988,40.37989],[-4.42201,40.37454],[-4.42501,40.36906],[-4.42848,40.36415],[-4.43229,40.35979],[-4.4372,40.3552],[-4.44237,40.35125],[-4.45367,40.34476],[-4.46048,40.34193],[-4.5753,40.30477],[-4.58243,40.30312],[-4.60243,40.3],[-4.81558,40.3],[-4.8277,40.30508]]]},"properties":{"issued_at":"2026-07-23T20:00:00Z","hour":6,"heading_deg":null,"speed_kmh":1.0}},{"type":"Feature","geometry":{"type":"Polygon","coordinates":[[[-4.77405,40.3319],[-4.77532,40.33297],[-4.79,40.35213],[-4.79275,40.38267],[-4.79236,40.38436],[-4.79101,40.38572],[-4.70561,40.41316],[-4.57308,40.45365],[-4.55835,40.45373],[-4.5316,40.4507],[-4.49186,40.42531],[-4.47734,40.40981],[-4.47724,40.40843],[-4.47782,40.40711],[-4.48894,40.39234],[-4.4908,40.39096],[-4.59921,40.35584],[-4.67297,40.34456],[-4.77186,40.33123],[-4.77405,40.3319]]]},"properties":{"issued_at":"2026-07-23T20:30:00Z","hour":0,"heading_deg":184,"speed_kmh":1.0}},{"type":"Feature","geometry":{"type":"Polygon","coordinates":[[[-4.77583,40.32297],[-4.77855,40.32484],[-4.79308,40.34348],[-4.79402,40.34525],[-4.79684,40.37665],[-4.79606,40.38442],[-4.79517,40.3861],[-4.79337,40.38774],[-4.70701,40.41565],[-4.57439,40.45617],[-4.57138,40.45662],[-4.55808,40.45644],[-4.53279,40.45381],[-4.52974,40.45301],[-4.48943,40.42729],[-4.47527,40.41268],[-4.47387,40.41035],[-4.47422,40.40228],[-4.47488,40.4001],[-4.48652,40.38456],[-4.48889,40.38263],[-4.59812,40.34709],[-4.67287,40.33558],[-4.77221,40.32218],[-4.77583,40.32297]]]},"properties":{"issued_at":"2026-07-23T20:30:00Z","hour":1,"heading_deg":184,"speed_kmh":1.0}},{"type":"Feature","geometry":{"type":"Polygon","coordinates":[[[-4.77802,40.31425],[-4.78162,40.31658],[-4.79667,40.33577],[-4.79812,40.33871],[-4.80093,40.36993],[-4.79978,40.38378],[-4.79898,40.38629],[-4.79756,40.38825],[-4.7952,40.39009],[-4.79258,40.39126],[-4.70823,40.4182],[-4.5757,40.45869],[-4.57197,40.45932],[-4.55739,40.45911],[-4.53199,40.45646],[-4.5275,40.45513],[-4.487,40.42926],[-4.47222,40.41407],[-4.4704,40.41089],[-4.47014,40.40841],[-4.47124,40.39578],[-4.47198,40.39311],[-4.48409,40.37678],[-4.487,40.37432],[-4.58541,40.34206],[-4.59938,40.3378],[-4.67277,40.32659],[-4.77303,40.31316],[-4.77802,40.31425]]]},"properties":{"issued_at":"2026-07-23T20:30:00Z","hour":2,"heading_deg":184,"speed_kmh":1.0}},{"type":"Feature","geometry":{"type":"Polygon","coordinates":[[[-4.7802,40.30552],[-4.78491,40.30854],[-4.80026,40.32807],[-4.80214,40.33183],[-4.80502,40.36391],[-4.8033,40.38398],[-4.80229,40.38725],[-4.80038,40.38989],[-4.7973,40.39228],[-4.7944,40.39361],[-4.70953,40.42072],[-4.577,40.46121],[-4.57209,40.46203],[-4.55692,40.4618],[-4.53135,40.45913],[-4.52601,40.45762],[-4.48458,40.43124],[-4.46928,40.41558],[-4.46719,40.4122],[-4.46661,40.40823],[-4.46828,40.3891],[-4.46891,40.38653],[-4.47029,40.38409],[-4.4819,40.36872],[-4.4847,40.36628],[-4.48826,40.36453],[-4.59828,40.32899],[-4.67266,40.31761],[-4.77024,40.30429],[-4.77385,40.30414],[-4.7802,40.30552]]]},"properties":{"issued_at":"2026-07-23T20:30:00Z","hour":3,"heading_deg":184,"speed_kmh":1.0}},{"type":"Feature","geometry":{"type":"Polygon","coordinates":[[[-4.80385,40.32036],[-4.80572,40.32363],[-4.80647,40.32681],[-4.80907,40.35668],[-4.80688,40.38374],[-4.80629,40.38657],[-4.80505,40.38917],[-4.80292,40.39181],[-4.79939,40.39447],[-4.79591,40.39606],[-4.71084,40.42324],[-4.57831,40.46373],[-4.57221,40.46474],[-4.55644,40.46449],[-4.53028,40.46174],[-4.52377,40.45974],[-4.48215,40.43321],[-4.46633,40.41708],[-4.46381,40.41299],[-4.46307,40.40805],[-4.4653,40.38254],[-4.46606,40.37946],[-4.46777,40.37642],[-4.47947,40.36094],[-4.4829,40.35793],[-4.48728,40.35576],[-4.59842,40.31996],[-4.67246,40.30864],[-4.73577,40.3],[-4.78789,40.30022],[-4.80385,40.32036]]]},"properties":{"issued_at":"2026-07-23T20:30:00Z","hour":4,"heading_deg":184,"speed_kmh":1.0}},{"type":"Feature","geometry":{"type":"Polygon","coordinates":[[[-4.80952,40.31618],[-4.81048,40.31968],[-4.81316,40.35234],[-4.81007,40.38603],[-4.8089,40.38918],[-4.8072,40.39181],[-4.8028,40.39584],[-4.79666,40.39877],[-4.71235,40.4257],[-4.57962,40.46625],[-4.57233,40.46745],[-4.55702,40.46726],[-4.52964,40.46441],[-4.52228,40.46223],[-4.47973,40.43519],[-4.46339,40.41858],[-4.46131,40.41568],[-4.46,40.41252],[-4.45954,40.40787],[-4.4623,40.37628],[-4.46309,40.37272],[-4.46526,40.36874],[-4.47681,40.35344],[-4.47961,40.35068],[-4.48274,40.3486],[-4.48705,40.34674],[-4.59555,40.31161],[-4.67011,40.3],[-4.7976,40.3],[-4.80744,40.31265],[-4.80952,40.31618]]]},"properties":{"issued_at":"2026-07-23T20:30:00Z","hour":5,"heading_deg":184,"speed_kmh":1.0}},{"type":"Feature","geometry":{"type":"Polygon","coordinates":[[[-4.81345,40.30906],[-4.8145,40.31271],[-4.81725,40.3462],[-4.81356,40.38649],[-4.81221,40.39014],[-4.81021,40.39324],[-4.80549,40.39763],[-4.80153,40.3999],[-4.79802,40.40128],[-4.71384,40.42817],[-4.58093,40.46877],[-4.57246,40.47016],[-4.55676,40.46997],[-4.529,40.46708],[-4.52435,40.46604],[-4.52041,40.46453],[-4.4773,40.43716],[-4.46019,40.4198],[-4.45804,40.41672],[-4.45654,40.41306],[-4.45601,40.40769],[-4.45976,40.36718],[-4.46103,40.36383],[-4.46275,40.36107],[-4.47438,40.34566],[-4.47759,40.3425],[-4.4812,40.34009],[-4.48622,40.33793],[-4.59393,40.30303],[-4.61117,40.3],[-4.80718,40.3],[-4.81103,40.30495],[-4.81345,40.30906]]]},"properties":{"issued_at":"2026-07-23T20:30:00Z","hour":6,"heading_deg":184,"speed_kmh":1.0}},{"type":"Feature","geometry":{"type":"Polygon","coordinates":[[[-4.77407,40.33191],[-4.80719,40.35062],[-4.8086,40.35242],[-4.8083,40.35485],[-4.7784,40.38573],[-4.73045,40.40593],[-4.70553,40.41318],[-4.61908,40.42643],[-4.50765,40.42934],[-4.49239,40.42568],[-4.48375,40.41934],[-4.47727,40.40957],[-4.47782,40.40711],[-4.48894,40.39234],[-4.4908,40.39096],[-4.59921,40.35584],[-4.67297,40.34456],[-4.77187,40.33123],[-4.77407,40.33191]]]},"properties":{"issued_at":"2026-07-23T21:00:00Z","hour":0,"heading_deg":211,"speed_kmh":2.2}},{"type":"Feature","geometry":{"type":"Polygon","coordinates":[[[-4.78447,40.31357],[-4.7879,40.31484],[-4.82222,40.33431],[-4.82448,40.33655],[-4.8258,40.33919],[-4.82606,40.34202],[-4.82524,40.34478],[-4.81437,40.35879],[-4.78429,40.38981],[-4.78175,40.39123],[-4.73262,40.41178],[-4.70663,40.41921],[-4.6203,40.43239],[-4.50801,40.43537],[-4.50482,40.43506],[-4.4917,40.43208],[-4.48727,40.43026],[-4.47749,40.42299],[-4.46973,40.41131],[-4.46948,40.40746],[-4.47083,40.40436],[-4.49172,40.37719],[-4.49528,40.37424],[-4.60525,40.33836],[-4.68101,40.3266],[-4.7815,40.31316],[-4.78447,40.31357]]]},"properties":{"issued_at":"2026-07-23T21:00:00Z","hour":1,"heading_deg":211,"speed_kmh":2.2}},{"type":"Feature","geometry":{"type":"Polygon","coordinates":[[[-4.83984,40.32035],[-4.84263,40.32482],[-4.84338,40.32784],[-4.84339,40.33056],[-4.84184,40.33536],[-4.82092,40.36213],[-4.7913,40.39289],[-4.78553,40.39651],[-4.73801,40.4165],[-4.71047,40.42463],[-4.62026,40.43846],[-4.50734,40.44139],[-4.50299,40.44092],[-4.48876,40.43768],[-4.48216,40.43484],[-4.47123,40.42664],[-4.46381,40.4162],[-4.46197,40.41234],[-4.46149,40.40958],[-4.46174,40.40643],[-4.46383,40.40162],[-4.4947,40.36177],[-4.49699,40.35947],[-4.49979,40.35753],[-4.50406,40.35565],[-4.61289,40.32043],[-4.68896,40.30866],[-4.75241,40.3],[-4.80569,40.3],[-4.83514,40.31662],[-4.83984,40.32035]]]},"properties":{"issued_at":"2026-07-23T21:00:00Z","hour":2,"heading_deg":211,"speed_kmh":2.2}},{"type":"Feature","geometry":{"type":"Polygon","coordinates":[[[-4.85,40.33698],[-4.82747,40.36546],[-4.79769,40.39642],[-4.79334,40.39973],[-4.79041,40.4013],[-4.74179,40.42179],[-4.71385,40.4301],[-4.62084,40.44447],[-4.50465,40.44727],[-4.48576,40.44326],[-4.48098,40.44155],[-4.47671,40.43919],[-4.46733,40.43241],[-4.46351,40.42862],[-4.45633,40.41819],[-4.45432,40.41372],[-4.45364,40.40976],[-4.45399,40.4054],[-4.45547,40.40119],[-4.45683,40.39887],[-4.46877,40.38298],[-4.49726,40.34688],[-4.50295,40.34168],[-4.51049,40.33807],[-4.61929,40.30284],[-4.63611,40.3],[-4.85,40.30015],[-4.85,40.33698]]]},"properties":{"issued_at":"2026-07-23T21:00:00Z","hour":3,"heading_deg":211,"speed_kmh":2.2}},{"type":"Feature","geometry":{"type":"Polygon","coordinates":[[[-4.8048,40.39923],[-4.79819,40.40448],[-4.79309,40.40708],[-4.74557,40.42707],[-4.71256,40.43671],[-4.62397,40.45025],[-4.50923,40.45344],[-4.50365,40.45325],[-4.49769,40.45231],[-4.48358,40.44906],[-4.47744,40.44694],[-4.47192,40.44399],[-4.46164,40.43657],[-4.45676,40.43172],[-4.44989,40.42181],[-4.44766,40.41779],[-4.44603,40.41236],[-4.44583,40.40715],[-4.44632,40.40402],[-4.44815,40.399],[-4.44984,40.39612],[-4.46205,40.37986],[-4.50003,40.33172],[-4.50453,40.32715],[-4.50985,40.32354],[-4.5156,40.32094],[-4.58001,40.3],[-4.85,40.3],[-4.85,40.34862],[-4.83498,40.36765],[-4.8048,40.39923]]]},"properties":{"issued_at":"2026-07-23T21:00:00Z","hour":4,"heading_deg":211,"speed_kmh":2.2}},{"type":"Feature","geometry":{"type":"Polygon","coordinates":[[[-4.81113,40.40281],[-4.80661,40.4068],[-4.80304,40.40922],[-4.79687,40.41237],[-4.74935,40.43236],[-4.74373,40.43434],[-4.71442,40.44257],[-4.62519,40.45621],[-4.50738,40.45948],[-4.49799,40.4586],[-4.48274,40.45519],[-4.47678,40.45345],[-4.4697,40.45029],[-4.45748,40.4419],[-4.45276,40.43789],[-4.44868,40.43301],[-4.44186,40.42292],[-4.43913,40.41685],[-4.43792,40.41012],[-4.43858,40.40299],[-4.44083,40.3968],[-4.44284,40.39337],[-4.45532,40.37673],[-4.50357,40.31564],[-4.5086,40.31074],[-4.51471,40.30664],[-4.52131,40.30362],[-4.53228,40.3],[-4.85,40.3],[-4.85,40.36026],[-4.84171,40.37077],[-4.81113,40.40281]]]},"properties":{"issued_at":"2026-07-23T21:00:00Z","hour":5,"heading_deg":211,"speed_kmh":2.2}},{"type":"Feature","geometry":{"type":"Polygon","coordinates":[[[-4.81745,40.40638],[-4.8121,40.41112],[-4.80788,40.41397],[-4.80065,40.41765],[-4.75313,40.43764],[-4.7465,40.43998],[-4.71627,40.44843],[-4.6226,40.4625],[-4.50723,40.46551],[-4.49615,40.46446],[-4.47799,40.46033],[-4.46922,40.45722],[-4.46169,40.45314],[-4.45024,40.44487],[-4.44619,40.44122],[-4.44172,40.43581],[-4.43492,40.42578],[-4.43295,40.42207],[-4.43137,40.41788],[-4.43007,40.41031],[-4.43083,40.40197],[-4.43351,40.39461],[-4.43584,40.39063],[-4.4486,40.37361],[-4.50678,40.3],[-4.85,40.3],[-4.85,40.3719],[-4.81745,40.40638]]]},"properties":{"issued_at":"2026-07-23T21:00:00Z","hour":6,"heading_deg":211,"speed_kmh":2.2}},{"type":"Feature","geometry":{"type":"Polygon","coordinates":[[[-4.77407,40.33191],[-4.80718,40.35061],[-4.80858,40.35235],[-4.80837,40.35472],[-4.78989,40.36935],[-4.77718,40.37869],[-4.72985,40.40614],[-4.70478,40.41335],[-4.61908,40.42643],[-4.50771,40.42934],[-4.48176,40.4262],[-4.47944,40.42513],[-4.47837,40.4236],[-4.47732,40.40808],[-4.49007,40.39133],[-4.59874,40.35597],[-4.75823,40.33225],[-4.77165,40.33121],[-4.77407,40.33191]]]},"properties":{"issued_at":"2026-07-23T21:30:00Z","hour":0,"heading_deg":215,"speed_kmh":2.1}},{"type":"Feature","geometry":{"type":"Polygon","coordinates":[[[-4.78544,40.31491],[-4.78846,40.31608],[-4.82268,40.33548],[-4.82485,40.33759],[-4.82625,40.34042],[-4.82645,40.3431],[-4.82566,40.34571],[-4.8243,40.34767],[-4.81328,40.35949],[-4.78282,40.38259],[-4.73327,40.41132],[-4.70656,40.41897],[-4.61926,40.43223],[-4.50761,40.43513],[-4.47908,40.43163],[-4.4741,40.42922],[-4.47225,40.42731],[-4.47116,40.42531],[-4.46965,40.40918],[-4.4706,40.40528],[-4.48303,40.38871],[-4.4937,40.37723],[-4.49814,40.37459],[-4.60759,40.33921],[-4.76701,40.31556],[-4.78167,40.31441],[-4.78544,40.31491]]]},"properties":{"issued_at":"2026-07-23T21:30:00Z","hour":1,"heading_deg":215,"speed_kmh":2.1}},{"type":"Feature","geometry":{"type":"Polygon","coordinates":[[[-4.83619,40.31905],[-4.83977,40.32167],[-4.84269,40.32538],[-4.84407,40.32923],[-4.84403,40.33357],[-4.84239,40.33772],[-4.81979,40.36251],[-4.80027,40.37775],[-4.78633,40.3879],[-4.74017,40.41486],[-4.73627,40.41663],[-4.70834,40.4246],[-4.61922,40.43803],[-4.50607,40.44085],[-4.47985,40.43771],[-4.47504,40.43663],[-4.47051,40.43453],[-4.46777,40.43247],[-4.4656,40.43005],[-4.46395,40.42702],[-4.46316,40.42357],[-4.4621,40.40888],[-4.46248,40.40596],[-4.46419,40.40213],[-4.47647,40.38581],[-4.49729,40.36333],[-4.50049,40.36064],[-4.5047,40.3585],[-4.61598,40.32258],[-4.76811,40.3],[-4.80249,40.30007],[-4.83619,40.31905]]]},"properties":{"issued_at":"2026-07-23T21:30:00Z","hour":2,"heading_deg":215,"speed_kmh":2.1}},{"type":"Feature","geometry":{"type":"Polygon","coordinates":[[[-4.85,40.33993],[-4.8264,40.36539],[-4.80595,40.3816],[-4.79192,40.39187],[-4.74474,40.41946],[-4.73886,40.42208],[-4.71012,40.43023],[-4.6226,40.44359],[-4.50893,40.4467],[-4.50374,40.44646],[-4.4776,40.44328],[-4.47013,40.44124],[-4.46571,40.439],[-4.46165,40.43588],[-4.45874,40.43248],[-4.45619,40.42709],[-4.45455,40.40893],[-4.45506,40.40489],[-4.45748,40.39948],[-4.47072,40.382],[-4.50134,40.34897],[-4.50537,40.34551],[-4.50943,40.3432],[-4.513,40.34179],[-4.62055,40.30694],[-4.626,40.30567],[-4.66426,40.3],[-4.84487,40.3],[-4.85,40.30289],[-4.85,40.33993]]]},"properties":{"issued_at":"2026-07-23T21:30:00Z","hour":3,"heading_deg":215,"speed_kmh":2.1}},{"type":"Feature","geometry":{"type":"Polygon","coordinates":[[[-4.82879,40.37219],[-4.8113,40.38568],[-4.79683,40.39627],[-4.74931,40.42407],[-4.74489,40.42627],[-4.71227,40.43578],[-4.62536,40.4491],[-4.61973,40.4496],[-4.50775,40.4525],[-4.4775,40.44915],[-4.47235,40.44821],[-4.46654,40.44633],[-4.46091,40.44346],[-4.45807,40.44148],[-4.45382,40.43746],[-4.45083,40.4332],[-4.44952,40.43043],[-4.44825,40.4257],[-4.44712,40.40674],[-4.44831,40.40165],[-4.45077,40.39683],[-4.46457,40.37864],[-4.50828,40.33189],[-4.51308,40.3286],[-4.51899,40.32589],[-4.59881,40.3],[-4.85,40.3],[-4.85,40.34993],[-4.83256,40.36874],[-4.82879,40.37219]]]},"properties":{"issued_at":"2026-07-23T21:30:00Z","hour":4,"heading_deg":215,"speed_kmh":2.1}},{"type":"Feature","geometry":{"type":"Polygon","coordinates":[[[-4.83414,40.37627],[-4.80174,40.40067],[-4.75388,40.42868],[-4.74854,40.43133],[-4.74318,40.43322],[-4.71405,40.44141],[-4.62533,40.45498],[-4.50765,40.45829],[-4.50139,40.45789],[-4.47453,40.45461],[-4.46667,40.45277],[-4.46255,40.45126],[-4.45611,40.44793],[-4.45027,40.44349],[-4.44754,40.44068],[-4.44369,40.43511],[-4.4414,40.42942],[-4.4407,40.42596],[-4.43945,40.40903],[-4.43964,40.40589],[-4.44106,40.40004],[-4.44426,40.39387],[-4.45842,40.37529],[-4.50944,40.32024],[-4.51328,40.31668],[-4.51919,40.31272],[-4.52554,40.3098],[-4.55564,40.3],[-4.85,40.3],[-4.85,40.35992],[-4.83871,40.3721],[-4.83414,40.37627]]]},"properties":{"issued_at":"2026-07-23T21:30:00Z","hour":5,"heading_deg":215,"speed_kmh":2.1}},{"type":"Feature","geometry":{"type":"Polygon","coordinates":[[[-4.83949,40.38035],[-4.80706,40.40479],[-4.75845,40.43329],[-4.7522,40.43639],[-4.74584,40.43864],[-4.71583,40.44703],[-4.6265,40.4607],[-4.50755,40.46408],[-4.50021,40.46361],[-4.47254,40.46021],[-4.46374,40.45811],[-4.45896,40.45635],[-4.45095,40.45217],[-4.44444,40.44717],[-4.43901,40.44102],[-4.43673,40.43735],[-4.434,40.43059],[-4.43319,40.42657],[-4.43198,40.41111],[-4.43212,40.40538],[-4.43394,40.3981],[-4.43755,40.39122],[-4.45226,40.37194],[-4.5135,40.30588],[-4.52028,40.3],[-4.85,40.3],[-4.85,40.36991],[-4.84486,40.37545],[-4.83949,40.38035]]]},"properties":{"issued_at":"2026-07-23T21:30:00Z","hour":6,"heading_deg":215,"speed_kmh":2.1}},{"type":"Feature","geometry":{"type":"Polygon","coordinates":[[[-4.76127,40.33258],[-4.80617,40.35009],[-4.80837,40.35189],[-4.80875,40.35329],[-4.80839,40.35469],[-4.7924,40.38429],[-4.79107,40.38568],[-4.72967,40.40619],[-4.61918,40.42642],[-4.51848,40.42947],[-4.50792,40.42935],[-4.48176,40.4262],[-4.47977,40.42538],[-4.47837,40.4236],[-4.47719,40.40881],[-4.47864,40.3994],[-4.4803,40.39735],[-4.4908,40.39096],[-4.58945,40.3503],[-4.72534,40.33219],[-4.75914,40.33218],[-4.76127,40.33258]]]},"properties":{"issued_at":"2026-07-23T22:00:00Z","hour":0,"heading_deg":215,"speed_kmh":1.9}},{"type":"Feature","geometry":{"type":"Polygon","coordinates":[[[-4.76834,40.31706],[-4.77183,40.31749],[-4.81843,40.33553],[-4.82097,40.33688],[-4.82288,40.33861],[-4.82409,40.34051],[-4.82469,40.34273],[-4.82457,40.34484],[-4.82385,40.34678],[-4.80753,40.37692],[-4.79647,40.38892],[-4.79261,40.39101],[-4.73153,40.4112],[-4.62044,40.43154],[-4.51874,40.43468],[-4.50734,40.43454],[-4.4793,40.43107],[-4.47496,40.42906],[-4.47325,40.42747],[-4.47201,40.42547],[-4.47145,40.42321],[-4.4704,40.40888],[-4.47208,40.39805],[-4.47383,40.3951],[-4.48463,40.38377],[-4.49676,40.37647],[-4.59496,40.33597],[-4.59845,40.33504],[-4.73535,40.31701],[-4.76834,40.31706]]]},"properties":{"issued_at":"2026-07-23T22:00:00Z","hour":1,"heading_deg":215,"speed_kmh":1.9}},{"type":"Feature","geometry":{"type":"Polygon","coordinates":[[[-4.77817,40.30196],[-4.78364,40.30276],[-4.8317,40.3214],[-4.83593,40.32404],[-4.83895,40.32751],[-4.84017,40.33014],[-4.84066,40.33254],[-4.8401,40.33705],[-4.82306,40.36892],[-4.80293,40.39108],[-4.79928,40.39399],[-4.79531,40.3958],[-4.7334,40.41621],[-4.62038,40.4368],[-4.51901,40.43989],[-4.50675,40.43973],[-4.48009,40.43657],[-4.47605,40.4357],[-4.47291,40.43444],[-4.46982,40.43249],[-4.46761,40.43037],[-4.46552,40.42701],[-4.46466,40.4235],[-4.46361,40.40896],[-4.46516,40.39803],[-4.46673,40.39413],[-4.48806,40.37093],[-4.50219,40.3622],[-4.60387,40.3205],[-4.74455,40.30189],[-4.77817,40.30196]]]},"properties":{"issued_at":"2026-07-23T22:00:00Z","hour":2,"heading_deg":215,"speed_kmh":1.9}},{"type":"Feature","geometry":{"type":"Polygon","coordinates":[[[-4.84635,40.30802],[-4.85,40.31051],[-4.85,40.33979],[-4.83878,40.36055],[-4.83614,40.36424],[-4.80813,40.39444],[-4.80302,40.39835],[-4.798,40.40058],[-4.73814,40.42043],[-4.62295,40.44179],[-4.51928,40.44509],[-4.50409,40.44474],[-4.47903,40.44171],[-4.47341,40.4405],[-4.46873,40.43857],[-4.46369,40.43505],[-4.46073,40.43166],[-4.45841,40.42675],[-4.45687,40.40767],[-4.45846,40.39717],[-4.45984,40.39323],[-4.46275,40.38906],[-4.49258,40.35722],[-4.50789,40.34782],[-4.60833,40.30643],[-4.61451,40.30496],[-4.65187,40.3],[-4.82649,40.3],[-4.84635,40.30802]]]},"properties":{"issued_at":"2026-07-23T22:00:00Z","hour":3,"heading_deg":215,"speed_kmh":1.9}},{"type":"Feature","geometry":{"type":"Polygon","coordinates":[[[-4.80949,40.401],[-4.80229,40.40479],[-4.73936,40.42566],[-4.62595,40.44663],[-4.61979,40.44728],[-4.51776,40.45032],[-4.50303,40.44989],[-4.47368,40.4461],[-4.46797,40.4443],[-4.46283,40.44168],[-4.45815,40.43808],[-4.45475,40.43413],[-4.4524,40.42975],[-4.45125,40.42546],[-4.45003,40.40941],[-4.45184,40.39597],[-4.45332,40.39172],[-4.45474,40.38922],[-4.45721,40.38604],[-4.49679,40.34376],[-4.51358,40.33344],[-4.59462,40.3],[-4.85,40.3],[-4.85,40.35828],[-4.81412,40.39698],[-4.80949,40.401]]]},"properties":{"issued_at":"2026-07-23T22:00:00Z","hour":4,"heading_deg":215,"speed_kmh":1.9}},{"type":"Feature","geometry":{"type":"Polygon","coordinates":[[[-4.8141,40.40484],[-4.80529,40.40946],[-4.74353,40.42999],[-4.73717,40.43162],[-4.62545,40.45203],[-4.51981,40.45551],[-4.50433,40.45526],[-4.47485,40.45171],[-4.46771,40.44997],[-4.45851,40.4457],[-4.4554,40.44353],[-4.45093,40.43936],[-4.44876,40.4366],[-4.44605,40.43162],[-4.44445,40.42566],[-4.44323,40.40948],[-4.44513,40.39511],[-4.44713,40.38956],[-4.45024,40.38471],[-4.50068,40.33056],[-4.50496,40.32749],[-4.51891,40.31923],[-4.56543,40.3],[-4.85,40.3],[-4.85,40.36727],[-4.81966,40.4],[-4.8141,40.40484]]]},"properties":{"issued_at":"2026-07-23T22:00:00Z","hour":5,"heading_deg":215,"speed_kmh":1.9}},{"type":"Feature","geometry":{"type":"Polygon","coordinates":[[[-4.8187,40.40867],[-4.81533,40.41081],[-4.80828,40.41414],[-4.74623,40.43477],[-4.73874,40.43669],[-4.62671,40.45715],[-4.62033,40.45769],[-4.51894,40.46073],[-4.50375,40.46045],[-4.47347,40.45681],[-4.46549,40.45491],[-4.46151,40.45346],[-4.45418,40.44972],[-4.45059,40.44721],[-4.44529,40.44226],[-4.44278,40.43907],[-4.43956,40.43316],[-4.43769,40.42621],[-4.43643,40.40924],[-4.43808,40.3961],[-4.43927,40.39128],[-4.44234,40.38494],[-4.44614,40.38001],[-4.50125,40.32055],[-4.50489,40.31711],[-4.50989,40.31352],[-4.5215,40.30643],[-4.53625,40.3],[-4.85,40.3],[-4.85,40.37627],[-4.8252,40.40302],[-4.8187,40.40867]]]},"properties":{"issued_at":"2026-07-23T22:00:00Z","hour":6,"heading_deg":215,"speed_kmh":1.9}},{"type":"Feature","geometry":{"type":"Polygon","coordinates":[[[-4.76144,40.33265],[-4.76926,40.3364],[-4.79083,40.36529],[-4.79276,40.383],[-4.79237,40.38435],[-4.79101,40.38572],[-4.61913,40.42643],[-4.51811,40.42947],[-4.48193,40.42623],[-4.47951,40.42518],[-4.47838,40.42362],[-4.4772,40.40881],[-4.47864,40.3994],[-4.4803,40.39735],[-4.4908,40.39096],[-4.58945,40.3503],[-4.72534,40.33219],[-4.75914,40.33218],[-4.76144,40.33265]]]},"properties":{"issued_at":"2026-07-23T22:30:00Z","hour":0,"heading_deg":215,"speed_kmh":1.7}},{"type":"Feature","geometry":{"type":"Polygon","coordinates":[[[-4.76931,40.31871],[-4.772,40.31936],[-4.7793,40.32249],[-4.78266,40.32493],[-4.80421,40.35376],[-4.80545,40.35634],[-4.80711,40.3734],[-4.80682,40.376],[-4.8054,40.3785],[-4.79615,40.38841],[-4.79378,40.38995],[-4.79122,40.39085],[-4.62016,40.43105],[-4.51764,40.43415],[-4.48032,40.43076],[-4.47561,40.42882],[-4.47359,40.42689],[-4.47255,40.42504],[-4.47108,40.40888],[-4.47274,40.39818],[-4.47438,40.3954],[-4.48417,40.38515],[-4.49617,40.37792],[-4.59437,40.33742],[-4.59765,40.33655],[-4.73443,40.31852],[-4.76931,40.31871]]]},"properties":{"issued_at":"2026-07-23T22:30:00Z","hour":1,"heading_deg":215,"speed_kmh":1.7}},{"type":"Feature","geometry":{"type":"Polygon","coordinates":[[[-4.77804,40.3051],[-4.78299,40.30625],[-4.79127,40.30982],[-4.79409,40.3116],[-4.79634,40.3138],[-4.81824,40.34317],[-4.81934,40.34533],[-4.81998,40.34804],[-4.82151,40.3646],[-4.82087,40.36864],[-4.81843,40.37255],[-4.8019,40.39039],[-4.79917,40.39271],[-4.79302,40.39533],[-4.62118,40.43568],[-4.51717,40.43883],[-4.47826,40.43519],[-4.47513,40.43423],[-4.47138,40.4322],[-4.46888,40.42995],[-4.46686,40.4268],[-4.46602,40.42344],[-4.46497,40.40894],[-4.4665,40.3982],[-4.46747,40.39543],[-4.4694,40.39268],[-4.48722,40.37362],[-4.50105,40.36508],[-4.60248,40.32347],[-4.74271,40.30492],[-4.77804,40.3051]]]},"properties":{"issued_at":"2026-07-23T22:30:00Z","hour":2,"heading_deg":215,"speed_kmh":1.7}},{"type":"Feature","geometry":{"type":"Polygon","coordinates":[[[-4.81026,40.30298],[-4.83279,40.33355],[-4.83427,40.33816],[-4.83582,40.35761],[-4.83449,40.36223],[-4.83168,40.36635],[-4.80628,40.39373],[-4.80188,40.39705],[-4.79811,40.39882],[-4.62531,40.43975],[-4.62064,40.44045],[-4.51562,40.44343],[-4.48027,40.44027],[-4.47492,40.43928],[-4.47039,40.43754],[-4.46555,40.43431],[-4.46289,40.43143],[-4.46089,40.42787],[-4.45999,40.42441],[-4.45885,40.40901],[-4.46035,40.39811],[-4.46159,40.39411],[-4.46441,40.38997],[-4.49132,40.36125],[-4.50618,40.35214],[-4.60599,40.31098],[-4.6121,40.30947],[-4.68346,40.3],[-4.80743,40.3],[-4.81026,40.30298]]]},"properties":{"issued_at":"2026-07-23T22:30:00Z","hour":3,"heading_deg":215,"speed_kmh":1.7}},{"type":"Feature","geometry":{"type":"Polygon","coordinates":[[[-4.84745,40.32446],[-4.84871,40.32953],[-4.85,40.34338],[-4.85,40.35021],[-4.84832,40.3553],[-4.84493,40.36015],[-4.81115,40.39657],[-4.80514,40.40104],[-4.79772,40.40401],[-4.62711,40.44423],[-4.62114,40.44512],[-4.51812,40.44823],[-4.47956,40.44493],[-4.47505,40.44424],[-4.47006,40.44277],[-4.46291,40.43897],[-4.45755,40.43371],[-4.45444,40.42747],[-4.45381,40.42398],[-4.4528,40.40744],[-4.45444,40.39666],[-4.45603,40.39213],[-4.45943,40.38725],[-4.49479,40.3494],[-4.51131,40.33919],[-4.60628,40.3],[-4.83,40.3],[-4.84493,40.32001],[-4.84745,40.32446]]]},"properties":{"issued_at":"2026-07-23T22:30:00Z","hour":4,"heading_deg":215,"speed_kmh":1.7}},{"type":"Feature","geometry":{"type":"Polygon","coordinates":[[[-4.81383,40.40138],[-4.80913,40.40461],[-4.79979,40.40843],[-4.62724,40.44907],[-4.61993,40.44988],[-4.51968,40.4529],[-4.47688,40.44936],[-4.47011,40.44791],[-4.46135,40.44411],[-4.45834,40.4421],[-4.45408,40.43827],[-4.45197,40.43567],[-4.44937,40.43105],[-4.44783,40.42542],[-4.44663,40.40945],[-4.44848,40.39554],[-4.45014,40.3908],[-4.45169,40.38807],[-4.45445,40.38453],[-4.49889,40.33703],[-4.51228,40.32845],[-4.51644,40.32625],[-4.58002,40.3],[-4.85,40.3],[-4.85,40.36278],[-4.81383,40.40138]]]},"properties":{"issued_at":"2026-07-23T22:30:00Z","hour":5,"heading_deg":215,"speed_kmh":1.7}},{"type":"Feature","geometry":{"type":"Polygon","coordinates":[[[-4.81833,40.40456],[-4.81275,40.40839],[-4.80595,40.41153],[-4.80187,40.41284],[-4.62878,40.45361],[-4.62017,40.45457],[-4.51992,40.45759],[-4.5135,40.4574],[-4.47587,40.45398],[-4.47184,40.45329],[-4.46457,40.45115],[-4.45721,40.44757],[-4.4541,40.44548],[-4.44905,40.44094],[-4.44662,40.43794],[-4.44354,40.43246],[-4.44175,40.42592],[-4.44052,40.40951],[-4.44213,40.39647],[-4.44321,40.39209],[-4.44458,40.38882],[-4.44793,40.38361],[-4.50007,40.32727],[-4.50557,40.32278],[-4.5184,40.3149],[-4.55375,40.3],[-4.85,40.3],[-4.85,40.37087],[-4.81833,40.40456]]]},"properties":{"issued_at":"2026-07-23T22:30:00Z","hour":6,"heading_deg":215,"speed_kmh":1.7}},{"type":"Feature","geometry":{"type":"Polygon","coordinates":[[[-4.76718,40.33516],[-4.78899,40.35066],[-4.79015,40.3528],[-4.79275,40.38267],[-4.79214,40.3847],[-4.78932,40.38639],[-4.68972,40.40786],[-4.64293,40.41734],[-4.60502,40.42382],[-4.51749,40.42943],[-4.49281,40.42591],[-4.49149,40.42498],[-4.47735,40.40985],[-4.47864,40.39941],[-4.48054,40.39721],[-4.53375,40.37393],[-4.58942,40.35031],[-4.72657,40.33215],[-4.76718,40.33516]]]},"properties":{"issued_at":"2026-07-23T23:00:00Z","hour":0,"heading_deg":215,"speed_kmh":1.6}},{"type":"Feature","geometry":{"type":"Polygon","coordinates":[[[-4.77382,40.32269],[-4.77689,40.32328],[-4.77991,40.3248],[-4.80131,40.34058],[-4.8024,40.34217],[-4.80306,40.3443],[-4.80565,40.37568],[-4.80422,40.37894],[-4.79594,40.38788],[-4.79374,40.38941],[-4.79081,40.39046],[-4.69116,40.41193],[-4.64424,40.42144],[-4.60549,40.42803],[-4.51656,40.43359],[-4.4933,40.43052],[-4.4897,40.42939],[-4.48707,40.42748],[-4.47354,40.41341],[-4.4721,40.41112],[-4.47174,40.4082],[-4.47373,40.39732],[-4.48227,40.3877],[-4.48427,40.38605],[-4.53845,40.36224],[-4.59446,40.33848],[-4.73386,40.31989],[-4.77382,40.32269]]]},"properties":{"issued_at":"2026-07-23T23:00:00Z","hour":1,"heading_deg":215,"speed_kmh":1.6}},{"type":"Feature","geometry":{"type":"Polygon","coordinates":[[[-4.78176,40.31046],[-4.7866,40.31141],[-4.79113,40.31371],[-4.8115,40.32851],[-4.81432,40.3315],[-4.8154,40.33359],[-4.81601,40.33618],[-4.81861,40.36605],[-4.81835,40.36915],[-4.81606,40.37347],[-4.80086,40.38989],[-4.79849,40.39192],[-4.79562,40.39347],[-4.79229,40.39452],[-4.69261,40.41601],[-4.64554,40.42554],[-4.60806,40.43199],[-4.51962,40.43788],[-4.51563,40.43774],[-4.49211,40.43464],[-4.48659,40.43287],[-4.48264,40.42999],[-4.46896,40.41575],[-4.46686,40.41239],[-4.46625,40.40791],[-4.46771,40.39837],[-4.46896,40.39514],[-4.48531,40.37714],[-4.48834,40.37469],[-4.54319,40.35053],[-4.59904,40.32683],[-4.60343,40.32571],[-4.74157,40.30765],[-4.78176,40.31046]]]},"properties":{"issued_at":"2026-07-23T23:00:00Z","hour":2,"heading_deg":215,"speed_kmh":1.6}},{"type":"Feature","geometry":{"type":"Polygon","coordinates":[[[-4.80235,40.30262],[-4.8229,40.31755],[-4.8254,40.3199],[-4.82728,40.32257],[-4.82887,40.32729],[-4.83158,40.35871],[-4.83073,40.36341],[-4.82767,40.36825],[-4.80461,40.39308],[-4.80047,40.3961],[-4.79649,40.39784],[-4.69386,40.42012],[-4.64685,40.42964],[-4.60926,40.43611],[-4.51939,40.44212],[-4.5147,40.4419],[-4.49092,40.43876],[-4.48705,40.43783],[-4.48348,40.43636],[-4.47869,40.43297],[-4.46483,40.41858],[-4.46245,40.41542],[-4.46121,40.41252],[-4.46083,40.40702],[-4.46235,40.39735],[-4.46399,40.39333],[-4.48818,40.36676],[-4.49124,40.36409],[-4.49506,40.36195],[-4.54785,40.33887],[-4.60456,40.31483],[-4.60993,40.31353],[-4.7119,40.3],[-4.79811,40.30023],[-4.80235,40.30262]]]},"properties":{"issued_at":"2026-07-23T23:00:00Z","hour":3,"heading_deg":215,"speed_kmh":1.6}},{"type":"Feature","geometry":{"type":"Polygon","coordinates":[[[-4.83624,40.30829],[-4.83893,40.3115],[-4.8408,40.31504],[-4.84173,40.31845],[-4.84452,40.35026],[-4.84347,40.35652],[-4.84175,40.35991],[-4.8396,40.36267],[-4.80895,40.39568],[-4.80327,40.39975],[-4.79673,40.40229],[-4.69526,40.4242],[-4.64815,40.43374],[-4.61047,40.44022],[-4.51962,40.44633],[-4.51376,40.44606],[-4.48973,40.44288],[-4.48486,40.4417],[-4.48038,40.43984],[-4.47471,40.43591],[-4.4604,40.42109],[-4.45739,40.41707],[-4.45583,40.41341],[-4.4552,40.40959],[-4.45536,40.40653],[-4.45692,40.39666],[-4.45922,40.3912],[-4.46138,40.38839],[-4.49114,40.35628],[-4.49492,40.35298],[-4.49977,40.35025],[-4.55268,40.32712],[-4.61187,40.30228],[-4.62656,40.3],[-4.82525,40.3],[-4.83624,40.30829]]]},"properties":{"issued_at":"2026-07-23T23:00:00Z","hour":4,"heading_deg":215,"speed_kmh":1.6}},{"type":"Feature","geometry":{"type":"Polygon","coordinates":[[[-4.81122,40.40009],[-4.80682,40.403],[-4.79804,40.40641],[-4.69695,40.42822],[-4.64929,40.43787],[-4.60921,40.44468],[-4.51986,40.45055],[-4.51399,40.45036],[-4.4881,40.44692],[-4.48226,40.44544],[-4.4748,40.44191],[-4.46935,40.43751],[-4.45365,40.4208],[-4.45112,40.41621],[-4.4497,40.40969],[-4.45149,40.39597],[-4.45291,40.39183],[-4.45546,40.38765],[-4.49409,40.34581],[-4.49827,40.3421],[-4.50449,40.33856],[-4.59372,40.3],[-4.85,40.3],[-4.85,40.35873],[-4.81432,40.39723],[-4.81122,40.40009]]]},"properties":{"issued_at":"2026-07-23T23:00:00Z","hour":5,"heading_deg":215,"speed_kmh":1.6}},{"type":"Feature","geometry":{"type":"Polygon","coordinates":[[[-4.8152,40.403],[-4.80999,40.40645],[-4.80364,40.40926],[-4.79979,40.41041],[-4.6984,40.4323],[-4.65059,40.44197],[-4.61004,40.44885],[-4.51969,40.45478],[-4.51329,40.45454],[-4.48691,40.45105],[-4.48007,40.44931],[-4.47127,40.44515],[-4.46492,40.44001],[-4.4488,40.4228],[-4.44708,40.42004],[-4.44507,40.41518],[-4.44418,40.40945],[-4.44606,40.39529],[-4.44789,40.39007],[-4.45074,40.38549],[-4.4998,40.33269],[-4.50463,40.32923],[-4.5092,40.32687],[-4.57091,40.3],[-4.85,40.3],[-4.85,40.36602],[-4.8188,40.39967],[-4.8152,40.403]]]},"properties":{"issued_at":"2026-07-23T23:00:00Z","hour":6,"heading_deg":215,"speed_kmh":1.6}},{"type":"Feature","geometry":{"type":"Polygon","coordinates":[[[-4.78774,40.34988],[-4.78916,40.35082],[-4.7901,40.35246],[-4.79125,40.36658],[-4.791,40.36798],[-4.78974,40.36946],[-4.78772,40.3703],[-4.5087,40.42576],[-4.49465,40.42641],[-4.49216,40.42554],[-4.49073,40.42374],[-4.48968,40.40814],[-4.50083,40.39072],[-4.50195,40.38961],[-4.58707,40.35969],[-4.59943,40.35579],[-4.66066,40.344],[-4.73559,40.34524],[-4.78774,40.34988]]]},"properties":{"issued_at":"2026-07-23T23:30:00Z","hour":0,"heading_deg":215,"speed_kmh":1.4}},{"type":"Feature","geometry":{"type":"Polygon","coordinates":[[[-4.74261,40.33423],[-4.79484,40.3387],[-4.79896,40.34056],[-4.80141,40.34372],[-4.80278,40.36076],[-4.80145,40.36348],[-4.79422,40.37131],[-4.79179,40.37303],[-4.78897,40.37398],[-4.50971,40.42948],[-4.49328,40.43008],[-4.48906,40.4285],[-4.48631,40.42557],[-4.48564,40.42326],[-4.4846,40.40948],[-4.48511,40.40665],[-4.49673,40.38856],[-4.50398,40.3807],[-4.50632,40.37898],[-4.59157,40.34906],[-4.60406,40.34508],[-4.66832,40.33293],[-4.74261,40.33423]]]},"properties":{"issued_at":"2026-07-23T23:30:00Z","hour":1,"heading_deg":215,"speed_kmh":1.4}},{"type":"Feature","geometry":{"type":"Polygon","coordinates":[[[-4.74963,40.32321],[-4.8028,40.3278],[-4.80639,40.32899],[-4.80907,40.33058],[-4.81094,40.3323],[-4.81268,40.33498],[-4.81343,40.3379],[-4.81453,40.35166],[-4.81434,40.35424],[-4.8123,40.35833],[-4.79808,40.37369],[-4.79458,40.37616],[-4.79021,40.37766],[-4.51072,40.4332],[-4.49569,40.43404],[-4.49142,40.43364],[-4.48833,40.43269],[-4.48522,40.43096],[-4.48175,40.42705],[-4.48073,40.42385],[-4.47965,40.4097],[-4.47988,40.40699],[-4.48074,40.40477],[-4.49292,40.38608],[-4.50664,40.37127],[-4.51032,40.36856],[-4.59621,40.33838],[-4.60903,40.3343],[-4.67123,40.32224],[-4.67513,40.32191],[-4.74963,40.32321]]]},"properties":{"issued_at":"2026-07-23T23:30:00Z","hour":2,"heading_deg":215,"speed_kmh":1.4}},{"type":"Feature","geometry":{"type":"Polygon","coordinates":[[[-4.75665,40.3122],[-4.80765,40.31644],[-4.81218,40.31725],[-4.81611,40.31874],[-4.81917,40.3206],[-4.82248,40.32386],[-4.82409,40.3266],[-4.82507,40.33045],[-4.8262,40.34477],[-4.82583,40.34806],[-4.82471,40.35089],[-4.82289,40.35349],[-4.80194,40.37607],[-4.79737,40.3793],[-4.79215,40.38118],[-4.51129,40.43699],[-4.49575,40.43784],[-4.48959,40.43719],[-4.48604,40.43606],[-4.48285,40.43442],[-4.47925,40.43144],[-4.47737,40.42887],[-4.47586,40.42461],[-4.47471,40.40992],[-4.47503,40.40623],[-4.47619,40.40326],[-4.48885,40.38392],[-4.5093,40.36185],[-4.51315,40.3588],[-4.51703,40.35699],[-4.60085,40.32769],[-4.61399,40.32351],[-4.67672,40.31134],[-4.68194,40.31089],[-4.75665,40.3122]]]},"properties":{"issued_at":"2026-07-23T23:30:00Z","hour":3,"heading_deg":215,"speed_kmh":1.4}},{"type":"Feature","geometry":{"type":"Polygon","coordinates":[[[-4.81873,40.30601],[-4.82503,40.3081],[-4.82928,40.31062],[-4.83244,40.31349],[-4.8355,40.31821],[-4.83663,40.32223],[-4.83785,40.3375],[-4.83748,40.34119],[-4.836,40.34508],[-4.83329,40.34883],[-4.8065,40.37773],[-4.80245,40.38111],[-4.7985,40.38322],[-4.79269,40.38501],[-4.5123,40.44071],[-4.49534,40.44164],[-4.49055,40.44128],[-4.48637,40.44035],[-4.48207,40.43867],[-4.47796,40.43614],[-4.4749,40.43328],[-4.47196,40.42862],[-4.47088,40.42466],[-4.46973,40.40898],[-4.47027,40.40511],[-4.47184,40.40141],[-4.48478,40.38175],[-4.51301,40.35139],[-4.51641,40.34882],[-4.5204,40.3468],[-4.60549,40.31701],[-4.61863,40.31282],[-4.68221,40.30043],[-4.68523,40.3],[-4.69657,40.3],[-4.76282,40.30115],[-4.81873,40.30601]]]},"properties":{"issued_at":"2026-07-23T23:30:00Z","hour":4,"heading_deg":215,"speed_kmh":1.4}},{"type":"Feature","geometry":{"type":"Polygon","coordinates":[[[-4.84451,40.30569],[-4.84604,40.30804],[-4.8478,40.31235],[-4.8495,40.33058],[-4.84896,40.33501],[-4.84747,40.33894],[-4.84403,40.34381],[-4.80966,40.38083],[-4.80528,40.38425],[-4.79827,40.38754],[-4.51331,40.44443],[-4.4954,40.44544],[-4.48963,40.44502],[-4.48409,40.44374],[-4.47701,40.44056],[-4.47284,40.43748],[-4.46954,40.43383],[-4.46709,40.42942],[-4.46596,40.42507],[-4.46477,40.409],[-4.46542,40.40435],[-4.4671,40.40024],[-4.48071,40.37959],[-4.51623,40.34144],[-4.52039,40.3384],[-4.52523,40.33604],[-4.61014,40.30633],[-4.62392,40.30195],[-4.63335,40.3],[-4.83845,40.3],[-4.84451,40.30569]]]},"properties":{"issued_at":"2026-07-23T23:30:00Z","hour":5,"heading_deg":215,"speed_kmh":1.4}},{"type":"Feature","geometry":{"type":"Polygon","coordinates":[[[-4.81096,40.38542],[-4.80612,40.38852],[-4.8002,40.39104],[-4.79659,40.39206],[-4.51432,40.44815],[-4.49253,40.44915],[-4.48588,40.44823],[-4.47918,40.44617],[-4.47136,40.44181],[-4.46672,40.43757],[-4.4625,40.4309],[-4.46103,40.42547],[-4.45987,40.41058],[-4.45996,40.40666],[-4.46133,40.4013],[-4.4634,40.39732],[-4.47664,40.37742],[-4.51915,40.33175],[-4.524,40.3282],[-4.52966,40.32544],[-4.60234,40.3],[-4.85,40.3],[-4.85,40.34392],[-4.81458,40.38213],[-4.81096,40.38542]]]},"properties":{"issued_at":"2026-07-23T23:30:00Z","hour":6,"heading_deg":215,"speed_kmh":1.4}}]}