{"type":"FeatureCollection","features":[{"type":"Feature","id":"aires-de-gredos","geometry":{"type":"Polygon","coordinates":[[[-4.70797,40.41604],[-4.70807,40.41579],[-4.70823,40.41556],[-4.70845,40.41535],[-4.70872,40.41518],[-4.70903,40.41506],[-4.70936,40.41498],[-4.7097,40.41495],[-4.71005,40.41498],[-4.71038,40.41506],[-4.71069,40.41518],[-4.71096,40.41535],[-4.71118,40.41556],[-4.71134,40.41579],[-4.71144,40.41604],[-4.71147,40.41631],[-4.71144,40.41657],[-4.71134,40.41683],[-4.71118,40.41706],[-4.71096,40.41727],[-4.71069,40.41744],[-4.71038,40.41756],[-4.71005,40.41764],[-4.7097,40.41767],[-4.70936,40.41764],[-4.70903,40.41756],[-4.70872,40.41744],[-4.70845,40.41727],[-4.70823,40.41706],[-4.70807,40.41683],[-4.70797,40.41657],[-4.70794,40.41631],[-4.70797,40.41604]]]},"properties":{"name":"Aires de Gredos","kind":"care_home","osm":"way/332493497","lat":40.41631,"lon":-4.7097}},{"type":"Feature","id":"camp-reina-sofia","geometry":{"type":"Polygon","coordinates":[[[-4.40137,40.36423],[-4.40147,40.36397],[-4.40163,40.36374],[-4.40185,40.36353],[-4.40212,40.36336],[-4.40243,40.36324],[-4.40276,40.36316],[-4.4031,40.36313],[-4.40345,40.36316],[-4.40378,40.36324],[-4.40409,40.36336],[-4.40435,40.36353],[-4.40457,40.36374],[-4.40474,40.36397],[-4.40484,40.36423],[-4.40487,40.36449],[-4.40484,40.36476],[-4.40474,40.36501],[-4.40457,40.36524],[-4.40435,40.36545],[-4.40409,40.36562],[-4.40378,40.36574],[-4.40345,40.36582],[-4.4031,40.36585],[-4.40276,40.36582],[-4.40243,40.36574],[-4.40212,40.36562],[-4.40185,40.36545],[-4.40163,40.36524],[-4.40147,40.36501],[-4.40137,40.36476],[-4.40133,40.36449],[-4.40137,40.36423]]]},"properties":{"name":"CAMP Reina Sofía","kind":"care_home","osm":"way/56135804","lat":40.36449,"lon":-4.4031}},{"type":"Feature","id":"centro-de-mayores-navahondilla","geometry":{"type":"Polygon","coordinates":[[[-4.49083,40.32604],[-4.49093,40.32578],[-4.4911,40.32555],[-4.49132,40.32534],[-4.49158,40.32517],[-4.49189,40.32505],[-4.49222,40.32497],[-4.49257,40.32494],[-4.49291,40.32497],[-4.49324,40.32505],[-4.49355,40.32517],[-4.49382,40.32534],[-4.49404,40.32555],[-4.4942,40.32578],[-4.4943,40.32604],[-4.49434,40.3263],[-4.4943,40.32657],[-4.4942,40.32682],[-4.49404,40.32705],[-4.49382,40.32726],[-4.49355,40.32743],[-4.49324,40.32755],[-4.49291,40.32763],[-4.49257,40.32766],[-4.49222,40.32763],[-4.49189,40.32755],[-4.49158,40.32743],[-4.49132,40.32726],[-4.4911,40.32705],[-4.49093,40.32682],[-4.49083,40.32657],[-4.4908,40.3263],[-4.49083,40.32604]]]},"properties":{"name":"Centro de Mayores Navahondilla","kind":"care_home","osm":"node/10149190038","lat":40.3263,"lon":-4.49257}},{"type":"Feature","id":"hogar-del-jubilado-pronisa","geometry":{"type":"Polygon","coordinates":[[[-4.46287,40.45441],[-4.46297,40.45416],[-4.46314,40.45392],[-4.46336,40.45372],[-4.46362,40.45355],[-4.46393,40.45342],[-4.46426,40.45335],[-4.46461,40.45332],[-4.46495,40.45335],[-4.46528,40.45342],[-4.46559,40.45355],[-4.46586,40.45372],[-4.46608,40.45392],[-4.46624,40.45416],[-4.46634,40.45441],[-4.46638,40.45468],[-4.46634,40.45494],[-4.46624,40.45519],[-4.46608,40.45543],[-4.46586,40.45564],[-4.46559,40.4558],[-4.46528,40.45593],[-4.46495,40.45601],[-4.46461,40.45603],[-4.46426,40.45601],[-4.46393,40.45593],[-4.46362,40.4558],[-4.46336,40.45564],[-4.46314,40.45543],[-4.46297,40.45519],[-4.46287,40.45494],[-4.46284,40.45468],[-4.46287,40.45441]]]},"properties":{"name":"Hogar del Jubilado - Pronisa","kind":"care_home","osm":"way/239852347","lat":40.45468,"lon":-4.46461}},{"type":"Feature","id":"hogar-del-pensionista","geometry":{"type":"Polygon","coordinates":[[[-4.70278,40.41074],[-4.70289,40.41049],[-4.70305,40.41025],[-4.70327,40.41005],[-4.70354,40.40988],[-4.70384,40.40975],[-4.70417,40.40967],[-4.70452,40.40965],[-4.70487,40.40967],[-4.7052,40.40975],[-4.7055,40.40988],[-4.70577,40.41005],[-4.70599,40.41025],[-4.70615,40.41049],[-4.70626,40.41074],[-4.70629,40.41101],[-4.70626,40.41127],[-4.70615,40.41152],[-4.70599,40.41176],[-4.70577,40.41196],[-4.7055,40.41213],[-4.7052,40.41226],[-4.70487,40.41234],[-4.70452,40.41236],[-4.70417,40.41234],[-4.70384,40.41226],[-4.70354,40.41213],[-4.70327,40.41196],[-4.70305,40.41176],[-4.70289,40.41152],[-4.70278,40.41127],[-4.70275,40.41101],[-4.70278,40.41074]]]},"properties":{"name":"Hogar del Pensionista","kind":"care_home","osm":"way/332491965","lat":40.41101,"lon":-4.70452}},{"type":"Feature","id":"los-cerezos","geometry":{"type":"Polygon","coordinates":[[[-4.55185,40.43361],[-4.55195,40.43336],[-4.55212,40.43312],[-4.55234,40.43292],[-4.55261,40.43275],[-4.55291,40.43262],[-4.55324,40.43255],[-4.55359,40.43252],[-4.55393,40.43255],[-4.55427,40.43262],[-4.55457,40.43275],[-4.55484,40.43292],[-4.55506,40.43312],[-4.55522,40.43336],[-4.55532,40.43361],[-4.55536,40.43388],[-4.55532,40.43414],[-4.55522,40.4344],[-4.55506,40.43463],[-4.55484,40.43484],[-4.55457,40.43501],[-4.55427,40.43513],[-4.55393,40.43521],[-4.55359,40.43523],[-4.55324,40.43521],[-4.55291,40.43513],[-4.55261,40.43501],[-4.55234,40.43484],[-4.55212,40.43463],[-4.55195,40.4344],[-4.55185,40.43414],[-4.55182,40.43388],[-4.55185,40.43361]]]},"properties":{"name":"Los Cerezos","kind":"care_home","osm":"way/377996852","lat":40.43388,"lon":-4.55359}},{"type":"Feature","id":"residencia-alena","geometry":{"type":"Polygon","coordinates":[[[-4.43362,40.30016],[-4.43372,40.29991],[-4.43388,40.29968],[-4.4341,40.29947],[-4.43437,40.2993],[-4.43468,40.29918],[-4.43501,40.2991],[-4.43535,40.29907],[-4.4357,40.2991],[-4.43603,40.29918],[-4.43634,40.2993],[-4.4366,40.29947],[-4.43683,40.29968],[-4.43699,40.29991],[-4.43709,40.30016],[-4.43712,40.30043],[-4.43709,40.30069],[-4.43699,40.30095],[-4.43683,40.30118],[-4.4366,40.30139],[-4.43634,40.30156],[-4.43603,40.30168],[-4.4357,40.30176],[-4.43535,40.30179],[-4.43501,40.30176],[-4.43468,40.30168],[-4.43437,40.30156],[-4.4341,40.30139],[-4.43388,40.30118],[-4.43372,40.30095],[-4.43362,40.30069],[-4.43358,40.30043],[-4.43362,40.30016]]]},"properties":{"name":"Residencia ALENA","kind":"care_home","osm":"node/12822753385","lat":40.30043,"lon":-4.43535}},{"type":"Feature","id":"residencia-el-bosque-de-gredos","geometry":{"type":"Polygon","coordinates":[[[-4.69384,40.31636],[-4.69394,40.3161],[-4.6941,40.31587],[-4.69432,40.31566],[-4.69459,40.31549],[-4.69489,40.31537],[-4.69523,40.31529],[-4.69557,40.31526],[-4.69592,40.31529],[-4.69625,40.31537],[-4.69655,40.31549],[-4.69682,40.31566],[-4.69704,40.31587],[-4.69721,40.3161],[-4.69731,40.31636],[-4.69734,40.31662],[-4.69731,40.31689],[-4.69721,40.31714],[-4.69704,40.31737],[-4.69682,40.31758],[-4.69655,40.31775],[-4.69625,40.31787],[-4.69592,40.31795],[-4.69557,40.31798],[-4.69523,40.31795],[-4.69489,40.31787],[-4.69459,40.31775],[-4.69432,40.31758],[-4.6941,40.31737],[-4.69394,40.31714],[-4.69384,40.31689],[-4.6938,40.31662],[-4.69384,40.31636]]]},"properties":{"name":"Residencia El Bosque de Gredos","kind":"care_home","osm":"way/1192041733","lat":40.31662,"lon":-4.69557}},{"type":"Feature","id":"residencia-maravillas","geometry":{"type":"Polygon","coordinates":[[[-4.4341,40.30007],[-4.43421,40.29982],[-4.43437,40.29959],[-4.43459,40.29938],[-4.43486,40.29921],[-4.43516,40.29909],[-4.43549,40.29901],[-4.43584,40.29898],[-4.43619,40.29901],[-4.43652,40.29909],[-4.43682,40.29921],[-4.43709,40.29938],[-4.43731,40.29959],[-4.43747,40.29982],[-4.43758,40.30007],[-4.43761,40.30034],[-4.43758,40.3006],[-4.43747,40.30086],[-4.43731,40.30109],[-4.43709,40.3013],[-4.43682,40.30147],[-4.43652,40.30159],[-4.43619,40.30167],[-4.43584,40.3017],[-4.43549,40.30167],[-4.43516,40.30159],[-4.43486,40.30147],[-4.43459,40.3013],[-4.43437,40.30109],[-4.43421,40.30086],[-4.4341,40.3006],[-4.43407,40.30034],[-4.4341,40.30007]]]},"properties":{"name":"Residencia Maravillas","kind":"care_home","osm":"node/12822783636","lat":40.30034,"lon":-4.43584}},{"type":"Feature","id":"residencia-personas-mayores-de-la-cam","geometry":{"type":"Polygon","coordinates":[[[-4.40026,40.36441],[-4.40036,40.36416],[-4.40053,40.36392],[-4.40075,40.36372],[-4.40101,40.36355],[-4.40132,40.36342],[-4.40165,40.36335],[-4.402,40.36332],[-4.40234,40.36335],[-4.40267,40.36342],[-4.40298,40.36355],[-4.40325,40.36372],[-4.40347,40.36392],[-4.40363,40.36416],[-4.40373,40.36441],[-4.40377,40.36468],[-4.40373,40.36494],[-4.40363,40.3652],[-4.40347,40.36543],[-4.40325,40.36564],[-4.40298,40.36581],[-4.40267,40.36593],[-4.40234,40.36601],[-4.402,40.36603],[-4.40165,40.36601],[-4.40132,40.36593],[-4.40101,40.36581],[-4.40075,40.36564],[-4.40053,40.36543],[-4.40036,40.3652],[-4.40026,40.36494],[-4.40023,40.36468],[-4.40026,40.36441]]]},"properties":{"name":"Residencia Personas Mayores de la CAM","kind":"care_home","osm":"way/56135801","lat":40.36468,"lon":-4.402}},{"type":"Feature","id":"residencia-san-martin-de-tours","geometry":{"type":"Polygon","coordinates":[[[-4.40379,40.36038],[-4.40389,40.36012],[-4.40405,40.35989],[-4.40427,40.35968],[-4.40454,40.35951],[-4.40485,40.35939],[-4.40518,40.35931],[-4.40553,40.35928],[-4.40587,40.35931],[-4.4062,40.35939],[-4.40651,40.35951],[-4.40678,40.35968],[-4.407,40.35989],[-4.40716,40.36012],[-4.40726,40.36038],[-4.40729,40.36064],[-4.40726,40.36091],[-4.40716,40.36116],[-4.407,40.36139],[-4.40678,40.3616],[-4.40651,40.36177],[-4.4062,40.36189],[-4.40587,40.36197],[-4.40553,40.362],[-4.40518,40.36197],[-4.40485,40.36189],[-4.40454,40.36177],[-4.40427,40.3616],[-4.40405,40.36139],[-4.40389,40.36116],[-4.40379,40.36091],[-4.40376,40.36064],[-4.40379,40.36038]]]},"properties":{"name":"Residencia San Martín de Tours","kind":"care_home","osm":"way/59088857","lat":40.36064,"lon":-4.40553}},{"type":"Feature","id":"residencia-virgen-de-la-piedad","geometry":{"type":"Polygon","coordinates":[[[-4.63811,40.47423],[-4.63822,40.47397],[-4.63838,40.47374],[-4.6386,40.47353],[-4.63887,40.47336],[-4.63917,40.47324],[-4.6395,40.47316],[-4.63985,40.47313],[-4.6402,40.47316],[-4.64053,40.47324],[-4.64083,40.47336],[-4.6411,40.47353],[-4.64132,40.47374],[-4.64148,40.47397],[-4.64159,40.47423],[-4.64162,40.47449],[-4.64159,40.47476],[-4.64148,40.47501],[-4.64132,40.47525],[-4.6411,40.47545],[-4.64083,40.47562],[-4.64053,40.47574],[-4.6402,40.47582],[-4.63985,40.47585],[-4.6395,40.47582],[-4.63917,40.47574],[-4.63887,40.47562],[-4.6386,40.47545],[-4.63838,40.47525],[-4.63822,40.47501],[-4.63811,40.47476],[-4.63808,40.47449],[-4.63811,40.47423]]]},"properties":{"name":"Residencia Virgen de la Piedad","kind":"care_home","osm":"way/547421021","lat":40.47449,"lon":-4.63985}},{"type":"Feature","id":"centro-de-salud-de-burgohondo","geometry":{"type":"Polygon","coordinates":[[[-4.78237,40.41575],[-4.78247,40.4155],[-4.78264,40.41526],[-4.78286,40.41506],[-4.78312,40.41489],[-4.78343,40.41476],[-4.78376,40.41469],[-4.78411,40.41466],[-4.78445,40.41469],[-4.78478,40.41476],[-4.78509,40.41489],[-4.78536,40.41506],[-4.78558,40.41526],[-4.78574,40.4155],[-4.78584,40.41575],[-4.78588,40.41602],[-4.78584,40.41628],[-4.78574,40.41654],[-4.78558,40.41677],[-4.78536,40.41698],[-4.78509,40.41715],[-4.78478,40.41727],[-4.78445,40.41735],[-4.78411,40.41737],[-4.78376,40.41735],[-4.78343,40.41727],[-4.78312,40.41715],[-4.78286,40.41698],[-4.78264,40.41677],[-4.78247,40.41654],[-4.78237,40.41628],[-4.78234,40.41602],[-4.78237,40.41575]]]},"properties":{"name":"Centro de Salud de Burgohondo","kind":"health","osm":"way/1120463576","lat":40.41602,"lon":-4.78411}},{"type":"Feature","id":"centro-de-salud-de-cadalso-de-los-vidrios","geometry":{"type":"Polygon","coordinates":[[[-4.43572,40.30021],[-4.43582,40.29996],[-4.43598,40.29973],[-4.4362,40.29952],[-4.43647,40.29935],[-4.43678,40.29923],[-4.43711,40.29915],[-4.43745,40.29912],[-4.4378,40.29915],[-4.43813,40.29923],[-4.43844,40.29935],[-4.4387,40.29952],[-4.43892,40.29973],[-4.43909,40.29996],[-4.43919,40.30021],[-4.43922,40.30048],[-4.43919,40.30074],[-4.43909,40.301],[-4.43892,40.30123],[-4.4387,40.30144],[-4.43844,40.30161],[-4.43813,40.30173],[-4.4378,40.30181],[-4.43745,40.30184],[-4.43711,40.30181],[-4.43678,40.30173],[-4.43647,40.30161],[-4.4362,40.30144],[-4.43598,40.30123],[-4.43582,40.301],[-4.43572,40.30074],[-4.43568,40.30048],[-4.43572,40.30021]]]},"properties":{"name":"Centro de Salud de Cadalso de los Vidrios","kind":"health","osm":"relation/5721189","lat":40.30048,"lon":-4.43745}},{"type":"Feature","id":"centro-de-salud-de-cebreros","geometry":{"type":"Polygon","coordinates":[[[-4.46236,40.45886],[-4.46246,40.45861],[-4.46262,40.45837],[-4.46284,40.45817],[-4.46311,40.458],[-4.46341,40.45787],[-4.46375,40.4578],[-4.46409,40.45777],[-4.46444,40.4578],[-4.46477,40.45787],[-4.46507,40.458],[-4.46534,40.45817],[-4.46556,40.45837],[-4.46573,40.45861],[-4.46583,40.45886],[-4.46586,40.45913],[-4.46583,40.45939],[-4.46573,40.45965],[-4.46556,40.45988],[-4.46534,40.46009],[-4.46507,40.46026],[-4.46477,40.46038],[-4.46444,40.46046],[-4.46409,40.46048],[-4.46375,40.46046],[-4.46341,40.46038],[-4.46311,40.46026],[-4.46284,40.46009],[-4.46262,40.45988],[-4.46246,40.45965],[-4.46236,40.45939],[-4.46232,40.45913],[-4.46236,40.45886]]]},"properties":{"name":"Centro de Salud de Cebreros","kind":"health","osm":"way/239788743","lat":40.45913,"lon":-4.46409}},{"type":"Feature","id":"centro-de-salud-san-martin-de-valdeiglesias","geometry":{"type":"Polygon","coordinates":[[[-4.39933,40.3644],[-4.39943,40.36414],[-4.39959,40.36391],[-4.39981,40.3637],[-4.40008,40.36354],[-4.40039,40.36341],[-4.40072,40.36333],[-4.40106,40.36331],[-4.40141,40.36333],[-4.40174,40.36341],[-4.40205,40.36354],[-4.40231,40.3637],[-4.40253,40.36391],[-4.4027,40.36414],[-4.4028,40.3644],[-4.40283,40.36466],[-4.4028,40.36493],[-4.4027,40.36518],[-4.40253,40.36542],[-4.40231,40.36562],[-4.40205,40.36579],[-4.40174,40.36592],[-4.40141,40.36599],[-4.40106,40.36602],[-4.40072,40.36599],[-4.40039,40.36592],[-4.40008,40.36579],[-4.39981,40.36562],[-4.39959,40.36542],[-4.39943,40.36518],[-4.39933,40.36493],[-4.39929,40.36466],[-4.39933,40.3644]]]},"properties":{"name":"Centro de Salud San Martín de Valdeiglesias","kind":"health","osm":"way/56135784","lat":40.36466,"lon":-4.40106}},{"type":"Feature","id":"clinica-san-antonio","geometry":{"type":"Polygon","coordinates":[[[-4.49516,40.41149],[-4.49526,40.41123],[-4.49543,40.411],[-4.49565,40.41079],[-4.49592,40.41062],[-4.49622,40.4105],[-4.49655,40.41042],[-4.4969,40.41039],[-4.49724,40.41042],[-4.49758,40.4105],[-4.49788,40.41062],[-4.49815,40.41079],[-4.49837,40.411],[-4.49853,40.41123],[-4.49863,40.41149],[-4.49867,40.41175],[-4.49863,40.41202],[-4.49853,40.41227],[-4.49837,40.4125],[-4.49815,40.41271],[-4.49788,40.41288],[-4.49758,40.413],[-4.49724,40.41308],[-4.4969,40.41311],[-4.49655,40.41308],[-4.49622,40.413],[-4.49592,40.41288],[-4.49565,40.41271],[-4.49543,40.4125],[-4.49526,40.41227],[-4.49516,40.41202],[-4.49513,40.41175],[-4.49516,40.41149]]]},"properties":{"name":"Clínica San Antonio","kind":"health","osm":"node/4795151828","lat":40.41175,"lon":-4.4969}},{"type":"Feature","id":"consultorio-de-atencion-primaria-de-casillas","geometry":{"type":"Polygon","coordinates":[[[-4.57202,40.32394],[-4.57212,40.32369],[-4.57228,40.32345],[-4.57251,40.32325],[-4.57277,40.32308],[-4.57308,40.32295],[-4.57341,40.32288],[-4.57376,40.32285],[-4.5741,40.32288],[-4.57443,40.32295],[-4.57474,40.32308],[-4.57501,40.32325],[-4.57523,40.32345],[-4.57539,40.32369],[-4.57549,40.32394],[-4.57553,40.32421],[-4.57549,40.32447],[-4.57539,40.32473],[-4.57523,40.32496],[-4.57501,40.32517],[-4.57474,40.32533],[-4.57443,40.32546],[-4.5741,40.32554],[-4.57376,40.32556],[-4.57341,40.32554],[-4.57308,40.32546],[-4.57277,40.32533],[-4.57251,40.32517],[-4.57228,40.32496],[-4.57212,40.32473],[-4.57202,40.32447],[-4.57199,40.32421],[-4.57202,40.32394]]]},"properties":{"name":"Consultorio de atención primaria de Casillas","kind":"health","osm":"node/9886183888","lat":40.32421,"lon":-4.57376}},{"type":"Feature","id":"consultorio-de-atencion-primaria-de-el-barraco","geometry":{"type":"Polygon","coordinates":[[[-4.63862,40.47555],[-4.63872,40.4753],[-4.63888,40.47506],[-4.6391,40.47486],[-4.63937,40.47469],[-4.63968,40.47456],[-4.64001,40.47449],[-4.64035,40.47446],[-4.6407,40.47449],[-4.64103,40.47456],[-4.64134,40.47469],[-4.64161,40.47486],[-4.64183,40.47506],[-4.64199,40.4753],[-4.64209,40.47555],[-4.64212,40.47582],[-4.64209,40.47608],[-4.64199,40.47634],[-4.64183,40.47657],[-4.64161,40.47678],[-4.64134,40.47694],[-4.64103,40.47707],[-4.6407,40.47715],[-4.64035,40.47717],[-4.64001,40.47715],[-4.63968,40.47707],[-4.63937,40.47694],[-4.6391,40.47678],[-4.63888,40.47657],[-4.63872,40.47634],[-4.63862,40.47608],[-4.63858,40.47582],[-4.63862,40.47555]]]},"properties":{"name":"Consultorio de atención primaria de El Barraco","kind":"health","osm":"way/544171814","lat":40.47582,"lon":-4.64035}},{"type":"Feature","id":"consultorio-de-atencion-primaria-de-el-tiemblo","geometry":{"type":"Polygon","coordinates":[[[-4.49611,40.41512],[-4.49621,40.41487],[-4.49637,40.41463],[-4.49659,40.41443],[-4.49686,40.41426],[-4.49717,40.41413],[-4.4975,40.41405],[-4.49784,40.41403],[-4.49819,40.41405],[-4.49852,40.41413],[-4.49883,40.41426],[-4.49909,40.41443],[-4.49931,40.41463],[-4.49948,40.41487],[-4.49958,40.41512],[-4.49961,40.41538],[-4.49958,40.41565],[-4.49948,40.4159],[-4.49931,40.41614],[-4.49909,40.41634],[-4.49883,40.41651],[-4.49852,40.41664],[-4.49819,40.41672],[-4.49784,40.41674],[-4.4975,40.41672],[-4.49717,40.41664],[-4.49686,40.41651],[-4.49659,40.41634],[-4.49637,40.41614],[-4.49621,40.4159],[-4.49611,40.41565],[-4.49607,40.41538],[-4.49611,40.41512]]]},"properties":{"name":"Consultorio de atención primaria de El Tiemblo","kind":"health","osm":"node/5582810192","lat":40.41538,"lon":-4.49784}},{"type":"Feature","id":"consultorio-de-atencion-primaria-de-la-adrada","geometry":{"type":"Polygon","coordinates":[[[-4.63534,40.30119],[-4.63544,40.30094],[-4.6356,40.3007],[-4.63582,40.3005],[-4.63609,40.30033],[-4.63639,40.3002],[-4.63673,40.30012],[-4.63707,40.3001],[-4.63742,40.30012],[-4.63775,40.3002],[-4.63805,40.30033],[-4.63832,40.3005],[-4.63854,40.3007],[-4.63871,40.30094],[-4.63881,40.30119],[-4.63884,40.30146],[-4.63881,40.30172],[-4.63871,40.30197],[-4.63854,40.30221],[-4.63832,40.30241],[-4.63805,40.30258],[-4.63775,40.30271],[-4.63742,40.30279],[-4.63707,40.30281],[-4.63673,40.30279],[-4.63639,40.30271],[-4.63609,40.30258],[-4.63582,40.30241],[-4.6356,40.30221],[-4.63544,40.30197],[-4.63534,40.30172],[-4.6353,40.30146],[-4.63534,40.30119]]]},"properties":{"name":"Consultorio de atención primaria de La Adrada","kind":"health","osm":"node/9879359842","lat":40.30146,"lon":-4.63707}},{"type":"Feature","id":"consultorio-de-atencion-primaria-de-navalmoral-de-la-sierra","geometry":{"type":"Polygon","coordinates":[[[-4.76483,40.46002],[-4.76493,40.45976],[-4.76509,40.45953],[-4.76531,40.45932],[-4.76558,40.45916],[-4.76588,40.45903],[-4.76622,40.45895],[-4.76656,40.45893],[-4.76691,40.45895],[-4.76724,40.45903],[-4.76754,40.45916],[-4.76781,40.45932],[-4.76803,40.45953],[-4.7682,40.45976],[-4.7683,40.46002],[-4.76833,40.46028],[-4.7683,40.46055],[-4.7682,40.4608],[-4.76803,40.46104],[-4.76781,40.46124],[-4.76754,40.46141],[-4.76724,40.46154],[-4.76691,40.46161],[-4.76656,40.46164],[-4.76622,40.46161],[-4.76588,40.46154],[-4.76558,40.46141],[-4.76531,40.46124],[-4.76509,40.46104],[-4.76493,40.4608],[-4.76483,40.46055],[-4.76479,40.46028],[-4.76483,40.46002]]]},"properties":{"name":"Consultorio de atención primaria de Navalmoral de la Sierra","kind":"health","osm":"node/7656938817","lat":40.46028,"lon":-4.76656}},{"type":"Feature","id":"consultorio-de-atencion-primaria-de-piedralaves","geometry":{"type":"Polygon","coordinates":[[[-4.69932,40.31598],[-4.69942,40.31572],[-4.69958,40.31549],[-4.6998,40.31528],[-4.70007,40.31511],[-4.70037,40.31499],[-4.70071,40.31491],[-4.70105,40.31488],[-4.7014,40.31491],[-4.70173,40.31499],[-4.70203,40.31511],[-4.7023,40.31528],[-4.70252,40.31549],[-4.70269,40.31572],[-4.70279,40.31598],[-4.70282,40.31624],[-4.70279,40.3165],[-4.70269,40.31676],[-4.70252,40.31699],[-4.7023,40.3172],[-4.70203,40.31737],[-4.70173,40.31749],[-4.7014,40.31757],[-4.70105,40.3176],[-4.70071,40.31757],[-4.70037,40.31749],[-4.70007,40.31737],[-4.6998,40.3172],[-4.69958,40.31699],[-4.69942,40.31676],[-4.69932,40.3165],[-4.69928,40.31624],[-4.69932,40.31598]]]},"properties":{"name":"Consultorio de atención primaria de Piedralaves","kind":"health","osm":"way/415374702","lat":40.31624,"lon":-4.70105}},{"type":"Feature","id":"consultorio-de-atencion-primaria-de-san-juan-del-molinillo","geometry":{"type":"Polygon","coordinates":[[[-4.81581,40.45795],[-4.81591,40.45769],[-4.81607,40.45746],[-4.81629,40.45725],[-4.81656,40.45709],[-4.81686,40.45696],[-4.8172,40.45688],[-4.81754,40.45686],[-4.81789,40.45688],[-4.81822,40.45696],[-4.81852,40.45709],[-4.81879,40.45725],[-4.81901,40.45746],[-4.81918,40.45769],[-4.81928,40.45795],[-4.81931,40.45821],[-4.81928,40.45848],[-4.81918,40.45873],[-4.81901,40.45897],[-4.81879,40.45917],[-4.81852,40.45934],[-4.81822,40.45947],[-4.81789,40.45954],[-4.81754,40.45957],[-4.8172,40.45954],[-4.81686,40.45947],[-4.81656,40.45934],[-4.81629,40.45917],[-4.81607,40.45897],[-4.81591,40.45873],[-4.81581,40.45848],[-4.81577,40.45821],[-4.81581,40.45795]]]},"properties":{"name":"Consultorio de atención primaria de San Juan del Molinillo","kind":"health","osm":"node/7868746584","lat":40.45821,"lon":-4.81754}},{"type":"Feature","id":"consultorio-de-atencion-primaria-de-santa-maria-del-tietar","geometry":{"type":"Polygon","coordinates":[[[-4.55075,40.30239],[-4.55085,40.30214],[-4.55101,40.3019],[-4.55123,40.3017],[-4.5515,40.30153],[-4.55181,40.3014],[-4.55214,40.30133],[-4.55249,40.3013],[-4.55283,40.30133],[-4.55316,40.3014],[-4.55347,40.30153],[-4.55374,40.3017],[-4.55396,40.3019],[-4.55412,40.30214],[-4.55422,40.30239],[-4.55426,40.30266],[-4.55422,40.30292],[-4.55412,40.30317],[-4.55396,40.30341],[-4.55374,40.30361],[-4.55347,40.30378],[-4.55316,40.30391],[-4.55283,40.30399],[-4.55249,40.30401],[-4.55214,40.30399],[-4.55181,40.30391],[-4.5515,40.30378],[-4.55123,40.30361],[-4.55101,40.30341],[-4.55085,40.30317],[-4.55075,40.30292],[-4.55072,40.30266],[-4.55075,40.30239]]]},"properties":{"name":"Consultorio de atención primaria de Santa María del Tiétar","kind":"health","osm":"node/9884894770","lat":40.30266,"lon":-4.55249}},{"type":"Feature","id":"consultorio-de-atencion-primaria-de-villanueva-de-avila","geometry":{"type":"Polygon","coordinates":[[[-4.82034,40.37824],[-4.82044,40.37798],[-4.82061,40.37775],[-4.82083,40.37754],[-4.8211,40.37737],[-4.8214,40.37725],[-4.82173,40.37717],[-4.82208,40.37714],[-4.82242,40.37717],[-4.82276,40.37725],[-4.82306,40.37737],[-4.82333,40.37754],[-4.82355,40.37775],[-4.82371,40.37798],[-4.82381,40.37824],[-4.82385,40.3785],[-4.82381,40.37877],[-4.82371,40.37902],[-4.82355,40.37925],[-4.82333,40.37946],[-4.82306,40.37963],[-4.82276,40.37975],[-4.82242,40.37983],[-4.82208,40.37986],[-4.82173,40.37983],[-4.8214,40.37975],[-4.8211,40.37963],[-4.82083,40.37946],[-4.82061,40.37925],[-4.82044,40.37902],[-4.82034,40.37877],[-4.82031,40.3785],[-4.82034,40.37824]]]},"properties":{"name":"Consultorio de atención primaria de Villanueva de Ávila","kind":"health","osm":"node/7891510945","lat":40.3785,"lon":-4.82208}},{"type":"Feature","id":"consultorio-local","geometry":{"type":"Polygon","coordinates":[[[-4.49072,40.31021],[-4.49082,40.30995],[-4.49099,40.30972],[-4.49121,40.30951],[-4.49148,40.30934],[-4.49178,40.30922],[-4.49211,40.30914],[-4.49246,40.30912],[-4.4928,40.30914],[-4.49314,40.30922],[-4.49344,40.30934],[-4.49371,40.30951],[-4.49393,40.30972],[-4.49409,40.30995],[-4.49419,40.31021],[-4.49423,40.31047],[-4.49419,40.31074],[-4.49409,40.31099],[-4.49393,40.31123],[-4.49371,40.31143],[-4.49344,40.3116],[-4.49314,40.31173],[-4.4928,40.3118],[-4.49246,40.31183],[-4.49211,40.3118],[-4.49178,40.31173],[-4.49148,40.3116],[-4.49121,40.31143],[-4.49099,40.31123],[-4.49082,40.31099],[-4.49072,40.31074],[-4.49069,40.31047],[-4.49072,40.31021]]]},"properties":{"name":"Consultorio Local","kind":"health","osm":"way/778378142","lat":40.31047,"lon":-4.49246}},{"type":"Feature","id":"consultorio-medico-de-navaluenga","geometry":{"type":"Polygon","coordinates":[[[-4.70357,40.41104],[-4.70367,40.41079],[-4.70383,40.41055],[-4.70405,40.41035],[-4.70432,40.41018],[-4.70463,40.41005],[-4.70496,40.40998],[-4.7053,40.40995],[-4.70565,40.40998],[-4.70598,40.41005],[-4.70629,40.41018],[-4.70655,40.41035],[-4.70677,40.41055],[-4.70694,40.41079],[-4.70704,40.41104],[-4.70707,40.41131],[-4.70704,40.41157],[-4.70694,40.41183],[-4.70677,40.41206],[-4.70655,40.41227],[-4.70629,40.41243],[-4.70598,40.41256],[-4.70565,40.41264],[-4.7053,40.41266],[-4.70496,40.41264],[-4.70463,40.41256],[-4.70432,40.41243],[-4.70405,40.41227],[-4.70383,40.41206],[-4.70367,40.41183],[-4.70357,40.41157],[-4.70353,40.41131],[-4.70357,40.41104]]]},"properties":{"name":"Consultorio Médico de Navaluenga","kind":"health","osm":"way/332493498","lat":40.41131,"lon":-4.7053}},{"type":"Feature","id":"centro-privado-de-educacion-primaria-y-secundaria-seminario-arzobispal-la-inmaculada-y-san-damaso","geometry":{"type":"Polygon","coordinates":[[[-4.51237,40.31227],[-4.51247,40.31201],[-4.51263,40.31178],[-4.51285,40.31157],[-4.51312,40.3114],[-4.51343,40.31128],[-4.51376,40.3112],[-4.5141,40.31117],[-4.51445,40.3112],[-4.51478,40.31128],[-4.51509,40.3114],[-4.51536,40.31157],[-4.51558,40.31178],[-4.51574,40.31201],[-4.51584,40.31227],[-4.51587,40.31253],[-4.51584,40.3128],[-4.51574,40.31305],[-4.51558,40.31329],[-4.51536,40.31349],[-4.51509,40.31366],[-4.51478,40.31378],[-4.51445,40.31386],[-4.5141,40.31389],[-4.51376,40.31386],[-4.51343,40.31378],[-4.51312,40.31366],[-4.51285,40.31349],[-4.51263,40.31329],[-4.51247,40.31305],[-4.51237,40.3128],[-4.51233,40.31253],[-4.51237,40.31227]]]},"properties":{"name":"Centro Privado de Educación Primaria y Secundaria Seminario Arzobispal la Inmaculada y San Dámaso","kind":"school","osm":"node/266168377","lat":40.31253,"lon":-4.5141}},{"type":"Feature","id":"colegio-de-educacion-infantil-primaria-y-secundaria-eugenio-muro","geometry":{"type":"Polygon","coordinates":[[[-4.45069,40.30254],[-4.45079,40.30228],[-4.45096,40.30205],[-4.45118,40.30184],[-4.45144,40.30168],[-4.45175,40.30155],[-4.45208,40.30147],[-4.45243,40.30145],[-4.45277,40.30147],[-4.4531,40.30155],[-4.45341,40.30168],[-4.45368,40.30184],[-4.4539,40.30205],[-4.45406,40.30228],[-4.45416,40.30254],[-4.4542,40.3028],[-4.45416,40.30307],[-4.45406,40.30332],[-4.4539,40.30356],[-4.45368,40.30376],[-4.45341,40.30393],[-4.4531,40.30406],[-4.45277,40.30413],[-4.45243,40.30416],[-4.45208,40.30413],[-4.45175,40.30406],[-4.45144,40.30393],[-4.45118,40.30376],[-4.45096,40.30356],[-4.45079,40.30332],[-4.45069,40.30307],[-4.45066,40.3028],[-4.45069,40.30254]]]},"properties":{"name":"Colegio de Educación Infantil, Primaria y Secundaria Eugenio Muro","kind":"school","osm":"node/266167266","lat":40.3028,"lon":-4.45243}},{"type":"Feature","id":"colegio-de-educacion-infantil-y-primaria-carlos-ruiz","geometry":{"type":"Polygon","coordinates":[[[-4.49104,40.31036],[-4.49114,40.31011],[-4.4913,40.30988],[-4.49152,40.30967],[-4.49179,40.3095],[-4.4921,40.30938],[-4.49243,40.3093],[-4.49278,40.30927],[-4.49312,40.3093],[-4.49345,40.30938],[-4.49376,40.3095],[-4.49403,40.30967],[-4.49425,40.30988],[-4.49441,40.31011],[-4.49451,40.31036],[-4.49454,40.31063],[-4.49451,40.31089],[-4.49441,40.31115],[-4.49425,40.31138],[-4.49403,40.31159],[-4.49376,40.31176],[-4.49345,40.31188],[-4.49312,40.31196],[-4.49278,40.31199],[-4.49243,40.31196],[-4.4921,40.31188],[-4.49179,40.31176],[-4.49152,40.31159],[-4.4913,40.31138],[-4.49114,40.31115],[-4.49104,40.31089],[-4.49101,40.31063],[-4.49104,40.31036]]]},"properties":{"name":"Colegio de Educación Infantil y Primaria Carlos Ruiz","kind":"school","osm":"node/266169847","lat":40.31063,"lon":-4.49278}},{"type":"Feature","id":"colegio-de-educacion-infantil-y-primaria-san-eugenio-muro","geometry":{"type":"Polygon","coordinates":[[[-4.45056,40.30255],[-4.45066,40.3023],[-4.45082,40.30206],[-4.45104,40.30186],[-4.45131,40.30169],[-4.45162,40.30156],[-4.45195,40.30148],[-4.45229,40.30146],[-4.45264,40.30148],[-4.45297,40.30156],[-4.45328,40.30169],[-4.45355,40.30186],[-4.45377,40.30206],[-4.45393,40.3023],[-4.45403,40.30255],[-4.45406,40.30282],[-4.45403,40.30308],[-4.45393,40.30333],[-4.45377,40.30357],[-4.45355,40.30377],[-4.45328,40.30394],[-4.45297,40.30407],[-4.45264,40.30415],[-4.45229,40.30417],[-4.45195,40.30415],[-4.45162,40.30407],[-4.45131,40.30394],[-4.45104,40.30377],[-4.45082,40.30357],[-4.45066,40.30333],[-4.45056,40.30308],[-4.45052,40.30282],[-4.45056,40.30255]]]},"properties":{"name":"Colegio de Educación Infantil y Primaria San Eugenio Muro","kind":"school","osm":"way/225691490","lat":40.30282,"lon":-4.45229}},{"type":"Feature","id":"colegio-de-educacion-infantil-y-primaria-san-martin-de-tours","geometry":{"type":"Polygon","coordinates":[[[-4.40399,40.36667],[-4.40409,40.36642],[-4.40425,40.36618],[-4.40447,40.36598],[-4.40474,40.36581],[-4.40505,40.36568],[-4.40538,40.3656],[-4.40572,40.36558],[-4.40607,40.3656],[-4.4064,40.36568],[-4.40671,40.36581],[-4.40698,40.36598],[-4.4072,40.36618],[-4.40736,40.36642],[-4.40746,40.36667],[-4.40749,40.36694],[-4.40746,40.3672],[-4.40736,40.36745],[-4.4072,40.36769],[-4.40698,40.36789],[-4.40671,40.36806],[-4.4064,40.36819],[-4.40607,40.36827],[-4.40572,40.36829],[-4.40538,40.36827],[-4.40505,40.36819],[-4.40474,40.36806],[-4.40447,40.36789],[-4.40425,40.36769],[-4.40409,40.36745],[-4.40399,40.3672],[-4.40395,40.36694],[-4.40399,40.36667]]]},"properties":{"name":"Colegio de Educación Infantil y Primaria San Martín de Tours","kind":"school","osm":"way/225345504","lat":40.36694,"lon":-4.40572}},{"type":"Feature","id":"colegio-de-educacion-infantil-y-primaria-toros-de-guisando","geometry":{"type":"Polygon","coordinates":[[[-4.5012,40.41416],[-4.5013,40.41391],[-4.50147,40.41367],[-4.50169,40.41347],[-4.50196,40.4133],[-4.50226,40.41317],[-4.50259,40.4131],[-4.50294,40.41307],[-4.50328,40.4131],[-4.50362,40.41317],[-4.50392,40.4133],[-4.50419,40.41347],[-4.50441,40.41367],[-4.50457,40.41391],[-4.50467,40.41416],[-4.50471,40.41443],[-4.50467,40.41469],[-4.50457,40.41495],[-4.50441,40.41518],[-4.50419,40.41539],[-4.50392,40.41556],[-4.50362,40.41568],[-4.50328,40.41576],[-4.50294,40.41578],[-4.50259,40.41576],[-4.50226,40.41568],[-4.50196,40.41556],[-4.50169,40.41539],[-4.50147,40.41518],[-4.5013,40.41495],[-4.5012,40.41469],[-4.50117,40.41443],[-4.5012,40.41416]]]},"properties":{"name":"Colegio de Educación Infantil y Primaria Toros de Guisando","kind":"school","osm":"way/694712992","lat":40.41443,"lon":-4.50294}},{"type":"Feature","id":"colegio-de-educacion-infantil-y-primaria-virgen-de-la-nueva","geometry":{"type":"Polygon","coordinates":[[[-4.39828,40.36405],[-4.39838,40.36379],[-4.39855,40.36356],[-4.39877,40.36335],[-4.39904,40.36318],[-4.39934,40.36306],[-4.39967,40.36298],[-4.40002,40.36295],[-4.40036,40.36298],[-4.4007,40.36306],[-4.401,40.36318],[-4.40127,40.36335],[-4.40149,40.36356],[-4.40165,40.36379],[-4.40175,40.36405],[-4.40179,40.36431],[-4.40175,40.36458],[-4.40165,40.36483],[-4.40149,40.36506],[-4.40127,40.36527],[-4.401,40.36544],[-4.4007,40.36556],[-4.40036,40.36564],[-4.40002,40.36567],[-4.39967,40.36564],[-4.39934,40.36556],[-4.39904,40.36544],[-4.39877,40.36527],[-4.39855,40.36506],[-4.39838,40.36483],[-4.39828,40.36458],[-4.39825,40.36431],[-4.39828,40.36405]]]},"properties":{"name":"Colegio de Educación Infantil y Primaria Virgen de la Nueva","kind":"school","osm":"way/56068162","lat":40.36431,"lon":-4.40002}},{"type":"Feature","id":"colegio-publico-ensenanza-primaria-moreno-espinosa","geometry":{"type":"Polygon","coordinates":[[[-4.46268,40.45778],[-4.46278,40.45752],[-4.46294,40.45729],[-4.46316,40.45708],[-4.46343,40.45691],[-4.46374,40.45679],[-4.46407,40.45671],[-4.46442,40.45668],[-4.46476,40.45671],[-4.46509,40.45679],[-4.4654,40.45691],[-4.46567,40.45708],[-4.46589,40.45729],[-4.46605,40.45752],[-4.46615,40.45778],[-4.46618,40.45804],[-4.46615,40.4583],[-4.46605,40.45856],[-4.46589,40.45879],[-4.46567,40.459],[-4.4654,40.45917],[-4.46509,40.45929],[-4.46476,40.45937],[-4.46442,40.4594],[-4.46407,40.45937],[-4.46374,40.45929],[-4.46343,40.45917],[-4.46316,40.459],[-4.46294,40.45879],[-4.46278,40.45856],[-4.46268,40.4583],[-4.46265,40.45804],[-4.46268,40.45778]]]},"properties":{"name":"Colegio Público Enseñanza Primaria Moreno Espinosa","kind":"school","osm":"way/239788703","lat":40.45804,"lon":-4.46442}},{"type":"Feature","id":"colegio-publico-moreno-espinosa","geometry":{"type":"Polygon","coordinates":[[[-4.46042,40.45636],[-4.46052,40.4561],[-4.46069,40.45587],[-4.46091,40.45566],[-4.46118,40.45549],[-4.46148,40.45537],[-4.46181,40.45529],[-4.46216,40.45527],[-4.4625,40.45529],[-4.46284,40.45537],[-4.46314,40.45549],[-4.46341,40.45566],[-4.46363,40.45587],[-4.46379,40.4561],[-4.46389,40.45636],[-4.46393,40.45662],[-4.46389,40.45689],[-4.46379,40.45714],[-4.46363,40.45738],[-4.46341,40.45758],[-4.46314,40.45775],[-4.46284,40.45788],[-4.4625,40.45795],[-4.46216,40.45798],[-4.46181,40.45795],[-4.46148,40.45788],[-4.46118,40.45775],[-4.46091,40.45758],[-4.46069,40.45738],[-4.46052,40.45714],[-4.46042,40.45689],[-4.46039,40.45662],[-4.46042,40.45636]]]},"properties":{"name":"Colegio Público Moreno Espinosa","kind":"school","osm":"way/239852346","lat":40.45662,"lon":-4.46216}},{"type":"Feature","id":"colegio-publico-san-juan-de-la-cruz","geometry":{"type":"Polygon","coordinates":[[[-4.70564,40.31385],[-4.70574,40.31359],[-4.7059,40.31336],[-4.70612,40.31315],[-4.70639,40.31298],[-4.7067,40.31286],[-4.70703,40.31278],[-4.70737,40.31275],[-4.70772,40.31278],[-4.70805,40.31286],[-4.70836,40.31298],[-4.70862,40.31315],[-4.70884,40.31336],[-4.70901,40.31359],[-4.70911,40.31385],[-4.70914,40.31411],[-4.70911,40.31438],[-4.70901,40.31463],[-4.70884,40.31486],[-4.70862,40.31507],[-4.70836,40.31524],[-4.70805,40.31536],[-4.70772,40.31544],[-4.70737,40.31547],[-4.70703,40.31544],[-4.7067,40.31536],[-4.70639,40.31524],[-4.70612,40.31507],[-4.7059,40.31486],[-4.70574,40.31463],[-4.70564,40.31438],[-4.7056,40.31411],[-4.70564,40.31385]]]},"properties":{"name":"Colegio Público San Juan de la Cruz","kind":"school","osm":"way/448780264","lat":40.31411,"lon":-4.70737}},{"type":"Feature","id":"colegio-publico-santa-teresa-de-jesus","geometry":{"type":"Polygon","coordinates":[[[-4.6395,40.47528],[-4.6396,40.47502],[-4.63976,40.47479],[-4.63998,40.47458],[-4.64025,40.47441],[-4.64056,40.47429],[-4.64089,40.47421],[-4.64123,40.47418],[-4.64158,40.47421],[-4.64191,40.47429],[-4.64222,40.47441],[-4.64249,40.47458],[-4.64271,40.47479],[-4.64287,40.47502],[-4.64297,40.47528],[-4.643,40.47554],[-4.64297,40.47581],[-4.64287,40.47606],[-4.64271,40.47629],[-4.64249,40.4765],[-4.64222,40.47667],[-4.64191,40.47679],[-4.64158,40.47687],[-4.64123,40.4769],[-4.64089,40.47687],[-4.64056,40.47679],[-4.64025,40.47667],[-4.63998,40.4765],[-4.63976,40.47629],[-4.6396,40.47606],[-4.6395,40.47581],[-4.63947,40.47554],[-4.6395,40.47528]]]},"properties":{"name":"Colegio Público Santa Teresa de Jesús","kind":"school","osm":"way/544171811","lat":40.47554,"lon":-4.64123}},{"type":"Feature","id":"colegio-santisima-trinidad","geometry":{"type":"Polygon","coordinates":[[[-4.50025,40.41683],[-4.50035,40.41658],[-4.50051,40.41634],[-4.50073,40.41614],[-4.501,40.41597],[-4.50131,40.41584],[-4.50164,40.41576],[-4.50198,40.41574],[-4.50233,40.41576],[-4.50266,40.41584],[-4.50297,40.41597],[-4.50323,40.41614],[-4.50345,40.41634],[-4.50362,40.41658],[-4.50372,40.41683],[-4.50375,40.4171],[-4.50372,40.41736],[-4.50362,40.41761],[-4.50345,40.41785],[-4.50323,40.41805],[-4.50297,40.41822],[-4.50266,40.41835],[-4.50233,40.41843],[-4.50198,40.41845],[-4.50164,40.41843],[-4.50131,40.41835],[-4.501,40.41822],[-4.50073,40.41805],[-4.50051,40.41785],[-4.50035,40.41761],[-4.50025,40.41736],[-4.50021,40.4171],[-4.50025,40.41683]]]},"properties":{"name":"Colegio Santísima Trinidad","kind":"school","osm":"way/1445459249","lat":40.4171,"lon":-4.50198}},{"type":"Feature","id":"colegio-villa-de-la-adrada","geometry":{"type":"Polygon","coordinates":[[[-4.63375,40.29969],[-4.63385,40.29944],[-4.63401,40.29921],[-4.63423,40.299],[-4.6345,40.29883],[-4.63481,40.29871],[-4.63514,40.29863],[-4.63548,40.2986],[-4.63583,40.29863],[-4.63616,40.29871],[-4.63647,40.29883],[-4.63674,40.299],[-4.63696,40.29921],[-4.63712,40.29944],[-4.63722,40.29969],[-4.63725,40.29996],[-4.63722,40.30022],[-4.63712,40.30048],[-4.63696,40.30071],[-4.63674,40.30092],[-4.63647,40.30109],[-4.63616,40.30121],[-4.63583,40.30129],[-4.63548,40.30132],[-4.63514,40.30129],[-4.63481,40.30121],[-4.6345,40.30109],[-4.63423,40.30092],[-4.63401,40.30071],[-4.63385,40.30048],[-4.63375,40.30022],[-4.63371,40.29996],[-4.63375,40.29969]]]},"properties":{"name":"Colegio Villa de La Adrada","kind":"school","osm":"way/323899765","lat":40.29996,"lon":-4.63548}},{"type":"Feature","id":"cp-las-rubieras","geometry":{"type":"Polygon","coordinates":[[[-4.70348,40.41156],[-4.70358,40.4113],[-4.70375,40.41107],[-4.70397,40.41086],[-4.70424,40.41069],[-4.70454,40.41057],[-4.70487,40.41049],[-4.70522,40.41046],[-4.70556,40.41049],[-4.7059,40.41057],[-4.7062,40.41069],[-4.70647,40.41086],[-4.70669,40.41107],[-4.70685,40.4113],[-4.70695,40.41156],[-4.70699,40.41182],[-4.70695,40.41208],[-4.70685,40.41234],[-4.70669,40.41257],[-4.70647,40.41278],[-4.7062,40.41295],[-4.7059,40.41307],[-4.70556,40.41315],[-4.70522,40.41318],[-4.70487,40.41315],[-4.70454,40.41307],[-4.70424,40.41295],[-4.70397,40.41278],[-4.70375,40.41257],[-4.70358,40.41234],[-4.70348,40.41208],[-4.70345,40.41182],[-4.70348,40.41156]]]},"properties":{"name":"CP Las Rubieras","kind":"school","osm":"way/332490433","lat":40.41182,"lon":-4.70522}},{"type":"Feature","id":"equipo-de-orientacion-educativa-y-psicopedagogica-atencion-temprana-san-martin-de-valdeiglesias","geometry":{"type":"Polygon","coordinates":[[[-4.40134,40.36065],[-4.40144,40.3604],[-4.4016,40.36016],[-4.40182,40.35996],[-4.40209,40.35979],[-4.4024,40.35966],[-4.40273,40.35958],[-4.40307,40.35956],[-4.40342,40.35958],[-4.40375,40.35966],[-4.40406,40.35979],[-4.40432,40.35996],[-4.40454,40.36016],[-4.40471,40.3604],[-4.40481,40.36065],[-4.40484,40.36091],[-4.40481,40.36118],[-4.40471,40.36143],[-4.40454,40.36167],[-4.40432,40.36187],[-4.40406,40.36204],[-4.40375,40.36217],[-4.40342,40.36225],[-4.40307,40.36227],[-4.40273,40.36225],[-4.4024,40.36217],[-4.40209,40.36204],[-4.40182,40.36187],[-4.4016,40.36167],[-4.40144,40.36143],[-4.40134,40.36118],[-4.4013,40.36091],[-4.40134,40.36065]]]},"properties":{"name":"Equipo de Orientación Educativa y Psicopedagógica Atención Temprana San Martín de Valdeiglesias","kind":"school","osm":"node/266172008","lat":40.36091,"lon":-4.40307}},{"type":"Feature","id":"escuela-infantil-el-olivar","geometry":{"type":"Polygon","coordinates":[[[-4.39881,40.35847],[-4.39891,40.35821],[-4.39907,40.35798],[-4.39929,40.35777],[-4.39956,40.35761],[-4.39987,40.35748],[-4.4002,40.3574],[-4.40054,40.35738],[-4.40089,40.3574],[-4.40122,40.35748],[-4.40153,40.35761],[-4.4018,40.35777],[-4.40202,40.35798],[-4.40218,40.35821],[-4.40228,40.35847],[-4.40231,40.35873],[-4.40228,40.359],[-4.40218,40.35925],[-4.40202,40.35949],[-4.4018,40.35969],[-4.40153,40.35986],[-4.40122,40.35999],[-4.40089,40.36006],[-4.40054,40.36009],[-4.4002,40.36006],[-4.39987,40.35999],[-4.39956,40.35986],[-4.39929,40.35969],[-4.39907,40.35949],[-4.39891,40.35925],[-4.39881,40.359],[-4.39877,40.35873],[-4.39881,40.35847]]]},"properties":{"name":"Escuela Infantil El Olivar","kind":"school","osm":"node/266171866","lat":40.35873,"lon":-4.40054}},{"type":"Feature","id":"escuela-oficial-de-idiomas-de-san-martin-de-valdeiglesias","geometry":{"type":"Polygon","coordinates":[[[-4.40133,40.36048],[-4.40143,40.36022],[-4.4016,40.35999],[-4.40182,40.35978],[-4.40208,40.35962],[-4.40239,40.35949],[-4.40272,40.35941],[-4.40307,40.35939],[-4.40341,40.35941],[-4.40374,40.35949],[-4.40405,40.35962],[-4.40432,40.35978],[-4.40454,40.35999],[-4.4047,40.36022],[-4.4048,40.36048],[-4.40484,40.36074],[-4.4048,40.36101],[-4.4047,40.36126],[-4.40454,40.3615],[-4.40432,40.3617],[-4.40405,40.36187],[-4.40374,40.362],[-4.40341,40.36207],[-4.40307,40.3621],[-4.40272,40.36207],[-4.40239,40.362],[-4.40208,40.36187],[-4.40182,40.3617],[-4.4016,40.3615],[-4.40143,40.36126],[-4.40133,40.36101],[-4.4013,40.36074],[-4.40133,40.36048]]]},"properties":{"name":"Escuela Oficial de Idiomas de San Martín de Valdeiglesias","kind":"school","osm":"node/266172252","lat":40.36074,"lon":-4.40307}},{"type":"Feature","id":"instituto-de-educacion-secundaria-claudio-sanchez-albornoz","geometry":{"type":"Polygon","coordinates":[[[-4.49497,40.41266],[-4.49508,40.4124],[-4.49524,40.41217],[-4.49546,40.41196],[-4.49573,40.41179],[-4.49603,40.41167],[-4.49636,40.41159],[-4.49671,40.41156],[-4.49706,40.41159],[-4.49739,40.41167],[-4.49769,40.41179],[-4.49796,40.41196],[-4.49818,40.41217],[-4.49834,40.4124],[-4.49845,40.41266],[-4.49848,40.41292],[-4.49845,40.41318],[-4.49834,40.41344],[-4.49818,40.41367],[-4.49796,40.41388],[-4.49769,40.41405],[-4.49739,40.41417],[-4.49706,40.41425],[-4.49671,40.41428],[-4.49636,40.41425],[-4.49603,40.41417],[-4.49573,40.41405],[-4.49546,40.41388],[-4.49524,40.41367],[-4.49508,40.41344],[-4.49497,40.41318],[-4.49494,40.41292],[-4.49497,40.41266]]]},"properties":{"name":"Instituto de Educación Secundaria Claudio Sánchez Albornoz","kind":"school","osm":"way/310972088","lat":40.41292,"lon":-4.49671}},{"type":"Feature","id":"instituto-de-educacion-secundaria-hermenegildo-martin-borro","geometry":{"type":"Polygon","coordinates":[[[-4.45815,40.46146],[-4.45825,40.4612],[-4.45841,40.46097],[-4.45863,40.46076],[-4.4589,40.46059],[-4.45921,40.46047],[-4.45954,40.46039],[-4.45989,40.46037],[-4.46023,40.46039],[-4.46056,40.46047],[-4.46087,40.46059],[-4.46114,40.46076],[-4.46136,40.46097],[-4.46152,40.4612],[-4.46162,40.46146],[-4.46165,40.46172],[-4.46162,40.46199],[-4.46152,40.46224],[-4.46136,40.46248],[-4.46114,40.46268],[-4.46087,40.46285],[-4.46056,40.46298],[-4.46023,40.46305],[-4.45989,40.46308],[-4.45954,40.46305],[-4.45921,40.46298],[-4.4589,40.46285],[-4.45863,40.46268],[-4.45841,40.46248],[-4.45825,40.46224],[-4.45815,40.46199],[-4.45812,40.46172],[-4.45815,40.46146]]]},"properties":{"name":"Instituto de Educación Secundaria Hermenegildo Martín Borro","kind":"school","osm":"way/1278990773","lat":40.46172,"lon":-4.45989}},{"type":"Feature","id":"instituto-de-educacion-secundaria-pedro-de-tolosa","geometry":{"type":"Polygon","coordinates":[[[-4.40333,40.36231],[-4.40343,40.36206],[-4.40359,40.36182],[-4.40381,40.36162],[-4.40408,40.36145],[-4.40438,40.36132],[-4.40472,40.36125],[-4.40506,40.36122],[-4.40541,40.36125],[-4.40574,40.36132],[-4.40604,40.36145],[-4.40631,40.36162],[-4.40653,40.36182],[-4.4067,40.36206],[-4.4068,40.36231],[-4.40683,40.36258],[-4.4068,40.36284],[-4.4067,40.3631],[-4.40653,40.36333],[-4.40631,40.36354],[-4.40604,40.36371],[-4.40574,40.36383],[-4.40541,40.36391],[-4.40506,40.36393],[-4.40472,40.36391],[-4.40438,40.36383],[-4.40408,40.36371],[-4.40381,40.36354],[-4.40359,40.36333],[-4.40343,40.3631],[-4.40333,40.36284],[-4.40329,40.36258],[-4.40333,40.36231]]]},"properties":{"name":"Instituto de Educación Secundaria Pedro de Tolosa","kind":"school","osm":"node/266169593","lat":40.36258,"lon":-4.40506}},{"type":"Feature","id":"instituto-de-educacion-secundaria-valle-del-alberche","geometry":{"type":"Polygon","coordinates":[[[-4.70253,40.41171],[-4.70263,40.41146],[-4.70279,40.41122],[-4.70301,40.41102],[-4.70328,40.41085],[-4.70359,40.41072],[-4.70392,40.41064],[-4.70427,40.41062],[-4.70461,40.41064],[-4.70494,40.41072],[-4.70525,40.41085],[-4.70552,40.41102],[-4.70574,40.41122],[-4.7059,40.41146],[-4.706,40.41171],[-4.70603,40.41197],[-4.706,40.41224],[-4.7059,40.41249],[-4.70574,40.41273],[-4.70552,40.41293],[-4.70525,40.4131],[-4.70494,40.41323],[-4.70461,40.4133],[-4.70427,40.41333],[-4.70392,40.4133],[-4.70359,40.41323],[-4.70328,40.4131],[-4.70301,40.41293],[-4.70279,40.41273],[-4.70263,40.41249],[-4.70253,40.41224],[-4.7025,40.41197],[-4.70253,40.41171]]]},"properties":{"name":"Instituto de Educación Secundaria Valle del Alberche","kind":"school","osm":"way/332490434","lat":40.41197,"lon":-4.70427}},{"type":"Feature","id":"agua-de-los-prados","geometry":{"type":"Polygon","coordinates":[[[-4.69738,40.40445],[-4.69765,40.40377],[-4.69808,40.40314],[-4.69867,40.4026],[-4.69939,40.40215],[-4.7002,40.40181],[-4.70109,40.40161],[-4.70201,40.40154],[-4.70293,40.40161],[-4.70381,40.40181],[-4.70463,40.40215],[-4.70534,40.4026],[-4.70593,40.40314],[-4.70637,40.40377],[-4.70663,40.40445],[-4.70672,40.40515],[-4.70663,40.40586],[-4.70637,40.40654],[-4.70593,40.40716],[-4.70534,40.40771],[-4.70463,40.40816],[-4.70381,40.4085],[-4.70293,40.4087],[-4.70201,40.40877],[-4.70109,40.4087],[-4.7002,40.4085],[-4.69939,40.40816],[-4.69867,40.40771],[-4.69808,40.40716],[-4.69765,40.40654],[-4.69738,40.40586],[-4.69729,40.40515],[-4.69738,40.40445]]]},"properties":{"name":"Agua de los Prados","kind":"settlement","osm":"node/1241476661","lat":40.40515,"lon":-4.70201}},{"type":"Feature","id":"arroyo-de-la-parra","geometry":{"type":"Polygon","coordinates":[[[-4.55116,40.43262],[-4.5515,40.43178],[-4.55204,40.43099],[-4.55277,40.43031],[-4.55367,40.42975],[-4.55469,40.42933],[-4.55579,40.42907],[-4.55695,40.42899],[-4.5581,40.42907],[-4.5592,40.42933],[-4.56022,40.42975],[-4.56112,40.43031],[-4.56185,40.43099],[-4.56239,40.43178],[-4.56273,40.43262],[-4.56284,40.43351],[-4.56273,40.43439],[-4.56239,40.43524],[-4.56185,40.43602],[-4.56112,40.4367],[-4.56022,40.43727],[-4.5592,40.43769],[-4.5581,40.43794],[-4.55695,40.43803],[-4.55579,40.43794],[-4.55469,40.43769],[-4.55367,40.43727],[-4.55277,40.4367],[-4.55204,40.43602],[-4.5515,40.43524],[-4.55116,40.43439],[-4.55105,40.43351],[-4.55116,40.43262]]]},"properties":{"name":"Arroyo de la Parra","kind":"settlement","osm":"node/10309283463","lat":40.43351,"lon":-4.55695}},{"type":"Feature","id":"arroyo-del-moro","geometry":{"type":"Polygon","coordinates":[[[-4.83039,40.37743],[-4.83072,40.37658],[-4.83127,40.3758],[-4.832,40.37512],[-4.8329,40.37455],[-4.83392,40.37414],[-4.83502,40.37388],[-4.83617,40.37379],[-4.83732,40.37388],[-4.83843,40.37414],[-4.83945,40.37455],[-4.84034,40.37512],[-4.84108,40.3758],[-4.84162,40.37658],[-4.84196,40.37743],[-4.84207,40.37831],[-4.84196,40.3792],[-4.84162,40.38004],[-4.84108,40.38083],[-4.84034,40.38151],[-4.83945,40.38207],[-4.83843,40.38249],[-4.83732,40.38275],[-4.83617,40.38284],[-4.83502,40.38275],[-4.83392,40.38249],[-4.8329,40.38207],[-4.832,40.38151],[-4.83127,40.38083],[-4.83072,40.38004],[-4.83039,40.3792],[-4.83027,40.37831],[-4.83039,40.37743]]]},"properties":{"name":"Arroyo del Moro","kind":"settlement","osm":"node/7895243133","lat":40.37831,"lon":-4.83617}},{"type":"Feature","id":"bajondillo","geometry":{"type":"Polygon","coordinates":[[[-4.78943,40.38445],[-4.78977,40.3836],[-4.79031,40.38282],[-4.79105,40.38214],[-4.79194,40.38157],[-4.79296,40.38116],[-4.79407,40.3809],[-4.79522,40.38081],[-4.79637,40.3809],[-4.79747,40.38116],[-4.79849,40.38157],[-4.79939,40.38214],[-4.80012,40.38282],[-4.80067,40.3836],[-4.801,40.38445],[-4.80112,40.38533],[-4.801,40.38622],[-4.80067,40.38707],[-4.80012,40.38785],[-4.79939,40.38853],[-4.79849,40.38909],[-4.79747,40.38951],[-4.79637,40.38977],[-4.79522,40.38986],[-4.79407,40.38977],[-4.79296,40.38951],[-4.79194,40.38909],[-4.79105,40.38853],[-4.79031,40.38785],[-4.78977,40.38707],[-4.78943,40.38622],[-4.78932,40.38533],[-4.78943,40.38445]]]},"properties":{"name":"Bajondillo","kind":"settlement","osm":"node/5973969653","lat":40.38533,"lon":-4.79522}},{"type":"Feature","id":"berrocal","geometry":{"type":"Polygon","coordinates":[[[-4.69689,40.40802],[-4.69716,40.40734],[-4.6976,40.40671],[-4.69818,40.40616],[-4.6989,40.40571],[-4.69972,40.40538],[-4.7006,40.40517],[-4.70152,40.4051],[-4.70244,40.40517],[-4.70333,40.40538],[-4.70414,40.40571],[-4.70486,40.40616],[-4.70544,40.40671],[-4.70588,40.40734],[-4.70615,40.40802],[-4.70624,40.40872],[-4.70615,40.40943],[-4.70588,40.41011],[-4.70544,40.41073],[-4.70486,40.41128],[-4.70414,40.41173],[-4.70333,40.41206],[-4.70244,40.41227],[-4.70152,40.41234],[-4.7006,40.41227],[-4.69972,40.41206],[-4.6989,40.41173],[-4.69818,40.41128],[-4.6976,40.41073],[-4.69716,40.41011],[-4.69689,40.40943],[-4.6968,40.40872],[-4.69689,40.40802]]]},"properties":{"name":"Berrocal","kind":"settlement","osm":"node/1241483706","lat":40.40872,"lon":-4.70152}},{"type":"Feature","id":"burgohondo","geometry":{"type":"Polygon","coordinates":[[[-4.7742,40.41259],[-4.77487,40.4109],[-4.77596,40.40933],[-4.77743,40.40796],[-4.77922,40.40684],[-4.78125,40.406],[-4.78347,40.40549],[-4.78577,40.40531],[-4.78807,40.40549],[-4.79028,40.406],[-4.79232,40.40684],[-4.79411,40.40796],[-4.79558,40.40933],[-4.79667,40.4109],[-4.79734,40.41259],[-4.79757,40.41436],[-4.79734,40.41612],[-4.79667,40.41782],[-4.79558,40.41938],[-4.79411,40.42075],[-4.79232,40.42188],[-4.79028,40.42271],[-4.78807,40.42323],[-4.78577,40.4234],[-4.78347,40.42323],[-4.78125,40.42271],[-4.77922,40.42188],[-4.77743,40.42075],[-4.77596,40.41938],[-4.77487,40.41782],[-4.7742,40.41612],[-4.77397,40.41436],[-4.7742,40.41259]]]},"properties":{"name":"Burgohondo","kind":"settlement","osm":"node/64835827","lat":40.41436,"lon":-4.78577}},{"type":"Feature","id":"cadalso-de-los-vidrios","geometry":{"type":"Polygon","coordinates":[[[-4.42932,40.29966],[-4.42999,40.29797],[-4.43108,40.2964],[-4.43255,40.29503],[-4.43433,40.29391],[-4.43637,40.29307],[-4.43859,40.29256],[-4.44089,40.29238],[-4.44319,40.29256],[-4.4454,40.29307],[-4.44744,40.29391],[-4.44923,40.29503],[-4.4507,40.2964],[-4.45179,40.29797],[-4.45246,40.29966],[-4.45268,40.30143],[-4.45246,40.30319],[-4.45179,40.30489],[-4.4507,40.30645],[-4.44923,40.30782],[-4.44744,40.30895],[-4.4454,40.30978],[-4.44319,40.3103],[-4.44089,40.31047],[-4.43859,40.3103],[-4.43637,40.30978],[-4.43433,40.30895],[-4.43255,40.30782],[-4.43108,40.30645],[-4.42999,40.30489],[-4.42932,40.30319],[-4.42909,40.30143],[-4.42932,40.29966]]]},"properties":{"name":"Cadalso de los Vidrios","kind":"settlement","osm":"node/308914663","lat":40.30143,"lon":-4.44089}},{"type":"Feature","id":"canada-real","geometry":{"type":"Polygon","coordinates":[[[-4.48692,40.32024],[-4.48726,40.31939],[-4.4878,40.31861],[-4.48854,40.31792],[-4.48943,40.31736],[-4.49045,40.31694],[-4.49156,40.31668],[-4.49271,40.3166],[-4.49386,40.31668],[-4.49497,40.31694],[-4.49599,40.31736],[-4.49688,40.31792],[-4.49761,40.31861],[-4.49816,40.31939],[-4.49849,40.32024],[-4.49861,40.32112],[-4.49849,40.322],[-4.49816,40.32285],[-4.49761,40.32363],[-4.49688,40.32432],[-4.49599,40.32488],[-4.49497,40.3253],[-4.49386,40.32555],[-4.49271,40.32564],[-4.49156,40.32555],[-4.49045,40.3253],[-4.48943,40.32488],[-4.48854,40.32432],[-4.4878,40.32363],[-4.48726,40.32285],[-4.48692,40.322],[-4.48681,40.32112],[-4.48692,40.32024]]]},"properties":{"name":"Cañada Real","kind":"settlement","osm":"node/1433078435","lat":40.32112,"lon":-4.49271}},{"type":"Feature","id":"casa-del-barquero","geometry":{"type":"Polygon","coordinates":[[[-4.61647,40.41704],[-4.61681,40.41619],[-4.61735,40.41541],[-4.61809,40.41473],[-4.61898,40.41416],[-4.62,40.41375],[-4.62111,40.41349],[-4.62226,40.4134],[-4.62341,40.41349],[-4.62451,40.41375],[-4.62553,40.41416],[-4.62643,40.41473],[-4.62716,40.41541],[-4.62771,40.41619],[-4.62804,40.41704],[-4.62815,40.41792],[-4.62804,40.41881],[-4.62771,40.41965],[-4.62716,40.42044],[-4.62643,40.42112],[-4.62553,40.42168],[-4.62451,40.4221],[-4.62341,40.42236],[-4.62226,40.42245],[-4.62111,40.42236],[-4.62,40.4221],[-4.61898,40.42168],[-4.61809,40.42112],[-4.61735,40.42044],[-4.61681,40.41965],[-4.61647,40.41881],[-4.61636,40.41792],[-4.61647,40.41704]]]},"properties":{"name":"Casa del Barquero","kind":"settlement","osm":"node/2932374272","lat":40.41792,"lon":-4.62226}},{"type":"Feature","id":"casas-de-tia-victoria","geometry":{"type":"Polygon","coordinates":[[[-4.77081,40.37703],[-4.77115,40.37618],[-4.77169,40.3754],[-4.77243,40.37471],[-4.77332,40.37415],[-4.77434,40.37373],[-4.77545,40.37347],[-4.7766,40.37339],[-4.77775,40.37347],[-4.77885,40.37373],[-4.77987,40.37415],[-4.78077,40.37471],[-4.7815,40.3754],[-4.78205,40.37618],[-4.78238,40.37703],[-4.7825,40.37791],[-4.78238,40.37879],[-4.78205,40.37964],[-4.7815,40.38042],[-4.78077,40.38111],[-4.77987,40.38167],[-4.77885,40.38209],[-4.77775,40.38234],[-4.7766,40.38243],[-4.77545,40.38234],[-4.77434,40.38209],[-4.77332,40.38167],[-4.77243,40.38111],[-4.77169,40.38042],[-4.77115,40.37964],[-4.77081,40.37879],[-4.7707,40.37791],[-4.77081,40.37703]]]},"properties":{"name":"Casas de Tía Victoria","kind":"settlement","osm":"node/1241489122","lat":40.37791,"lon":-4.7766}},{"type":"Feature","id":"casillas","geometry":{"type":"Polygon","coordinates":[[[-4.55956,40.32388],[-4.56023,40.32218],[-4.56132,40.32062],[-4.56279,40.31925],[-4.56458,40.31812],[-4.56662,40.31729],[-4.56883,40.31677],[-4.57113,40.3166],[-4.57343,40.31677],[-4.57565,40.31729],[-4.57769,40.31812],[-4.57947,40.31925],[-4.58094,40.32062],[-4.58203,40.32218],[-4.5827,40.32388],[-4.58293,40.32564],[-4.5827,40.32741],[-4.58203,40.3291],[-4.58094,40.33067],[-4.57947,40.33204],[-4.57769,40.33316],[-4.57565,40.334],[-4.57343,40.33451],[-4.57113,40.33469],[-4.56883,40.33451],[-4.56662,40.334],[-4.56458,40.33316],[-4.56279,40.33204],[-4.56132,40.33067],[-4.56023,40.3291],[-4.55956,40.32741],[-4.55934,40.32564],[-4.55956,40.32388]]]},"properties":{"name":"Casillas","kind":"settlement","osm":"node/349239313","lat":40.32564,"lon":-4.57113}},{"type":"Feature","id":"cebreros","geometry":{"type":"Polygon","coordinates":[[[-4.45359,40.45339],[-4.45426,40.45169],[-4.45535,40.45013],[-4.45682,40.44876],[-4.45861,40.44763],[-4.46065,40.44679],[-4.46286,40.44628],[-4.46516,40.44611],[-4.46746,40.44628],[-4.46967,40.44679],[-4.47171,40.44763],[-4.4735,40.44876],[-4.47497,40.45013],[-4.47606,40.45169],[-4.47673,40.45339],[-4.47696,40.45515],[-4.47673,40.45691],[-4.47606,40.45861],[-4.47497,40.46018],[-4.4735,40.46155],[-4.47171,40.46267],[-4.46967,40.46351],[-4.46746,40.46402],[-4.46516,40.46419],[-4.46286,40.46402],[-4.46065,40.46351],[-4.45861,40.46267],[-4.45682,40.46155],[-4.45535,40.46018],[-4.45426,40.45861],[-4.45359,40.45691],[-4.45336,40.45515],[-4.45359,40.45339]]]},"properties":{"name":"Cebreros","kind":"settlement","osm":"node/2475181853","lat":40.45515,"lon":-4.46516}},{"type":"Feature","id":"corral-crespo","geometry":{"type":"Polygon","coordinates":[[[-4.74756,40.39556],[-4.7479,40.39471],[-4.74844,40.39393],[-4.74918,40.39325],[-4.75007,40.39268],[-4.75109,40.39226],[-4.7522,40.39201],[-4.75335,40.39192],[-4.7545,40.39201],[-4.7556,40.39226],[-4.75662,40.39268],[-4.75752,40.39325],[-4.75825,40.39393],[-4.7588,40.39471],[-4.75913,40.39556],[-4.75924,40.39644],[-4.75913,40.39733],[-4.7588,40.39817],[-4.75825,40.39896],[-4.75752,40.39964],[-4.75662,40.4002],[-4.7556,40.40062],[-4.7545,40.40088],[-4.75335,40.40096],[-4.7522,40.40088],[-4.75109,40.40062],[-4.75007,40.4002],[-4.74918,40.39964],[-4.74844,40.39896],[-4.7479,40.39817],[-4.74756,40.39733],[-4.74745,40.39644],[-4.74756,40.39556]]]},"properties":{"name":"Corral Crespo","kind":"settlement","osm":"node/9917254380","lat":40.39644,"lon":-4.75335}},{"type":"Feature","id":"el-barraco","geometry":{"type":"Polygon","coordinates":[[[-4.62909,40.47354],[-4.62976,40.47184],[-4.63085,40.47028],[-4.63232,40.46891],[-4.63411,40.46778],[-4.63615,40.46695],[-4.63836,40.46643],[-4.64066,40.46626],[-4.64296,40.46643],[-4.64517,40.46695],[-4.64721,40.46778],[-4.649,40.46891],[-4.65047,40.47028],[-4.65156,40.47184],[-4.65223,40.47354],[-4.65246,40.4753],[-4.65223,40.47707],[-4.65156,40.47876],[-4.65047,40.48033],[-4.649,40.4817],[-4.64721,40.48282],[-4.64517,40.48366],[-4.64296,40.48417],[-4.64066,40.48435],[-4.63836,40.48417],[-4.63615,40.48366],[-4.63411,40.48282],[-4.63232,40.4817],[-4.63085,40.48033],[-4.62976,40.47876],[-4.62909,40.47707],[-4.62886,40.4753],[-4.62909,40.47354]]]},"properties":{"name":"El Barraco","kind":"settlement","osm":"node/309691046","lat":40.4753,"lon":-4.64066}},{"type":"Feature","id":"el-bautejo","geometry":{"type":"Polygon","coordinates":[[[-4.82122,40.37837],[-4.82156,40.37752],[-4.8221,40.37674],[-4.82284,40.37606],[-4.82373,40.37549],[-4.82475,40.37508],[-4.82586,40.37482],[-4.82701,40.37473],[-4.82816,40.37482],[-4.82927,40.37508],[-4.83029,40.37549],[-4.83118,40.37606],[-4.83191,40.37674],[-4.83246,40.37752],[-4.83279,40.37837],[-4.83291,40.37925],[-4.83279,40.38014],[-4.83246,40.38098],[-4.83191,40.38177],[-4.83118,40.38245],[-4.83029,40.38301],[-4.82927,40.38343],[-4.82816,40.38369],[-4.82701,40.38378],[-4.82586,40.38369],[-4.82475,40.38343],[-4.82373,40.38301],[-4.82284,40.38245],[-4.8221,40.38177],[-4.82156,40.38098],[-4.82122,40.38014],[-4.82111,40.37925],[-4.82122,40.37837]]]},"properties":{"name":"El Bautejo","kind":"settlement","osm":"node/4366668229","lat":40.37925,"lon":-4.82701}},{"type":"Feature","id":"el-espino","geometry":{"type":"Polygon","coordinates":[[[-4.77367,40.37033],[-4.774,40.36948],[-4.77455,40.3687],[-4.77528,40.36801],[-4.77618,40.36745],[-4.7772,40.36703],[-4.7783,40.36677],[-4.77945,40.36669],[-4.7806,40.36677],[-4.78171,40.36703],[-4.78273,40.36745],[-4.78362,40.36801],[-4.78436,40.3687],[-4.7849,40.36948],[-4.78524,40.37033],[-4.78535,40.37121],[-4.78524,40.37209],[-4.7849,40.37294],[-4.78436,40.37372],[-4.78362,40.37441],[-4.78273,40.37497],[-4.78171,40.37539],[-4.7806,40.37564],[-4.77945,40.37573],[-4.7783,40.37564],[-4.7772,40.37539],[-4.77618,40.37497],[-4.77528,40.37441],[-4.77455,40.37372],[-4.774,40.37294],[-4.77367,40.37209],[-4.77356,40.37121],[-4.77367,40.37033]]]},"properties":{"name":"El Espino","kind":"settlement","osm":"node/5971704857","lat":40.37121,"lon":-4.77945}},{"type":"Feature","id":"el-horcajo","geometry":{"type":"Polygon","coordinates":[[[-4.79593,40.37671],[-4.79626,40.37587],[-4.79681,40.37508],[-4.79754,40.3744],[-4.79843,40.37384],[-4.79945,40.37342],[-4.80056,40.37316],[-4.80171,40.37307],[-4.80286,40.37316],[-4.80397,40.37342],[-4.80499,40.37384],[-4.80588,40.3744],[-4.80661,40.37508],[-4.80716,40.37587],[-4.8075,40.37671],[-4.80761,40.3776],[-4.8075,40.37848],[-4.80716,40.37933],[-4.80661,40.38011],[-4.80588,40.38079],[-4.80499,40.38136],[-4.80397,40.38177],[-4.80286,40.38203],[-4.80171,40.38212],[-4.80056,40.38203],[-4.79945,40.38177],[-4.79843,40.38136],[-4.79754,40.38079],[-4.79681,40.38011],[-4.79626,40.37933],[-4.79593,40.37848],[-4.79581,40.3776],[-4.79593,40.37671]]]},"properties":{"name":"El Horcajo","kind":"settlement","osm":"node/7895242996","lat":40.3776,"lon":-4.80171}},{"type":"Feature","id":"el-quejigo","geometry":{"type":"Polygon","coordinates":[[[-4.71679,40.41061],[-4.71706,40.40993],[-4.71749,40.4093],[-4.71808,40.40875],[-4.7188,40.4083],[-4.71961,40.40797],[-4.7205,40.40776],[-4.72142,40.40769],[-4.72234,40.40776],[-4.72322,40.40797],[-4.72404,40.4083],[-4.72475,40.40875],[-4.72534,40.4093],[-4.72578,40.40993],[-4.72605,40.41061],[-4.72614,40.41131],[-4.72605,40.41202],[-4.72578,40.4127],[-4.72534,40.41332],[-4.72475,40.41387],[-4.72404,40.41432],[-4.72322,40.41465],[-4.72234,40.41486],[-4.72142,40.41493],[-4.7205,40.41486],[-4.71961,40.41465],[-4.7188,40.41432],[-4.71808,40.41387],[-4.71749,40.41332],[-4.71706,40.4127],[-4.71679,40.41202],[-4.7167,40.41131],[-4.71679,40.41061]]]},"properties":{"name":"El Quejigo","kind":"settlement","osm":"node/1433078585","lat":40.41131,"lon":-4.72142}},{"type":"Feature","id":"el-rincon","geometry":{"type":"Polygon","coordinates":[[[-4.66494,40.40856],[-4.66528,40.40771],[-4.66583,40.40693],[-4.66656,40.40624],[-4.66745,40.40568],[-4.66847,40.40526],[-4.66958,40.40501],[-4.67073,40.40492],[-4.67188,40.40501],[-4.67299,40.40526],[-4.67401,40.40568],[-4.6749,40.40624],[-4.67563,40.40693],[-4.67618,40.40771],[-4.67651,40.40856],[-4.67663,40.40944],[-4.67651,40.41032],[-4.67618,40.41117],[-4.67563,40.41195],[-4.6749,40.41264],[-4.67401,40.4132],[-4.67299,40.41362],[-4.67188,40.41388],[-4.67073,40.41396],[-4.66958,40.41388],[-4.66847,40.41362],[-4.66745,40.4132],[-4.66656,40.41264],[-4.66583,40.41195],[-4.66528,40.41117],[-4.66494,40.41032],[-4.66483,40.40944],[-4.66494,40.40856]]]},"properties":{"name":"El Rincón","kind":"settlement","osm":"node/1433078586","lat":40.40944,"lon":-4.67073}},{"type":"Feature","id":"el-tiemblo","geometry":{"type":"Polygon","coordinates":[[[-4.48781,40.41129],[-4.48848,40.4096],[-4.48957,40.40803],[-4.49104,40.40666],[-4.49283,40.40554],[-4.49487,40.4047],[-4.49708,40.40419],[-4.49938,40.40401],[-4.50168,40.40419],[-4.50389,40.4047],[-4.50593,40.40554],[-4.50772,40.40666],[-4.50919,40.40803],[-4.51028,40.4096],[-4.51095,40.41129],[-4.51118,40.41306],[-4.51095,40.41482],[-4.51028,40.41652],[-4.50919,40.41808],[-4.50772,40.41945],[-4.50593,40.42058],[-4.50389,40.42141],[-4.50168,40.42193],[-4.49938,40.4221],[-4.49708,40.42193],[-4.49487,40.42141],[-4.49283,40.42058],[-4.49104,40.41945],[-4.48957,40.41808],[-4.48848,40.41652],[-4.48781,40.41482],[-4.48758,40.41306],[-4.48781,40.41129]]]},"properties":{"name":"El Tiemblo","kind":"settlement","osm":"node/64835850","lat":40.41306,"lon":-4.49938}},{"type":"Feature","id":"el-tomillar","geometry":{"type":"Polygon","coordinates":[[[-4.78951,40.36772],[-4.78985,40.36687],[-4.7904,40.36609],[-4.79113,40.36541],[-4.79202,40.36484],[-4.79304,40.36443],[-4.79415,40.36417],[-4.7953,40.36408],[-4.79645,40.36417],[-4.79756,40.36443],[-4.79858,40.36484],[-4.79947,40.36541],[-4.8002,40.36609],[-4.80075,40.36687],[-4.80108,40.36772],[-4.8012,40.3686],[-4.80108,40.36949],[-4.80075,40.37033],[-4.8002,40.37112],[-4.79947,40.3718],[-4.79858,40.37236],[-4.79756,40.37278],[-4.79645,40.37304],[-4.7953,40.37313],[-4.79415,40.37304],[-4.79304,40.37278],[-4.79202,40.37236],[-4.79113,40.3718],[-4.7904,40.37112],[-4.78985,40.37033],[-4.78951,40.36949],[-4.7894,40.3686],[-4.78951,40.36772]]]},"properties":{"name":"El Tomillar","kind":"settlement","osm":"node/8295891310","lat":40.3686,"lon":-4.7953}},{"type":"Feature","id":"entrepinos","geometry":{"type":"Polygon","coordinates":[[[-4.45872,40.31402],[-4.45898,40.31334],[-4.45942,40.31272],[-4.46001,40.31217],[-4.46072,40.31172],[-4.46154,40.31139],[-4.46242,40.31118],[-4.46334,40.31111],[-4.46426,40.31118],[-4.46515,40.31139],[-4.46596,40.31172],[-4.46668,40.31217],[-4.46727,40.31272],[-4.4677,40.31334],[-4.46797,40.31402],[-4.46806,40.31473],[-4.46797,40.31543],[-4.4677,40.31611],[-4.46727,40.31674],[-4.46668,40.31729],[-4.46596,40.31774],[-4.46515,40.31807],[-4.46426,40.31828],[-4.46334,40.31835],[-4.46242,40.31828],[-4.46154,40.31807],[-4.46072,40.31774],[-4.46001,40.31729],[-4.45942,40.31674],[-4.45898,40.31611],[-4.45872,40.31543],[-4.45863,40.31473],[-4.45872,40.31402]]]},"properties":{"name":"Entrepinos","kind":"settlement","osm":"node/308915688","lat":40.31473,"lon":-4.46334}},{"type":"Feature","id":"fuente-del-aliso","geometry":{"type":"Polygon","coordinates":[[[-4.78283,40.37515],[-4.78317,40.3743],[-4.78371,40.37352],[-4.78445,40.37283],[-4.78534,40.37227],[-4.78636,40.37185],[-4.78747,40.3716],[-4.78862,40.37151],[-4.78977,40.3716],[-4.79087,40.37185],[-4.79189,40.37227],[-4.79279,40.37283],[-4.79352,40.37352],[-4.79407,40.3743],[-4.7944,40.37515],[-4.79451,40.37603],[-4.7944,40.37691],[-4.79407,40.37776],[-4.79352,40.37854],[-4.79279,40.37923],[-4.79189,40.37979],[-4.79087,40.38021],[-4.78977,40.38047],[-4.78862,40.38055],[-4.78747,40.38047],[-4.78636,40.38021],[-4.78534,40.37979],[-4.78445,40.37923],[-4.78371,40.37854],[-4.78317,40.37776],[-4.78283,40.37691],[-4.78272,40.37603],[-4.78283,40.37515]]]},"properties":{"name":"Fuente del Aliso","kind":"settlement","osm":"node/8296048449","lat":40.37603,"lon":-4.78862}},{"type":"Feature","id":"fuentebuena","geometry":{"type":"Polygon","coordinates":[[[-4.78811,40.3823],[-4.78845,40.38145],[-4.789,40.38067],[-4.78973,40.37999],[-4.79062,40.37942],[-4.79164,40.37901],[-4.79275,40.37875],[-4.7939,40.37866],[-4.79505,40.37875],[-4.79616,40.37901],[-4.79718,40.37942],[-4.79807,40.37999],[-4.7988,40.38067],[-4.79935,40.38145],[-4.79968,40.3823],[-4.7998,40.38318],[-4.79968,40.38407],[-4.79935,40.38492],[-4.7988,40.3857],[-4.79807,40.38638],[-4.79718,40.38694],[-4.79616,40.38736],[-4.79505,40.38762],[-4.7939,40.38771],[-4.79275,40.38762],[-4.79164,40.38736],[-4.79062,40.38694],[-4.78973,40.38638],[-4.789,40.3857],[-4.78845,40.38492],[-4.78811,40.38407],[-4.788,40.38318],[-4.78811,40.3823]]]},"properties":{"name":"Fuentebuena","kind":"settlement","osm":"node/5972514578","lat":40.38318,"lon":-4.7939}},{"type":"Feature","id":"hornillejo-de-aca","geometry":{"type":"Polygon","coordinates":[[[-4.83584,40.37729],[-4.83618,40.37644],[-4.83672,40.37566],[-4.83745,40.37498],[-4.83835,40.37441],[-4.83937,40.374],[-4.84047,40.37374],[-4.84163,40.37365],[-4.84278,40.37374],[-4.84388,40.374],[-4.8449,40.37441],[-4.8458,40.37498],[-4.84653,40.37566],[-4.84707,40.37644],[-4.84741,40.37729],[-4.84752,40.37817],[-4.84741,40.37906],[-4.84707,40.3799],[-4.84653,40.38069],[-4.8458,40.38137],[-4.8449,40.38193],[-4.84388,40.38235],[-4.84278,40.38261],[-4.84163,40.3827],[-4.84047,40.38261],[-4.83937,40.38235],[-4.83835,40.38193],[-4.83745,40.38137],[-4.83672,40.38069],[-4.83618,40.3799],[-4.83584,40.37906],[-4.83573,40.37817],[-4.83584,40.37729]]]},"properties":{"name":"Hornillejo de Acá","kind":"settlement","osm":"node/1241486168","lat":40.37817,"lon":-4.84163}},{"type":"Feature","id":"hornillejo-de-alla","geometry":{"type":"Polygon","coordinates":[[[-4.83972,40.37721],[-4.84005,40.37636],[-4.8406,40.37558],[-4.84133,40.3749],[-4.84222,40.37434],[-4.84324,40.37392],[-4.84435,40.37366],[-4.8455,40.37357],[-4.84665,40.37366],[-4.84776,40.37392],[-4.84878,40.37434],[-4.84967,40.3749],[-4.8504,40.37558],[-4.85095,40.37636],[-4.85129,40.37721],[-4.8514,40.3781],[-4.85129,40.37898],[-4.85095,40.37983],[-4.8504,40.38061],[-4.84967,40.38129],[-4.84878,40.38185],[-4.84776,40.38227],[-4.84665,40.38253],[-4.8455,40.38262],[-4.84435,40.38253],[-4.84324,40.38227],[-4.84222,40.38185],[-4.84133,40.38129],[-4.8406,40.38061],[-4.84005,40.37983],[-4.83972,40.37898],[-4.8396,40.3781],[-4.83972,40.37721]]]},"properties":{"name":"Hornillejo de Allá","kind":"settlement","osm":"node/7895357527","lat":40.3781,"lon":-4.8455}},{"type":"Feature","id":"horno-robledo-de-abajo","geometry":{"type":"Polygon","coordinates":[[[-4.76067,40.38015],[-4.76101,40.3793],[-4.76155,40.37852],[-4.76229,40.37784],[-4.76318,40.37727],[-4.7642,40.37686],[-4.76531,40.3766],[-4.76646,40.37651],[-4.76761,40.3766],[-4.76871,40.37686],[-4.76973,40.37727],[-4.77063,40.37784],[-4.77136,40.37852],[-4.77191,40.3793],[-4.77224,40.38015],[-4.77236,40.38103],[-4.77224,40.38192],[-4.77191,40.38276],[-4.77136,40.38355],[-4.77063,40.38423],[-4.76973,40.38479],[-4.76871,40.38521],[-4.76761,40.38547],[-4.76646,40.38556],[-4.76531,40.38547],[-4.7642,40.38521],[-4.76318,40.38479],[-4.76229,40.38423],[-4.76155,40.38355],[-4.76101,40.38276],[-4.76067,40.38192],[-4.76056,40.38103],[-4.76067,40.38015]]]},"properties":{"name":"Horno Robledo de Abajo","kind":"settlement","osm":"node/1241483608","lat":40.38103,"lon":-4.76646}},{"type":"Feature","id":"horno-robledo-de-arriba","geometry":{"type":"Polygon","coordinates":[[[-4.76297,40.38165],[-4.7633,40.38081],[-4.76385,40.38002],[-4.76458,40.37934],[-4.76548,40.37878],[-4.7665,40.37836],[-4.7676,40.3781],[-4.76875,40.37801],[-4.7699,40.3781],[-4.77101,40.37836],[-4.77203,40.37878],[-4.77292,40.37934],[-4.77366,40.38002],[-4.7742,40.38081],[-4.77454,40.38165],[-4.77465,40.38254],[-4.77454,40.38342],[-4.7742,40.38427],[-4.77366,40.38505],[-4.77292,40.38573],[-4.77203,40.3863],[-4.77101,40.38671],[-4.7699,40.38697],[-4.76875,40.38706],[-4.7676,40.38697],[-4.7665,40.38671],[-4.76548,40.3863],[-4.76458,40.38573],[-4.76385,40.38505],[-4.7633,40.38427],[-4.76297,40.38342],[-4.76286,40.38254],[-4.76297,40.38165]]]},"properties":{"name":"Horno Robledo de Arriba","kind":"settlement","osm":"node/8295944792","lat":40.38254,"lon":-4.76875}},{"type":"Feature","id":"la-adrada","geometry":{"type":"Polygon","coordinates":[[[-4.62438,40.29953],[-4.62506,40.29783],[-4.62615,40.29627],[-4.62761,40.2949],[-4.6294,40.29377],[-4.63144,40.29294],[-4.63365,40.29242],[-4.63595,40.29225],[-4.63825,40.29242],[-4.64047,40.29294],[-4.64251,40.29377],[-4.64429,40.2949],[-4.64576,40.29627],[-4.64685,40.29783],[-4.64752,40.29953],[-4.64775,40.30129],[-4.64752,40.30306],[-4.64685,40.30475],[-4.64576,40.30632],[-4.64429,40.30769],[-4.64251,40.30881],[-4.64047,40.30965],[-4.63825,40.31016],[-4.63595,40.31034],[-4.63365,40.31016],[-4.63144,40.30965],[-4.6294,40.30881],[-4.62761,40.30769],[-4.62615,40.30632],[-4.62506,40.30475],[-4.62438,40.30306],[-4.62416,40.30129],[-4.62438,40.29953]]]},"properties":{"name":"La Adrada","kind":"settlement","osm":"node/349239380","lat":40.30129,"lon":-4.63595}},{"type":"Feature","id":"la-atalaya","geometry":{"type":"Polygon","coordinates":[[[-4.45517,40.38122],[-4.4555,40.38037],[-4.45605,40.37959],[-4.45678,40.37891],[-4.45768,40.37834],[-4.45869,40.37793],[-4.4598,40.37767],[-4.46095,40.37758],[-4.4621,40.37767],[-4.46321,40.37793],[-4.46423,40.37834],[-4.46512,40.37891],[-4.46586,40.37959],[-4.4664,40.38037],[-4.46674,40.38122],[-4.46685,40.3821],[-4.46674,40.38299],[-4.4664,40.38383],[-4.46586,40.38462],[-4.46512,40.3853],[-4.46423,40.38586],[-4.46321,40.38628],[-4.4621,40.38654],[-4.46095,40.38663],[-4.4598,40.38654],[-4.45869,40.38628],[-4.45768,40.38586],[-4.45678,40.3853],[-4.45605,40.38462],[-4.4555,40.38383],[-4.45517,40.38299],[-4.45505,40.3821],[-4.45517,40.38122]]]},"properties":{"name":"La Atalaya","kind":"settlement","osm":"node/1433078707","lat":40.3821,"lon":-4.46095}},{"type":"Feature","id":"la-canada","geometry":{"type":"Polygon","coordinates":[[[-4.82179,40.37105],[-4.82213,40.3702],[-4.82267,40.36942],[-4.8234,40.36873],[-4.8243,40.36817],[-4.82532,40.36775],[-4.82642,40.36749],[-4.82757,40.36741],[-4.82873,40.36749],[-4.82983,40.36775],[-4.83085,40.36817],[-4.83175,40.36873],[-4.83248,40.36942],[-4.83302,40.3702],[-4.83336,40.37105],[-4.83347,40.37193],[-4.83336,40.37281],[-4.83302,40.37366],[-4.83248,40.37444],[-4.83175,40.37513],[-4.83085,40.37569],[-4.82983,40.37611],[-4.82873,40.37637],[-4.82757,40.37645],[-4.82642,40.37637],[-4.82532,40.37611],[-4.8243,40.37569],[-4.8234,40.37513],[-4.82267,40.37444],[-4.82213,40.37366],[-4.82179,40.37281],[-4.82168,40.37193],[-4.82179,40.37105]]]},"properties":{"name":"La Cañada","kind":"settlement","osm":"node/1241469955","lat":40.37193,"lon":-4.82757}},{"type":"Feature","id":"la-castellana-y-el-pilar","geometry":{"type":"Polygon","coordinates":[[[-4.42761,40.30454],[-4.42795,40.30369],[-4.4285,40.30291],[-4.42923,40.30223],[-4.43012,40.30166],[-4.43114,40.30125],[-4.43225,40.30099],[-4.4334,40.3009],[-4.43455,40.30099],[-4.43566,40.30125],[-4.43668,40.30166],[-4.43757,40.30223],[-4.4383,40.30291],[-4.43885,40.30369],[-4.43918,40.30454],[-4.4393,40.30542],[-4.43918,40.30631],[-4.43885,40.30715],[-4.4383,40.30794],[-4.43757,40.30862],[-4.43668,40.30918],[-4.43566,40.3096],[-4.43455,40.30986],[-4.4334,40.30995],[-4.43225,40.30986],[-4.43114,40.3096],[-4.43012,40.30918],[-4.42923,40.30862],[-4.4285,40.30794],[-4.42795,40.30715],[-4.42761,40.30631],[-4.4275,40.30542],[-4.42761,40.30454]]]},"properties":{"name":"La Castellana y El Pilar","kind":"settlement","osm":"node/1482406817","lat":40.30542,"lon":-4.4334}},{"type":"Feature","id":"la-cendra","geometry":{"type":"Polygon","coordinates":[[[-4.79035,40.36374],[-4.79068,40.36289],[-4.79123,40.36211],[-4.79196,40.36143],[-4.79286,40.36086],[-4.79388,40.36045],[-4.79498,40.36019],[-4.79613,40.3601],[-4.79728,40.36019],[-4.79839,40.36045],[-4.79941,40.36086],[-4.8003,40.36143],[-4.80104,40.36211],[-4.80158,40.36289],[-4.80192,40.36374],[-4.80203,40.36462],[-4.80192,40.36551],[-4.80158,40.36636],[-4.80104,40.36714],[-4.8003,40.36782],[-4.79941,40.36838],[-4.79839,40.3688],[-4.79728,40.36906],[-4.79613,40.36915],[-4.79498,40.36906],[-4.79388,40.3688],[-4.79286,40.36838],[-4.79196,40.36782],[-4.79123,40.36714],[-4.79068,40.36636],[-4.79035,40.36551],[-4.79024,40.36462],[-4.79035,40.36374]]]},"properties":{"name":"La Cendra","kind":"settlement","osm":"node/6367748554","lat":40.36462,"lon":-4.79613}},{"type":"Feature","id":"la-cerdeilla","geometry":{"type":"Polygon","coordinates":[[[-4.839,40.37436],[-4.83933,40.37351],[-4.83988,40.37273],[-4.84061,40.37204],[-4.8415,40.37148],[-4.84252,40.37106],[-4.84363,40.37081],[-4.84478,40.37072],[-4.84593,40.37081],[-4.84704,40.37106],[-4.84806,40.37148],[-4.84895,40.37204],[-4.84968,40.37273],[-4.85023,40.37351],[-4.85057,40.37436],[-4.85068,40.37524],[-4.85057,40.37612],[-4.85023,40.37697],[-4.84968,40.37775],[-4.84895,40.37844],[-4.84806,40.379],[-4.84704,40.37942],[-4.84593,40.37968],[-4.84478,40.37976],[-4.84363,40.37968],[-4.84252,40.37942],[-4.8415,40.379],[-4.84061,40.37844],[-4.83988,40.37775],[-4.83933,40.37697],[-4.839,40.37612],[-4.83888,40.37524],[-4.839,40.37436]]]},"properties":{"name":"La Cerdeílla","kind":"settlement","osm":"node/7895357526","lat":40.37524,"lon":-4.84478}},{"type":"Feature","id":"la-chinita","geometry":{"type":"Polygon","coordinates":[[[-4.71426,40.40124],[-4.7146,40.40039],[-4.71514,40.39961],[-4.71588,40.39893],[-4.71677,40.39836],[-4.71779,40.39795],[-4.7189,40.39769],[-4.72005,40.3976],[-4.7212,40.39769],[-4.72231,40.39795],[-4.72333,40.39836],[-4.72422,40.39893],[-4.72495,40.39961],[-4.7255,40.40039],[-4.72583,40.40124],[-4.72595,40.40212],[-4.72583,40.40301],[-4.7255,40.40385],[-4.72495,40.40464],[-4.72422,40.40532],[-4.72333,40.40588],[-4.72231,40.4063],[-4.7212,40.40656],[-4.72005,40.40665],[-4.7189,40.40656],[-4.71779,40.4063],[-4.71677,40.40588],[-4.71588,40.40532],[-4.71514,40.40464],[-4.7146,40.40385],[-4.71426,40.40301],[-4.71415,40.40212],[-4.71426,40.40124]]]},"properties":{"name":"La Chinita","kind":"settlement","osm":"node/1433078733","lat":40.40212,"lon":-4.72005}},{"type":"Feature","id":"la-encaladilla","geometry":{"type":"Polygon","coordinates":[[[-4.7926,40.37624],[-4.79294,40.37539],[-4.79348,40.37461],[-4.79421,40.37393],[-4.79511,40.37336],[-4.79613,40.37295],[-4.79723,40.37269],[-4.79838,40.3726],[-4.79954,40.37269],[-4.80064,40.37295],[-4.80166,40.37336],[-4.80256,40.37393],[-4.80329,40.37461],[-4.80383,40.37539],[-4.80417,40.37624],[-4.80428,40.37712],[-4.80417,40.37801],[-4.80383,40.37885],[-4.80329,40.37964],[-4.80256,40.38032],[-4.80166,40.38088],[-4.80064,40.3813],[-4.79954,40.38156],[-4.79838,40.38165],[-4.79723,40.38156],[-4.79613,40.3813],[-4.79511,40.38088],[-4.79421,40.38032],[-4.79348,40.37964],[-4.79294,40.37885],[-4.7926,40.37801],[-4.79249,40.37712],[-4.7926,40.37624]]]},"properties":{"name":"La Encaladilla","kind":"settlement","osm":"node/5972514560","lat":40.37712,"lon":-4.79838}},{"type":"Feature","id":"la-loma","geometry":{"type":"Polygon","coordinates":[[[-4.75968,40.37161],[-4.76002,40.37076],[-4.76056,40.36998],[-4.76129,40.36929],[-4.76219,40.36873],[-4.76321,40.36831],[-4.76431,40.36805],[-4.76546,40.36797],[-4.76662,40.36805],[-4.76772,40.36831],[-4.76874,40.36873],[-4.76964,40.36929],[-4.77037,40.36998],[-4.77091,40.37076],[-4.77125,40.37161],[-4.77136,40.37249],[-4.77125,40.37337],[-4.77091,40.37422],[-4.77037,40.375],[-4.76964,40.37569],[-4.76874,40.37625],[-4.76772,40.37667],[-4.76662,40.37692],[-4.76546,40.37701],[-4.76431,40.37692],[-4.76321,40.37667],[-4.76219,40.37625],[-4.76129,40.37569],[-4.76056,40.375],[-4.76002,40.37422],[-4.75968,40.37337],[-4.75957,40.37249],[-4.75968,40.37161]]]},"properties":{"name":"La Loma","kind":"settlement","osm":"node/6369689195","lat":40.37249,"lon":-4.76546}},{"type":"Feature","id":"la-majadilla","geometry":{"type":"Polygon","coordinates":[[[-4.75537,40.37559],[-4.7557,40.37475],[-4.75625,40.37396],[-4.75698,40.37328],[-4.75788,40.37272],[-4.7589,40.3723],[-4.76,40.37204],[-4.76115,40.37195],[-4.7623,40.37204],[-4.76341,40.3723],[-4.76443,40.37272],[-4.76532,40.37328],[-4.76606,40.37396],[-4.7666,40.37475],[-4.76694,40.37559],[-4.76705,40.37648],[-4.76694,40.37736],[-4.7666,40.37821],[-4.76606,40.37899],[-4.76532,40.37967],[-4.76443,40.38024],[-4.76341,40.38065],[-4.7623,40.38091],[-4.76115,40.381],[-4.76,40.38091],[-4.7589,40.38065],[-4.75788,40.38024],[-4.75698,40.37967],[-4.75625,40.37899],[-4.7557,40.37821],[-4.75537,40.37736],[-4.75525,40.37648],[-4.75537,40.37559]]]},"properties":{"name":"La Majadilla","kind":"settlement","osm":"node/6369689218","lat":40.37648,"lon":-4.76115}},{"type":"Feature","id":"la-rinconada","geometry":{"type":"Polygon","coordinates":[[[-4.59059,40.4154],[-4.59092,40.41455],[-4.59147,40.41377],[-4.5922,40.41309],[-4.5931,40.41252],[-4.59412,40.41211],[-4.59522,40.41185],[-4.59637,40.41176],[-4.59752,40.41185],[-4.59863,40.41211],[-4.59965,40.41252],[-4.60054,40.41309],[-4.60128,40.41377],[-4.60182,40.41455],[-4.60216,40.4154],[-4.60227,40.41628],[-4.60216,40.41717],[-4.60182,40.41801],[-4.60128,40.4188],[-4.60054,40.41948],[-4.59965,40.42004],[-4.59863,40.42046],[-4.59752,40.42072],[-4.59637,40.42081],[-4.59522,40.42072],[-4.59412,40.42046],[-4.5931,40.42004],[-4.5922,40.41948],[-4.59147,40.4188],[-4.59092,40.41801],[-4.59059,40.41717],[-4.59047,40.41628],[-4.59059,40.4154]]]},"properties":{"name":"La Rinconada","kind":"settlement","osm":"node/349238991","lat":40.41628,"lon":-4.59637}},{"type":"Feature","id":"la-vina","geometry":{"type":"Polygon","coordinates":[[[-4.70232,40.41833],[-4.70259,40.41765],[-4.70303,40.41703],[-4.70362,40.41648],[-4.70433,40.41603],[-4.70515,40.4157],[-4.70603,40.41549],[-4.70695,40.41542],[-4.70787,40.41549],[-4.70876,40.4157],[-4.70957,40.41603],[-4.71029,40.41648],[-4.71087,40.41703],[-4.71131,40.41765],[-4.71158,40.41833],[-4.71167,40.41904],[-4.71158,40.41974],[-4.71131,40.42042],[-4.71087,40.42105],[-4.71029,40.4216],[-4.70957,40.42205],[-4.70876,40.42238],[-4.70787,40.42259],[-4.70695,40.42266],[-4.70603,40.42259],[-4.70515,40.42238],[-4.70433,40.42205],[-4.70362,40.4216],[-4.70303,40.42105],[-4.70259,40.42042],[-4.70232,40.41974],[-4.70223,40.41904],[-4.70232,40.41833]]]},"properties":{"name":"La Viña","kind":"settlement","osm":"node/1433078862","lat":40.41904,"lon":-4.70695}},{"type":"Feature","id":"las-aleguillas","geometry":{"type":"Polygon","coordinates":[[[-4.49526,40.3201],[-4.4956,40.31925],[-4.49614,40.31847],[-4.49687,40.31778],[-4.49777,40.31722],[-4.49879,40.3168],[-4.49989,40.31655],[-4.50105,40.31646],[-4.5022,40.31655],[-4.5033,40.3168],[-4.50432,40.31722],[-4.50522,40.31778],[-4.50595,40.31847],[-4.50649,40.31925],[-4.50683,40.3201],[-4.50694,40.32098],[-4.50683,40.32186],[-4.50649,40.32271],[-4.50595,40.32349],[-4.50522,40.32418],[-4.50432,40.32474],[-4.5033,40.32516],[-4.5022,40.32542],[-4.50105,40.3255],[-4.49989,40.32542],[-4.49879,40.32516],[-4.49777,40.32474],[-4.49687,40.32418],[-4.49614,40.32349],[-4.4956,40.32271],[-4.49526,40.32186],[-4.49515,40.32098],[-4.49526,40.3201]]]},"properties":{"name":"Las Aleguillas","kind":"settlement","osm":"node/1433078236","lat":40.32098,"lon":-4.50105}},{"type":"Feature","id":"las-cruceras","geometry":{"type":"Polygon","coordinates":[[[-4.55759,40.41838],[-4.55792,40.41753],[-4.55847,40.41675],[-4.5592,40.41606],[-4.56009,40.4155],[-4.56111,40.41508],[-4.56222,40.41483],[-4.56337,40.41474],[-4.56452,40.41483],[-4.56563,40.41508],[-4.56665,40.4155],[-4.56754,40.41606],[-4.56828,40.41675],[-4.56882,40.41753],[-4.56916,40.41838],[-4.56927,40.41926],[-4.56916,40.42014],[-4.56882,40.42099],[-4.56828,40.42177],[-4.56754,40.42246],[-4.56665,40.42302],[-4.56563,40.42344],[-4.56452,40.4237],[-4.56337,40.42378],[-4.56222,40.4237],[-4.56111,40.42344],[-4.56009,40.42302],[-4.5592,40.42246],[-4.55847,40.42177],[-4.55792,40.42099],[-4.55759,40.42014],[-4.55747,40.41926],[-4.55759,40.41838]]]},"properties":{"name":"Las Cruceras","kind":"settlement","osm":"node/349239328","lat":40.41926,"lon":-4.56337}},{"type":"Feature","id":"las-erillas","geometry":{"type":"Polygon","coordinates":[[[-4.81815,40.3712],[-4.81848,40.37035],[-4.81903,40.36957],[-4.81976,40.36888],[-4.82065,40.36832],[-4.82167,40.3679],[-4.82278,40.36765],[-4.82393,40.36756],[-4.82508,40.36765],[-4.82619,40.3679],[-4.82721,40.36832],[-4.8281,40.36888],[-4.82883,40.36957],[-4.82938,40.37035],[-4.82972,40.3712],[-4.82983,40.37208],[-4.82972,40.37296],[-4.82938,40.37381],[-4.82883,40.37459],[-4.8281,40.37528],[-4.82721,40.37584],[-4.82619,40.37626],[-4.82508,40.37652],[-4.82393,40.3766],[-4.82278,40.37652],[-4.82167,40.37626],[-4.82065,40.37584],[-4.81976,40.37528],[-4.81903,40.37459],[-4.81848,40.37381],[-4.81815,40.37296],[-4.81803,40.37208],[-4.81815,40.3712]]]},"properties":{"name":"Las Erillas","kind":"settlement","osm":"node/7895242997","lat":40.37208,"lon":-4.82393}},{"type":"Feature","id":"las-hoyuelas","geometry":{"type":"Polygon","coordinates":[[[-4.80975,40.36224],[-4.81009,40.36139],[-4.81063,40.36061],[-4.81137,40.35992],[-4.81226,40.35936],[-4.81328,40.35894],[-4.81439,40.35868],[-4.81554,40.3586],[-4.81669,40.35868],[-4.81779,40.35894],[-4.81881,40.35936],[-4.81971,40.35992],[-4.82044,40.36061],[-4.82099,40.36139],[-4.82132,40.36224],[-4.82143,40.36312],[-4.82132,40.364],[-4.82099,40.36485],[-4.82044,40.36563],[-4.81971,40.36632],[-4.81881,40.36688],[-4.81779,40.3673],[-4.81669,40.36755],[-4.81554,40.36764],[-4.81439,40.36755],[-4.81328,40.3673],[-4.81226,40.36688],[-4.81137,40.36632],[-4.81063,40.36563],[-4.81009,40.36485],[-4.80975,40.364],[-4.80964,40.36312],[-4.80975,40.36224]]]},"properties":{"name":"Las Hoyuelas","kind":"settlement","osm":"node/1241472775","lat":40.36312,"lon":-4.81554}},{"type":"Feature","id":"las-lastras","geometry":{"type":"Polygon","coordinates":[[[-4.59819,40.30185],[-4.59852,40.301],[-4.59907,40.30022],[-4.5998,40.29954],[-4.60069,40.29897],[-4.60171,40.29856],[-4.60282,40.2983],[-4.60397,40.29821],[-4.60512,40.2983],[-4.60623,40.29856],[-4.60725,40.29897],[-4.60814,40.29954],[-4.60887,40.30022],[-4.60942,40.301],[-4.60976,40.30185],[-4.60987,40.30273],[-4.60976,40.30362],[-4.60942,40.30446],[-4.60887,40.30525],[-4.60814,40.30593],[-4.60725,40.30649],[-4.60623,40.30691],[-4.60512,40.30717],[-4.60397,40.30726],[-4.60282,40.30717],[-4.60171,40.30691],[-4.60069,40.30649],[-4.5998,40.30593],[-4.59907,40.30525],[-4.59852,40.30446],[-4.59819,40.30362],[-4.59807,40.30273],[-4.59819,40.30185]]]},"properties":{"name":"Las Lastras","kind":"settlement","osm":"node/1433078887","lat":40.30273,"lon":-4.60397}},{"type":"Feature","id":"las-tordigas","geometry":{"type":"Polygon","coordinates":[[[-4.80533,40.39277],[-4.80567,40.39192],[-4.80621,40.39114],[-4.80694,40.39045],[-4.80784,40.38989],[-4.80886,40.38947],[-4.80996,40.38921],[-4.81112,40.38913],[-4.81227,40.38921],[-4.81337,40.38947],[-4.81439,40.38989],[-4.81529,40.39045],[-4.81602,40.39114],[-4.81656,40.39192],[-4.8169,40.39277],[-4.81701,40.39365],[-4.8169,40.39453],[-4.81656,40.39538],[-4.81602,40.39616],[-4.81529,40.39685],[-4.81439,40.39741],[-4.81337,40.39783],[-4.81227,40.39809],[-4.81112,40.39817],[-4.80996,40.39809],[-4.80886,40.39783],[-4.80784,40.39741],[-4.80694,40.39685],[-4.80621,40.39616],[-4.80567,40.39538],[-4.80533,40.39453],[-4.80522,40.39365],[-4.80533,40.39277]]]},"properties":{"name":"Las Tórdigas","kind":"settlement","osm":"node/7895242999","lat":40.39365,"lon":-4.81112}},{"type":"Feature","id":"lomo-de-aca","geometry":{"type":"Polygon","coordinates":[[[-4.80092,40.3644],[-4.80125,40.36355],[-4.8018,40.36277],[-4.80253,40.36208],[-4.80343,40.36152],[-4.80445,40.3611],[-4.80555,40.36085],[-4.8067,40.36076],[-4.80785,40.36085],[-4.80896,40.3611],[-4.80998,40.36152],[-4.81087,40.36208],[-4.81161,40.36277],[-4.81215,40.36355],[-4.81249,40.3644],[-4.8126,40.36528],[-4.81249,40.36616],[-4.81215,40.36701],[-4.81161,40.36779],[-4.81087,40.36848],[-4.80998,40.36904],[-4.80896,40.36946],[-4.80785,40.36972],[-4.8067,40.3698],[-4.80555,40.36972],[-4.80445,40.36946],[-4.80343,40.36904],[-4.80253,40.36848],[-4.8018,40.36779],[-4.80125,40.36701],[-4.80092,40.36616],[-4.8008,40.36528],[-4.80092,40.3644]]]},"properties":{"name":"Lomo de Acá","kind":"settlement","osm":"node/6367699547","lat":40.36528,"lon":-4.8067}},{"type":"Feature","id":"lomo-de-alla","geometry":{"type":"Polygon","coordinates":[[[-4.79467,40.36286],[-4.795,40.36201],[-4.79555,40.36123],[-4.79628,40.36054],[-4.79718,40.35998],[-4.7982,40.35956],[-4.7993,40.3593],[-4.80045,40.35922],[-4.8016,40.3593],[-4.80271,40.35956],[-4.80373,40.35998],[-4.80462,40.36054],[-4.80536,40.36123],[-4.8059,40.36201],[-4.80624,40.36286],[-4.80635,40.36374],[-4.80624,40.36462],[-4.8059,40.36547],[-4.80536,40.36625],[-4.80462,40.36694],[-4.80373,40.3675],[-4.80271,40.36792],[-4.8016,40.36817],[-4.80045,40.36826],[-4.7993,40.36817],[-4.7982,40.36792],[-4.79718,40.3675],[-4.79628,40.36694],[-4.79555,40.36625],[-4.795,40.36547],[-4.79467,40.36462],[-4.79455,40.36374],[-4.79467,40.36286]]]},"properties":{"name":"Lomo de Allá","kind":"settlement","osm":"node/6367699545","lat":40.36374,"lon":-4.80045}},{"type":"Feature","id":"los-alquitones","geometry":{"type":"Polygon","coordinates":[[[-4.8105,40.36649],[-4.81083,40.36565],[-4.81138,40.36486],[-4.81211,40.36418],[-4.81301,40.36362],[-4.81403,40.3632],[-4.81513,40.36294],[-4.81628,40.36285],[-4.81743,40.36294],[-4.81854,40.3632],[-4.81956,40.36362],[-4.82045,40.36418],[-4.82119,40.36486],[-4.82173,40.36565],[-4.82207,40.36649],[-4.82218,40.36738],[-4.82207,40.36826],[-4.82173,40.36911],[-4.82119,40.36989],[-4.82045,40.37057],[-4.81956,40.37114],[-4.81854,40.37155],[-4.81743,40.37181],[-4.81628,40.3719],[-4.81513,40.37181],[-4.81403,40.37155],[-4.81301,40.37114],[-4.81211,40.37057],[-4.81138,40.36989],[-4.81083,40.36911],[-4.8105,40.36826],[-4.81038,40.36738],[-4.8105,40.36649]]]},"properties":{"name":"Los Alquitones","kind":"settlement","osm":"node/7895242995","lat":40.36738,"lon":-4.81628}},{"type":"Feature","id":"los-andrinos","geometry":{"type":"Polygon","coordinates":[[[-4.79748,40.37816],[-4.79782,40.37731],[-4.79836,40.37653],[-4.79909,40.37584],[-4.79999,40.37528],[-4.80101,40.37486],[-4.80211,40.37461],[-4.80326,40.37452],[-4.80442,40.37461],[-4.80552,40.37486],[-4.80654,40.37528],[-4.80744,40.37584],[-4.80817,40.37653],[-4.80871,40.37731],[-4.80905,40.37816],[-4.80916,40.37904],[-4.80905,40.37992],[-4.80871,40.38077],[-4.80817,40.38155],[-4.80744,40.38224],[-4.80654,40.3828],[-4.80552,40.38322],[-4.80442,40.38348],[-4.80326,40.38356],[-4.80211,40.38348],[-4.80101,40.38322],[-4.79999,40.3828],[-4.79909,40.38224],[-4.79836,40.38155],[-4.79782,40.38077],[-4.79748,40.37992],[-4.79737,40.37904],[-4.79748,40.37816]]]},"properties":{"name":"Los Andrinos","kind":"settlement","osm":"node/7895357528","lat":40.37904,"lon":-4.80326}},{"type":"Feature","id":"los-bonales","geometry":{"type":"Polygon","coordinates":[[[-4.75421,40.38743],[-4.75455,40.38658],[-4.75509,40.3858],[-4.75582,40.38511],[-4.75672,40.38455],[-4.75774,40.38413],[-4.75884,40.38387],[-4.75999,40.38379],[-4.76115,40.38387],[-4.76225,40.38413],[-4.76327,40.38455],[-4.76417,40.38511],[-4.7649,40.3858],[-4.76544,40.38658],[-4.76578,40.38743],[-4.76589,40.38831],[-4.76578,40.38919],[-4.76544,40.39004],[-4.7649,40.39082],[-4.76417,40.39151],[-4.76327,40.39207],[-4.76225,40.39249],[-4.76115,40.39274],[-4.75999,40.39283],[-4.75884,40.39274],[-4.75774,40.39249],[-4.75672,40.39207],[-4.75582,40.39151],[-4.75509,40.39082],[-4.75455,40.39004],[-4.75421,40.38919],[-4.7541,40.38831],[-4.75421,40.38743]]]},"properties":{"name":"Los Bonales","kind":"settlement","osm":"node/9917254379","lat":40.38831,"lon":-4.75999}},{"type":"Feature","id":"los-hermanos","geometry":{"type":"Polygon","coordinates":[[[-4.83302,40.39003],[-4.83336,40.38918],[-4.8339,40.3884],[-4.83464,40.38771],[-4.83553,40.38715],[-4.83655,40.38673],[-4.83766,40.38647],[-4.83881,40.38639],[-4.83996,40.38647],[-4.84106,40.38673],[-4.84208,40.38715],[-4.84298,40.38771],[-4.84371,40.3884],[-4.84426,40.38918],[-4.84459,40.39003],[-4.84471,40.39091],[-4.84459,40.39179],[-4.84426,40.39264],[-4.84371,40.39342],[-4.84298,40.39411],[-4.84208,40.39467],[-4.84106,40.39509],[-4.83996,40.39534],[-4.83881,40.39543],[-4.83766,40.39534],[-4.83655,40.39509],[-4.83553,40.39467],[-4.83464,40.39411],[-4.8339,40.39342],[-4.83336,40.39264],[-4.83302,40.39179],[-4.83291,40.39091],[-4.83302,40.39003]]]},"properties":{"name":"Los Hermanos","kind":"settlement","osm":"node/7895243211","lat":40.39091,"lon":-4.83881}},{"type":"Feature","id":"los-manaderos","geometry":{"type":"Polygon","coordinates":[[[-4.74836,40.38418],[-4.74869,40.38333],[-4.74924,40.38255],[-4.74997,40.38186],[-4.75087,40.3813],[-4.75189,40.38088],[-4.75299,40.38063],[-4.75414,40.38054],[-4.75529,40.38063],[-4.7564,40.38088],[-4.75742,40.3813],[-4.75831,40.38186],[-4.75905,40.38255],[-4.75959,40.38333],[-4.75993,40.38418],[-4.76004,40.38506],[-4.75993,40.38594],[-4.75959,40.38679],[-4.75905,40.38757],[-4.75831,40.38826],[-4.75742,40.38882],[-4.7564,40.38924],[-4.75529,40.3895],[-4.75414,40.38958],[-4.75299,40.3895],[-4.75189,40.38924],[-4.75087,40.38882],[-4.74997,40.38826],[-4.74924,40.38757],[-4.74869,40.38679],[-4.74836,40.38594],[-4.74825,40.38506],[-4.74836,40.38418]]]},"properties":{"name":"Los Manaderos","kind":"settlement","osm":"node/9917254378","lat":40.38506,"lon":-4.75414}},{"type":"Feature","id":"los-veneros","geometry":{"type":"Polygon","coordinates":[[[-4.82387,40.36808],[-4.82421,40.36723],[-4.82475,40.36645],[-4.82549,40.36577],[-4.82638,40.36521],[-4.8274,40.36479],[-4.82851,40.36453],[-4.82966,40.36444],[-4.83081,40.36453],[-4.83191,40.36479],[-4.83293,40.36521],[-4.83383,40.36577],[-4.83456,40.36645],[-4.8351,40.36723],[-4.83544,40.36808],[-4.83555,40.36897],[-4.83544,40.36985],[-4.8351,40.3707],[-4.83456,40.37148],[-4.83383,40.37216],[-4.83293,40.37273],[-4.83191,40.37314],[-4.83081,40.3734],[-4.82966,40.37349],[-4.82851,40.3734],[-4.8274,40.37314],[-4.82638,40.37273],[-4.82549,40.37216],[-4.82475,40.37148],[-4.82421,40.3707],[-4.82387,40.36985],[-4.82376,40.36897],[-4.82387,40.36808]]]},"properties":{"name":"Los Veneros","kind":"settlement","osm":"node/1241485337","lat":40.36897,"lon":-4.82966}},{"type":"Feature","id":"majada-de-los-rojos","geometry":{"type":"Polygon","coordinates":[[[-4.75034,40.37789],[-4.75068,40.37704],[-4.75122,40.37626],[-4.75196,40.37558],[-4.75285,40.37501],[-4.75387,40.3746],[-4.75498,40.37434],[-4.75613,40.37425],[-4.75728,40.37434],[-4.75838,40.3746],[-4.7594,40.37501],[-4.7603,40.37558],[-4.76103,40.37626],[-4.76158,40.37704],[-4.76191,40.37789],[-4.76203,40.37877],[-4.76191,40.37966],[-4.76158,40.38051],[-4.76103,40.38129],[-4.7603,40.38197],[-4.7594,40.38253],[-4.75838,40.38295],[-4.75728,40.38321],[-4.75613,40.3833],[-4.75498,40.38321],[-4.75387,40.38295],[-4.75285,40.38253],[-4.75196,40.38197],[-4.75122,40.38129],[-4.75068,40.38051],[-4.75034,40.37966],[-4.75023,40.37877],[-4.75034,40.37789]]]},"properties":{"name":"Majada de los Rojos","kind":"settlement","osm":"node/6369689155","lat":40.37877,"lon":-4.75613}},{"type":"Feature","id":"matacabrones","geometry":{"type":"Polygon","coordinates":[[[-4.77636,40.37192],[-4.7767,40.37107],[-4.77724,40.37029],[-4.77798,40.36961],[-4.77887,40.36905],[-4.77989,40.36863],[-4.781,40.36837],[-4.78215,40.36828],[-4.7833,40.36837],[-4.7844,40.36863],[-4.78542,40.36905],[-4.78632,40.36961],[-4.78705,40.37029],[-4.7876,40.37107],[-4.78793,40.37192],[-4.78805,40.37281],[-4.78793,40.37369],[-4.7876,40.37454],[-4.78705,40.37532],[-4.78632,40.376],[-4.78542,40.37657],[-4.7844,40.37698],[-4.7833,40.37724],[-4.78215,40.37733],[-4.781,40.37724],[-4.77989,40.37698],[-4.77887,40.37657],[-4.77798,40.376],[-4.77724,40.37532],[-4.7767,40.37454],[-4.77636,40.37369],[-4.77625,40.37281],[-4.77636,40.37192]]]},"properties":{"name":"Matacabrones","kind":"settlement","osm":"node/1241478045","lat":40.37281,"lon":-4.78215}},{"type":"Feature","id":"matalacena","geometry":{"type":"Polygon","coordinates":[[[-4.76915,40.39229],[-4.76948,40.39144],[-4.77003,40.39066],[-4.77076,40.38997],[-4.77165,40.38941],[-4.77267,40.38899],[-4.77378,40.38873],[-4.77493,40.38865],[-4.77608,40.38873],[-4.77719,40.38899],[-4.77821,40.38941],[-4.7791,40.38997],[-4.77983,40.39066],[-4.78038,40.39144],[-4.78072,40.39229],[-4.78083,40.39317],[-4.78072,40.39405],[-4.78038,40.3949],[-4.77983,40.39568],[-4.7791,40.39637],[-4.77821,40.39693],[-4.77719,40.39735],[-4.77608,40.3976],[-4.77493,40.39769],[-4.77378,40.3976],[-4.77267,40.39735],[-4.77165,40.39693],[-4.77076,40.39637],[-4.77003,40.39568],[-4.76948,40.3949],[-4.76915,40.39405],[-4.76903,40.39317],[-4.76915,40.39229]]]},"properties":{"name":"Matalaceña","kind":"settlement","osm":"node/1241468906","lat":40.39317,"lon":-4.77493}},{"type":"Feature","id":"morisco","geometry":{"type":"Polygon","coordinates":[[[-4.82747,40.39934],[-4.82781,40.39849],[-4.82835,40.39771],[-4.82909,40.39702],[-4.82998,40.39646],[-4.831,40.39604],[-4.83211,40.39578],[-4.83326,40.3957],[-4.83441,40.39578],[-4.83551,40.39604],[-4.83653,40.39646],[-4.83743,40.39702],[-4.83816,40.39771],[-4.83871,40.39849],[-4.83904,40.39934],[-4.83915,40.40022],[-4.83904,40.4011],[-4.83871,40.40195],[-4.83816,40.40273],[-4.83743,40.40342],[-4.83653,40.40398],[-4.83551,40.4044],[-4.83441,40.40466],[-4.83326,40.40474],[-4.83211,40.40466],[-4.831,40.4044],[-4.82998,40.40398],[-4.82909,40.40342],[-4.82835,40.40273],[-4.82781,40.40195],[-4.82747,40.4011],[-4.82736,40.40022],[-4.82747,40.39934]]]},"properties":{"name":"Morisco","kind":"settlement","osm":"node/349238429","lat":40.40022,"lon":-4.83326}},{"type":"Feature","id":"navahonda","geometry":{"type":"Polygon","coordinates":[[[-4.46256,40.33582],[-4.46289,40.33497],[-4.46344,40.33419],[-4.46417,40.3335],[-4.46507,40.33294],[-4.46608,40.33252],[-4.46719,40.33226],[-4.46834,40.33218],[-4.46949,40.33226],[-4.4706,40.33252],[-4.47162,40.33294],[-4.47251,40.3335],[-4.47325,40.33419],[-4.47379,40.33497],[-4.47413,40.33582],[-4.47424,40.3367],[-4.47413,40.33758],[-4.47379,40.33843],[-4.47325,40.33921],[-4.47251,40.3399],[-4.47162,40.34046],[-4.4706,40.34088],[-4.46949,40.34114],[-4.46834,40.34122],[-4.46719,40.34114],[-4.46608,40.34088],[-4.46507,40.34046],[-4.46417,40.3399],[-4.46344,40.33921],[-4.46289,40.33843],[-4.46256,40.33758],[-4.46244,40.3367],[-4.46256,40.33582]]]},"properties":{"name":"Navahonda","kind":"settlement","osm":"node/309000885","lat":40.3367,"lon":-4.46834}},{"type":"Feature","id":"navahondilla","geometry":{"type":"Polygon","coordinates":[[[-4.48174,40.32374],[-4.48241,40.32204],[-4.4835,40.32048],[-4.48497,40.31911],[-4.48676,40.31798],[-4.4888,40.31715],[-4.49101,40.31663],[-4.49331,40.31646],[-4.49561,40.31663],[-4.49783,40.31715],[-4.49987,40.31798],[-4.50165,40.31911],[-4.50312,40.32048],[-4.50421,40.32204],[-4.50488,40.32374],[-4.50511,40.3255],[-4.50488,40.32727],[-4.50421,40.32896],[-4.50312,40.33053],[-4.50165,40.3319],[-4.49987,40.33302],[-4.49783,40.33386],[-4.49561,40.33437],[-4.49331,40.33455],[-4.49101,40.33437],[-4.4888,40.33386],[-4.48676,40.33302],[-4.48497,40.3319],[-4.4835,40.33053],[-4.48241,40.32896],[-4.48174,40.32727],[-4.48152,40.3255],[-4.48174,40.32374]]]},"properties":{"name":"Navahondilla","kind":"settlement","osm":"node/309001190","lat":40.3255,"lon":-4.49331}},{"type":"Feature","id":"navalmoral-de-la-sierra","geometry":{"type":"Polygon","coordinates":[[[-4.75465,40.45853],[-4.75532,40.45684],[-4.75641,40.45527],[-4.75788,40.4539],[-4.75966,40.45278],[-4.7617,40.45194],[-4.76391,40.45143],[-4.76622,40.45125],[-4.76852,40.45143],[-4.77073,40.45194],[-4.77277,40.45278],[-4.77456,40.4539],[-4.77602,40.45527],[-4.77711,40.45684],[-4.77779,40.45853],[-4.77801,40.4603],[-4.77779,40.46206],[-4.77711,40.46376],[-4.77602,40.46532],[-4.77456,40.46669],[-4.77277,40.46782],[-4.77073,40.46865],[-4.76852,40.46917],[-4.76622,40.46934],[-4.76391,40.46917],[-4.7617,40.46865],[-4.75966,40.46782],[-4.75788,40.46669],[-4.75641,40.46532],[-4.75532,40.46376],[-4.75465,40.46206],[-4.75442,40.4603],[-4.75465,40.45853]]]},"properties":{"name":"Navalmoral de la Sierra","kind":"settlement","osm":"node/349239212","lat":40.4603,"lon":-4.76622}},{"type":"Feature","id":"navaluenga","geometry":{"type":"Polygon","coordinates":[[[-4.69643,40.40837],[-4.6971,40.40668],[-4.69819,40.40511],[-4.69966,40.40374],[-4.70144,40.40262],[-4.70348,40.40178],[-4.7057,40.40127],[-4.708,40.4011],[-4.7103,40.40127],[-4.71251,40.40178],[-4.71455,40.40262],[-4.71634,40.40374],[-4.71781,40.40511],[-4.7189,40.40668],[-4.71957,40.40837],[-4.71979,40.41014],[-4.71957,40.4119],[-4.7189,40.4136],[-4.71781,40.41516],[-4.71634,40.41653],[-4.71455,40.41766],[-4.71251,40.41849],[-4.7103,40.41901],[-4.708,40.41918],[-4.7057,40.41901],[-4.70348,40.41849],[-4.70144,40.41766],[-4.69966,40.41653],[-4.69819,40.41516],[-4.6971,40.4136],[-4.69643,40.4119],[-4.6962,40.41014],[-4.69643,40.40837]]]},"properties":{"name":"Navaluenga","kind":"settlement","osm":"node/64835858","lat":40.41014,"lon":-4.708}},{"type":"Feature","id":"navandrinal","geometry":{"type":"Polygon","coordinates":[[[-4.84394,40.4671],[-4.84427,40.46625],[-4.84482,40.46546],[-4.84555,40.46478],[-4.84644,40.46422],[-4.84746,40.4638],[-4.84857,40.46354],[-4.84972,40.46346],[-4.85087,40.46354],[-4.85198,40.4638],[-4.853,40.46422],[-4.85389,40.46478],[-4.85463,40.46546],[-4.85517,40.46625],[-4.85551,40.4671],[-4.85562,40.46798],[-4.85551,40.46886],[-4.85517,40.46971],[-4.85463,40.47049],[-4.85389,40.47117],[-4.853,40.47174],[-4.85198,40.47216],[-4.85087,40.47241],[-4.84972,40.4725],[-4.84857,40.47241],[-4.84746,40.47216],[-4.84644,40.47174],[-4.84555,40.47117],[-4.84482,40.47049],[-4.84427,40.46971],[-4.84394,40.46886],[-4.84382,40.46798],[-4.84394,40.4671]]]},"properties":{"name":"Navandrinal","kind":"settlement","osm":"node/349239207","lat":40.46798,"lon":-4.84972}},{"type":"Feature","id":"navapalva","geometry":{"type":"Polygon","coordinates":[[[-4.72679,40.41172],[-4.72712,40.41088],[-4.72767,40.41009],[-4.7284,40.40941],[-4.72929,40.40885],[-4.73031,40.40843],[-4.73142,40.40817],[-4.73257,40.40809],[-4.73372,40.40817],[-4.73483,40.40843],[-4.73585,40.40885],[-4.73674,40.40941],[-4.73747,40.41009],[-4.73802,40.41088],[-4.73835,40.41172],[-4.73847,40.41261],[-4.73835,40.41349],[-4.73802,40.41434],[-4.73747,40.41512],[-4.73674,40.4158],[-4.73585,40.41637],[-4.73483,40.41679],[-4.73372,40.41704],[-4.73257,40.41713],[-4.73142,40.41704],[-4.73031,40.41679],[-4.72929,40.41637],[-4.7284,40.4158],[-4.72767,40.41512],[-4.72712,40.41434],[-4.72679,40.41349],[-4.72667,40.41261],[-4.72679,40.41172]]]},"properties":{"name":"Navapalva","kind":"settlement","osm":"node/350338211","lat":40.41261,"lon":-4.73257}},{"type":"Feature","id":"navapark","geometry":{"type":"Polygon","coordinates":[[[-4.46079,40.3253],[-4.46112,40.32445],[-4.46167,40.32367],[-4.4624,40.32298],[-4.4633,40.32242],[-4.46432,40.322],[-4.46542,40.32174],[-4.46657,40.32166],[-4.46772,40.32174],[-4.46883,40.322],[-4.46985,40.32242],[-4.47074,40.32298],[-4.47148,40.32367],[-4.47202,40.32445],[-4.47236,40.3253],[-4.47247,40.32618],[-4.47236,40.32706],[-4.47202,40.32791],[-4.47148,40.32869],[-4.47074,40.32938],[-4.46985,40.32994],[-4.46883,40.33036],[-4.46772,40.33061],[-4.46657,40.3307],[-4.46542,40.33061],[-4.46432,40.33036],[-4.4633,40.32994],[-4.4624,40.32938],[-4.46167,40.32869],[-4.46112,40.32791],[-4.46079,40.32706],[-4.46067,40.32618],[-4.46079,40.3253]]]},"properties":{"name":"Navapark","kind":"settlement","osm":"node/1433079168","lat":40.32618,"lon":-4.46657}},{"type":"Feature","id":"navarredondilla","geometry":{"type":"Polygon","coordinates":[[[-4.81081,40.45191],[-4.81149,40.45022],[-4.81258,40.44865],[-4.81404,40.44728],[-4.81583,40.44616],[-4.81787,40.44532],[-4.82008,40.44481],[-4.82238,40.44463],[-4.82469,40.44481],[-4.8269,40.44532],[-4.82894,40.44616],[-4.83073,40.44728],[-4.83219,40.44865],[-4.83328,40.45022],[-4.83395,40.45191],[-4.83418,40.45368],[-4.83395,40.45544],[-4.83328,40.45714],[-4.83219,40.4587],[-4.83073,40.46007],[-4.82894,40.4612],[-4.8269,40.46203],[-4.82469,40.46255],[-4.82238,40.46272],[-4.82008,40.46255],[-4.81787,40.46203],[-4.81583,40.4612],[-4.81404,40.46007],[-4.81258,40.4587],[-4.81149,40.45714],[-4.81081,40.45544],[-4.81059,40.45368],[-4.81081,40.45191]]]},"properties":{"name":"Navarredondilla","kind":"settlement","osm":"node/349239210","lat":40.45368,"lon":-4.82238}},{"type":"Feature","id":"palancar-de-abajo","geometry":{"type":"Polygon","coordinates":[[[-4.751,40.3808],[-4.75134,40.37995],[-4.75188,40.37917],[-4.75262,40.37849],[-4.75351,40.37792],[-4.75453,40.37751],[-4.75564,40.37725],[-4.75679,40.37716],[-4.75794,40.37725],[-4.75904,40.37751],[-4.76006,40.37792],[-4.76096,40.37849],[-4.76169,40.37917],[-4.76224,40.37995],[-4.76257,40.3808],[-4.76269,40.38168],[-4.76257,40.38257],[-4.76224,40.38341],[-4.76169,40.3842],[-4.76096,40.38488],[-4.76006,40.38544],[-4.75904,40.38586],[-4.75794,40.38612],[-4.75679,40.38621],[-4.75564,40.38612],[-4.75453,40.38586],[-4.75351,40.38544],[-4.75262,40.38488],[-4.75188,40.3842],[-4.75134,40.38341],[-4.751,40.38257],[-4.75089,40.38168],[-4.751,40.3808]]]},"properties":{"name":"Palancar de Abajo","kind":"settlement","osm":"node/1241470147","lat":40.38168,"lon":-4.75679}},{"type":"Feature","id":"palancar-de-arriba","geometry":{"type":"Polygon","coordinates":[[[-4.76579,40.37353],[-4.76612,40.37268],[-4.76667,40.3719],[-4.7674,40.37121],[-4.76829,40.37065],[-4.76931,40.37023],[-4.77042,40.36998],[-4.77157,40.36989],[-4.77272,40.36998],[-4.77383,40.37023],[-4.77485,40.37065],[-4.77574,40.37121],[-4.77647,40.3719],[-4.77702,40.37268],[-4.77735,40.37353],[-4.77747,40.37441],[-4.77735,40.37529],[-4.77702,40.37614],[-4.77647,40.37692],[-4.77574,40.37761],[-4.77485,40.37817],[-4.77383,40.37859],[-4.77272,40.37885],[-4.77157,40.37893],[-4.77042,40.37885],[-4.76931,40.37859],[-4.76829,40.37817],[-4.7674,40.37761],[-4.76667,40.37692],[-4.76612,40.37614],[-4.76579,40.37529],[-4.76567,40.37441],[-4.76579,40.37353]]]},"properties":{"name":"Palancar de Arriba","kind":"settlement","osm":"node/6369689190","lat":40.37441,"lon":-4.77157}},{"type":"Feature","id":"piedralaves","geometry":{"type":"Polygon","coordinates":[[[-4.68705,40.31635],[-4.68772,40.31466],[-4.68881,40.31309],[-4.69028,40.31172],[-4.69207,40.3106],[-4.6941,40.30976],[-4.69632,40.30925],[-4.69862,40.30907],[-4.70092,40.30925],[-4.70313,40.30976],[-4.70517,40.3106],[-4.70696,40.31172],[-4.70843,40.31309],[-4.70952,40.31466],[-4.71019,40.31635],[-4.71041,40.31812],[-4.71019,40.31988],[-4.70952,40.32158],[-4.70843,40.32314],[-4.70696,40.32451],[-4.70517,40.32564],[-4.70313,40.32647],[-4.70092,40.32699],[-4.69862,40.32716],[-4.69632,40.32699],[-4.6941,40.32647],[-4.69207,40.32564],[-4.69028,40.32451],[-4.68881,40.32314],[-4.68772,40.32158],[-4.68705,40.31988],[-4.68682,40.31812],[-4.68705,40.31635]]]},"properties":{"name":"Piedralaves","kind":"settlement","osm":"node/308038573","lat":40.31812,"lon":-4.69862}},{"type":"Feature","id":"pinar-del-concejo","geometry":{"type":"Polygon","coordinates":[[[-4.3996,40.31451],[-4.39994,40.31367],[-4.40048,40.31288],[-4.40122,40.3122],[-4.40211,40.31164],[-4.40313,40.31122],[-4.40424,40.31096],[-4.40539,40.31088],[-4.40654,40.31096],[-4.40765,40.31122],[-4.40866,40.31164],[-4.40956,40.3122],[-4.41029,40.31288],[-4.41084,40.31367],[-4.41117,40.31451],[-4.41129,40.3154],[-4.41117,40.31628],[-4.41084,40.31713],[-4.41029,40.31791],[-4.40956,40.31859],[-4.40866,40.31916],[-4.40765,40.31958],[-4.40654,40.31983],[-4.40539,40.31992],[-4.40424,40.31983],[-4.40313,40.31958],[-4.40211,40.31916],[-4.40122,40.31859],[-4.40048,40.31791],[-4.39994,40.31713],[-4.3996,40.31628],[-4.39949,40.3154],[-4.3996,40.31451]]]},"properties":{"name":"Pinar del Concejo","kind":"settlement","osm":"node/1482409329","lat":40.3154,"lon":-4.40539}},{"type":"Feature","id":"pinar-del-valle","geometry":{"type":"Polygon","coordinates":[[[-4.45161,40.32264],[-4.45194,40.32179],[-4.45249,40.32101],[-4.45322,40.32032],[-4.45411,40.31976],[-4.45513,40.31934],[-4.45624,40.31908],[-4.45739,40.319],[-4.45854,40.31908],[-4.45965,40.31934],[-4.46067,40.31976],[-4.46156,40.32032],[-4.46229,40.32101],[-4.46284,40.32179],[-4.46318,40.32264],[-4.46329,40.32352],[-4.46318,40.3244],[-4.46284,40.32525],[-4.46229,40.32603],[-4.46156,40.32672],[-4.46067,40.32728],[-4.45965,40.3277],[-4.45854,40.32795],[-4.45739,40.32804],[-4.45624,40.32795],[-4.45513,40.3277],[-4.45411,40.32728],[-4.45322,40.32672],[-4.45249,40.32603],[-4.45194,40.32525],[-4.45161,40.3244],[-4.45149,40.32352],[-4.45161,40.32264]]]},"properties":{"name":"Pinar del Valle","kind":"settlement","osm":"node/1433079371","lat":40.32352,"lon":-4.45739}},{"type":"Feature","id":"piquer","geometry":{"type":"Polygon","coordinates":[[[-4.53636,40.42035],[-4.53669,40.4195],[-4.53724,40.41872],[-4.53797,40.41803],[-4.53886,40.41747],[-4.53988,40.41705],[-4.54099,40.41679],[-4.54214,40.41671],[-4.54329,40.41679],[-4.5444,40.41705],[-4.54542,40.41747],[-4.54631,40.41803],[-4.54704,40.41872],[-4.54759,40.4195],[-4.54792,40.42035],[-4.54804,40.42123],[-4.54792,40.42211],[-4.54759,40.42296],[-4.54704,40.42374],[-4.54631,40.42443],[-4.54542,40.42499],[-4.5444,40.42541],[-4.54329,40.42566],[-4.54214,40.42575],[-4.54099,40.42566],[-4.53988,40.42541],[-4.53886,40.42499],[-4.53797,40.42443],[-4.53724,40.42374],[-4.53669,40.42296],[-4.53636,40.42211],[-4.53624,40.42123],[-4.53636,40.42035]]]},"properties":{"name":"Piquer","kind":"settlement","osm":"node/10309283460","lat":40.42123,"lon":-4.54214}},{"type":"Feature","id":"poblado-de-burguillo","geometry":{"type":"Polygon","coordinates":[[[-4.52532,40.42584],[-4.52566,40.42499],[-4.5262,40.42421],[-4.52694,40.42353],[-4.52783,40.42297],[-4.52885,40.42255],[-4.52996,40.42229],[-4.53111,40.4222],[-4.53226,40.42229],[-4.53336,40.42255],[-4.53438,40.42297],[-4.53528,40.42353],[-4.53601,40.42421],[-4.53656,40.42499],[-4.53689,40.42584],[-4.537,40.42673],[-4.53689,40.42761],[-4.53656,40.42846],[-4.53601,40.42924],[-4.53528,40.42992],[-4.53438,40.43049],[-4.53336,40.4309],[-4.53226,40.43116],[-4.53111,40.43125],[-4.52996,40.43116],[-4.52885,40.4309],[-4.52783,40.43049],[-4.52694,40.42992],[-4.5262,40.42924],[-4.52566,40.42846],[-4.52532,40.42761],[-4.52521,40.42673],[-4.52532,40.42584]]]},"properties":{"name":"Poblado de Burguillo","kind":"settlement","osm":"node/349238982","lat":40.42673,"lon":-4.53111}},{"type":"Feature","id":"puente-de-la-gaznata","geometry":{"type":"Polygon","coordinates":[[[-4.56094,40.44283],[-4.56128,40.44198],[-4.56182,40.4412],[-4.56256,40.44052],[-4.56345,40.43995],[-4.56447,40.43953],[-4.56558,40.43928],[-4.56673,40.43919],[-4.56788,40.43928],[-4.56898,40.43953],[-4.57,40.43995],[-4.5709,40.44052],[-4.57163,40.4412],[-4.57218,40.44198],[-4.57251,40.44283],[-4.57262,40.44371],[-4.57251,40.4446],[-4.57218,40.44544],[-4.57163,40.44623],[-4.5709,40.44691],[-4.57,40.44747],[-4.56898,40.44789],[-4.56788,40.44815],[-4.56673,40.44823],[-4.56558,40.44815],[-4.56447,40.44789],[-4.56345,40.44747],[-4.56256,40.44691],[-4.56182,40.44623],[-4.56128,40.44544],[-4.56094,40.4446],[-4.56083,40.44371],[-4.56094,40.44283]]]},"properties":{"name":"Puente de la Gaznata","kind":"settlement","osm":"node/10309283459","lat":40.44371,"lon":-4.56673}},{"type":"Feature","id":"puente-nueva","geometry":{"type":"Polygon","coordinates":[[[-4.76308,40.39746],[-4.76342,40.39661],[-4.76396,40.39583],[-4.7647,40.39515],[-4.76559,40.39458],[-4.76661,40.39417],[-4.76772,40.39391],[-4.76887,40.39382],[-4.77002,40.39391],[-4.77112,40.39417],[-4.77214,40.39458],[-4.77304,40.39515],[-4.77377,40.39583],[-4.77431,40.39661],[-4.77465,40.39746],[-4.77476,40.39834],[-4.77465,40.39923],[-4.77431,40.40007],[-4.77377,40.40086],[-4.77304,40.40154],[-4.77214,40.4021],[-4.77112,40.40252],[-4.77002,40.40278],[-4.76887,40.40287],[-4.76772,40.40278],[-4.76661,40.40252],[-4.76559,40.4021],[-4.7647,40.40154],[-4.76396,40.40086],[-4.76342,40.40007],[-4.76308,40.39923],[-4.76297,40.39834],[-4.76308,40.39746]]]},"properties":{"name":"Puente Nueva","kind":"settlement","osm":"node/1433079483","lat":40.39834,"lon":-4.76887}},{"type":"Feature","id":"puente-nuevo","geometry":{"type":"Polygon","coordinates":[[[-4.43351,40.40918],[-4.43385,40.40834],[-4.4344,40.40755],[-4.43513,40.40687],[-4.43602,40.40631],[-4.43704,40.40589],[-4.43815,40.40563],[-4.4393,40.40554],[-4.44045,40.40563],[-4.44156,40.40589],[-4.44258,40.40631],[-4.44347,40.40687],[-4.4442,40.40755],[-4.44475,40.40834],[-4.44508,40.40918],[-4.4452,40.41007],[-4.44508,40.41095],[-4.44475,40.4118],[-4.4442,40.41258],[-4.44347,40.41326],[-4.44258,40.41383],[-4.44156,40.41424],[-4.44045,40.4145],[-4.4393,40.41459],[-4.43815,40.4145],[-4.43704,40.41424],[-4.43602,40.41383],[-4.43513,40.41326],[-4.4344,40.41258],[-4.43385,40.4118],[-4.43351,40.41095],[-4.4334,40.41007],[-4.43351,40.40918]]]},"properties":{"name":"Puente Nuevo","kind":"settlement","osm":"node/349238983","lat":40.41007,"lon":-4.4393}},{"type":"Feature","id":"roblellano","geometry":{"type":"Polygon","coordinates":[[[-4.82487,40.38921],[-4.8252,40.38836],[-4.82575,40.38758],[-4.82648,40.38689],[-4.82737,40.38633],[-4.82839,40.38591],[-4.8295,40.38566],[-4.83065,40.38557],[-4.8318,40.38566],[-4.83291,40.38591],[-4.83393,40.38633],[-4.83482,40.38689],[-4.83555,40.38758],[-4.8361,40.38836],[-4.83643,40.38921],[-4.83655,40.39009],[-4.83643,40.39097],[-4.8361,40.39182],[-4.83555,40.3926],[-4.83482,40.39329],[-4.83393,40.39385],[-4.83291,40.39427],[-4.8318,40.39453],[-4.83065,40.39461],[-4.8295,40.39453],[-4.82839,40.39427],[-4.82737,40.39385],[-4.82648,40.39329],[-4.82575,40.3926],[-4.8252,40.39182],[-4.82487,40.39097],[-4.82475,40.39009],[-4.82487,40.38921]]]},"properties":{"name":"Roblellano","kind":"settlement","osm":"node/7895243001","lat":40.39009,"lon":-4.83065}},{"type":"Feature","id":"rozas-de-puerto-real","geometry":{"type":"Polygon","coordinates":[[[-4.47964,40.30807],[-4.48031,40.30637],[-4.4814,40.30481],[-4.48287,40.30344],[-4.48466,40.30232],[-4.4867,40.30148],[-4.48891,40.30096],[-4.49121,40.30079],[-4.49351,40.30096],[-4.49573,40.30148],[-4.49776,40.30232],[-4.49955,40.30344],[-4.50102,40.30481],[-4.50211,40.30637],[-4.50278,40.30807],[-4.50301,40.30984],[-4.50278,40.3116],[-4.50211,40.3133],[-4.50102,40.31486],[-4.49955,40.31623],[-4.49776,40.31735],[-4.49573,40.31819],[-4.49351,40.31871],[-4.49121,40.31888],[-4.48891,40.31871],[-4.4867,40.31819],[-4.48466,40.31735],[-4.48287,40.31623],[-4.4814,40.31486],[-4.48031,40.3133],[-4.47964,40.3116],[-4.47942,40.30984],[-4.47964,40.30807]]]},"properties":{"name":"Rozas de Puerto Real","kind":"settlement","osm":"node/308915812","lat":40.30984,"lon":-4.49121}},{"type":"Feature","id":"sacapeal","geometry":{"type":"Polygon","coordinates":[[[-4.78304,40.36601],[-4.78338,40.36516],[-4.78392,40.36438],[-4.78466,40.36369],[-4.78555,40.36313],[-4.78657,40.36271],[-4.78768,40.36246],[-4.78883,40.36237],[-4.78998,40.36246],[-4.79108,40.36271],[-4.7921,40.36313],[-4.793,40.36369],[-4.79373,40.36438],[-4.79428,40.36516],[-4.79461,40.36601],[-4.79473,40.36689],[-4.79461,40.36777],[-4.79428,40.36862],[-4.79373,40.3694],[-4.793,40.37009],[-4.7921,40.37065],[-4.79108,40.37107],[-4.78998,40.37133],[-4.78883,40.37141],[-4.78768,40.37133],[-4.78657,40.37107],[-4.78555,40.37065],[-4.78466,40.37009],[-4.78392,40.3694],[-4.78338,40.36862],[-4.78304,40.36777],[-4.78293,40.36689],[-4.78304,40.36601]]]},"properties":{"name":"Sacapeal","kind":"settlement","osm":"node/5971698646","lat":40.36689,"lon":-4.78883}},{"type":"Feature","id":"san-juan-de-la-nava","geometry":{"type":"Polygon","coordinates":[[[-4.66899,40.47699],[-4.66966,40.47529],[-4.67075,40.47373],[-4.67222,40.47236],[-4.67401,40.47123],[-4.67605,40.47039],[-4.67826,40.46988],[-4.68056,40.46971],[-4.68286,40.46988],[-4.68508,40.47039],[-4.68712,40.47123],[-4.6889,40.47236],[-4.69037,40.47373],[-4.69146,40.47529],[-4.69213,40.47699],[-4.69236,40.47875],[-4.69213,40.48051],[-4.69146,40.48221],[-4.69037,40.48377],[-4.6889,40.48515],[-4.68712,40.48627],[-4.68508,40.48711],[-4.68286,40.48762],[-4.68056,40.48779],[-4.67826,40.48762],[-4.67605,40.48711],[-4.67401,40.48627],[-4.67222,40.48515],[-4.67075,40.48377],[-4.66966,40.48221],[-4.66899,40.48051],[-4.66877,40.47875],[-4.66899,40.47699]]]},"properties":{"name":"San Juan de la Nava","kind":"settlement","osm":"node/349239322","lat":40.47875,"lon":-4.68056}},{"type":"Feature","id":"san-juan-del-molinillo","geometry":{"type":"Polygon","coordinates":[[[-4.80641,40.45693],[-4.80708,40.45524],[-4.80817,40.45367],[-4.80964,40.4523],[-4.81143,40.45118],[-4.81347,40.45034],[-4.81568,40.44983],[-4.81798,40.44965],[-4.82028,40.44983],[-4.82249,40.45034],[-4.82453,40.45118],[-4.82632,40.4523],[-4.82779,40.45367],[-4.82888,40.45524],[-4.82955,40.45693],[-4.82978,40.4587],[-4.82955,40.46046],[-4.82888,40.46216],[-4.82779,40.46372],[-4.82632,40.46509],[-4.82453,40.46622],[-4.82249,40.46705],[-4.82028,40.46757],[-4.81798,40.46774],[-4.81568,40.46757],[-4.81347,40.46705],[-4.81143,40.46622],[-4.80964,40.46509],[-4.80817,40.46372],[-4.80708,40.46216],[-4.80641,40.46046],[-4.80618,40.4587],[-4.80641,40.45693]]]},"properties":{"name":"San Juan del Molinillo","kind":"settlement","osm":"node/349238461","lat":40.4587,"lon":-4.81798}},{"type":"Feature","id":"santa-maria-del-tietar","geometry":{"type":"Polygon","coordinates":[[[-4.54258,40.30249],[-4.54326,40.30079],[-4.54435,40.29923],[-4.54581,40.29786],[-4.5476,40.29673],[-4.54964,40.2959],[-4.55185,40.29538],[-4.55415,40.29521],[-4.55645,40.29538],[-4.55867,40.2959],[-4.56071,40.29673],[-4.56249,40.29786],[-4.56396,40.29923],[-4.56505,40.30079],[-4.56572,40.30249],[-4.56595,40.30425],[-4.56572,40.30602],[-4.56505,40.30771],[-4.56396,40.30928],[-4.56249,40.31065],[-4.56071,40.31177],[-4.55867,40.31261],[-4.55645,40.31312],[-4.55415,40.3133],[-4.55185,40.31312],[-4.54964,40.31261],[-4.5476,40.31177],[-4.54581,40.31065],[-4.54435,40.30928],[-4.54326,40.30771],[-4.54258,40.30602],[-4.54236,40.30425],[-4.54258,40.30249]]]},"properties":{"name":"Santa María del Tiétar","kind":"settlement","osm":"node/349239311","lat":40.30425,"lon":-4.55415}},{"type":"Feature","id":"urbanizacion-calas-de-guisando","geometry":{"type":"Polygon","coordinates":[[[-4.41311,40.41122],[-4.41345,40.41037],[-4.41399,40.40959],[-4.41473,40.4089],[-4.41562,40.40834],[-4.41664,40.40792],[-4.41775,40.40767],[-4.4189,40.40758],[-4.42005,40.40767],[-4.42115,40.40792],[-4.42217,40.40834],[-4.42307,40.4089],[-4.4238,40.40959],[-4.42435,40.41037],[-4.42468,40.41122],[-4.42479,40.4121],[-4.42468,40.41298],[-4.42435,40.41383],[-4.4238,40.41461],[-4.42307,40.4153],[-4.42217,40.41586],[-4.42115,40.41628],[-4.42005,40.41654],[-4.4189,40.41662],[-4.41775,40.41654],[-4.41664,40.41628],[-4.41562,40.41586],[-4.41473,40.4153],[-4.41399,40.41461],[-4.41345,40.41383],[-4.41311,40.41298],[-4.413,40.4121],[-4.41311,40.41122]]]},"properties":{"name":"Urbanización Calas de Guisando","kind":"settlement","osm":"node/349239352","lat":40.4121,"lon":-4.4189}},{"type":"Feature","id":"villanueva-de-avila","geometry":{"type":"Polygon","coordinates":[[[-4.80961,40.37817],[-4.81028,40.37647],[-4.81137,40.3749],[-4.81283,40.37353],[-4.81462,40.37241],[-4.81666,40.37157],[-4.81887,40.37106],[-4.82117,40.37089],[-4.82348,40.37106],[-4.82569,40.37157],[-4.82773,40.37241],[-4.82952,40.37353],[-4.83098,40.3749],[-4.83207,40.37647],[-4.83274,40.37817],[-4.83297,40.37993],[-4.83274,40.38169],[-4.83207,40.38339],[-4.83098,40.38495],[-4.82952,40.38632],[-4.82773,40.38745],[-4.82569,40.38829],[-4.82348,40.3888],[-4.82117,40.38897],[-4.81887,40.3888],[-4.81666,40.38829],[-4.81462,40.38745],[-4.81283,40.38632],[-4.81137,40.38495],[-4.81028,40.38339],[-4.80961,40.38169],[-4.80938,40.37993],[-4.80961,40.37817]]]},"properties":{"name":"Villanueva de Ávila","kind":"settlement","osm":"node/349239214","lat":40.37993,"lon":-4.82117}},{"type":"Feature","id":"villarejo","geometry":{"type":"Polygon","coordinates":[[[-4.81532,40.46525],[-4.81565,40.4644],[-4.8162,40.46362],[-4.81693,40.46293],[-4.81782,40.46237],[-4.81884,40.46195],[-4.81995,40.4617],[-4.8211,40.46161],[-4.82225,40.4617],[-4.82336,40.46195],[-4.82438,40.46237],[-4.82527,40.46293],[-4.82601,40.46362],[-4.82655,40.4644],[-4.82689,40.46525],[-4.827,40.46613],[-4.82689,40.46701],[-4.82655,40.46786],[-4.82601,40.46864],[-4.82527,40.46933],[-4.82438,40.46989],[-4.82336,40.47031],[-4.82225,40.47057],[-4.8211,40.47065],[-4.81995,40.47057],[-4.81884,40.47031],[-4.81782,40.46989],[-4.81693,40.46933],[-4.8162,40.46864],[-4.81565,40.46786],[-4.81532,40.46701],[-4.8152,40.46613],[-4.81532,40.46525]]]},"properties":{"name":"Villarejo","kind":"settlement","osm":"node/349239217","lat":40.46613,"lon":-4.8211}}]}
